--
-- PostgreSQL database dump
--

-- Dumped from database version 9.5.14
-- Dumped by pg_dump version 9.5.14

SET statement_timeout = 0;
SET lock_timeout = 0;
SET client_encoding = 'UTF8';
SET standard_conforming_strings = on;
SELECT pg_catalog.set_config('search_path', '', false);
SET check_function_bodies = false;
SET client_min_messages = warning;
SET row_security = off;

--
-- Name: mochi; Type: SCHEMA; Schema: -; Owner: mochidb_owner
--

CREATE SCHEMA mochi;


ALTER SCHEMA mochi OWNER TO mochidb_owner;

--
-- Name: security; Type: SCHEMA; Schema: -; Owner: security_owner
--

CREATE SCHEMA security;


ALTER SCHEMA security OWNER TO security_owner;

--
-- Name: plpgsql; Type: EXTENSION; Schema: -; Owner: 
--

CREATE EXTENSION IF NOT EXISTS plpgsql WITH SCHEMA pg_catalog;


--
-- Name: EXTENSION plpgsql; Type: COMMENT; Schema: -; Owner: 
--

COMMENT ON EXTENSION plpgsql IS 'PL/pgSQL procedural language';


SET default_tablespace = '';

SET default_with_oids = false;

--
-- Name: customer; Type: TABLE; Schema: mochi; Owner: mochidb_owner
--

CREATE TABLE mochi.customer (
    rle_id bigint NOT NULL,
    cst_id character(10)
);


ALTER TABLE mochi.customer OWNER TO mochidb_owner;

--
-- Name: hibernate_sequence; Type: SEQUENCE; Schema: mochi; Owner: mochidb_owner
--

CREATE SEQUENCE mochi.hibernate_sequence
    START WITH 232
    INCREMENT BY 1
    NO MINVALUE
    NO MAXVALUE
    CACHE 1;


ALTER TABLE mochi.hibernate_sequence OWNER TO mochidb_owner;

--
-- Name: order_line; Type: TABLE; Schema: mochi; Owner: mochidb_owner
--

CREATE TABLE mochi.order_line (
    ord_id bigint NOT NULL,
    prd_id bigint NOT NULL,
    ord_lne_no bigint NOT NULL
);


ALTER TABLE mochi.order_line OWNER TO mochidb_owner;

--
-- Name: orders; Type: TABLE; Schema: mochi; Owner: mochidb_owner
--

CREATE TABLE mochi.orders (
    ord_id bigint NOT NULL,
    pty_id bigint NOT NULL
);


ALTER TABLE mochi.orders OWNER TO mochidb_owner;

--
-- Name: organisation; Type: TABLE; Schema: mochi; Owner: mochidb_owner
--

CREATE TABLE mochi.organisation (
    org_id bigint NOT NULL,
    org_nme character varying(100) NOT NULL,
    org_reg_no character varying(50) NOT NULL
);


ALTER TABLE mochi.organisation OWNER TO mochidb_owner;

--
-- Name: party; Type: TABLE; Schema: mochi; Owner: mochidb_owner
--

CREATE TABLE mochi.party (
    pty_id bigint NOT NULL,
    pty_typ_id bigint NOT NULL
);


ALTER TABLE mochi.party OWNER TO mochidb_owner;

--
-- Name: party_party_id_seq; Type: SEQUENCE; Schema: mochi; Owner: mochidb_owner
--

CREATE SEQUENCE mochi.party_party_id_seq
    START WITH 1
    INCREMENT BY 1
    NO MINVALUE
    NO MAXVALUE
    CACHE 1;


ALTER TABLE mochi.party_party_id_seq OWNER TO mochidb_owner;

--
-- Name: party_pty_id_seq; Type: SEQUENCE; Schema: mochi; Owner: mochidb_owner
--

CREATE SEQUENCE mochi.party_pty_id_seq
    START WITH 1
    INCREMENT BY 1
    NO MINVALUE
    NO MAXVALUE
    CACHE 1;


ALTER TABLE mochi.party_pty_id_seq OWNER TO mochidb_owner;

--
-- Name: party_pty_id_seq; Type: SEQUENCE OWNED BY; Schema: mochi; Owner: mochidb_owner
--

ALTER SEQUENCE mochi.party_pty_id_seq OWNED BY mochi.party.pty_id;


--
-- Name: party_type; Type: TABLE; Schema: mochi; Owner: mochidb_owner
--

CREATE TABLE mochi.party_type (
    pty_typ_id bigint NOT NULL,
    pty_typ_desc character varying NOT NULL
);


ALTER TABLE mochi.party_type OWNER TO mochidb_owner;

--
-- Name: party_type_pty_typ_id_seq; Type: SEQUENCE; Schema: mochi; Owner: mochidb_owner
--

CREATE SEQUENCE mochi.party_type_pty_typ_id_seq
    START WITH 1
    INCREMENT BY 1
    NO MINVALUE
    NO MAXVALUE
    CACHE 1;


ALTER TABLE mochi.party_type_pty_typ_id_seq OWNER TO mochidb_owner;

--
-- Name: party_type_pty_typ_id_seq; Type: SEQUENCE OWNED BY; Schema: mochi; Owner: mochidb_owner
--

ALTER SEQUENCE mochi.party_type_pty_typ_id_seq OWNED BY mochi.party_type.pty_typ_id;


--
-- Name: person; Type: TABLE; Schema: mochi; Owner: mochidb_owner
--

CREATE TABLE mochi.person (
    psn_id bigint NOT NULL,
    psn_gvn_nm_en character varying,
    psn_fml_nm_en character varying,
    psn_nm_cn character varying,
    enb boolean
);


ALTER TABLE mochi.person OWNER TO mochidb_owner;

--
-- Name: person_id_seq; Type: SEQUENCE; Schema: mochi; Owner: mochidb_owner
--

CREATE SEQUENCE mochi.person_id_seq
    START WITH 6
    INCREMENT BY 1
    NO MINVALUE
    NO MAXVALUE
    CACHE 1;


ALTER TABLE mochi.person_id_seq OWNER TO mochidb_owner;

--
-- Name: person_role; Type: TABLE; Schema: mochi; Owner: mochidb_owner
--

CREATE TABLE mochi.person_role (
    person_role_id bigint NOT NULL,
    person_role_desc character varying(100) NOT NULL
);


ALTER TABLE mochi.person_role OWNER TO mochidb_owner;

--
-- Name: point_of_interest; Type: TABLE; Schema: mochi; Owner: mochidb_owner
--

CREATE TABLE mochi.point_of_interest (
    point_of_interest_id bigint NOT NULL,
    lat double precision,
    lng double precision,
    name character varying(255),
    type character varying(255)
);


ALTER TABLE mochi.point_of_interest OWNER TO mochidb_owner;

--
-- Name: product; Type: TABLE; Schema: mochi; Owner: mochidb_owner
--

CREATE TABLE mochi.product (
    prd_id bigint NOT NULL,
    upc_cd character(12),
    prd_crtd_dt date
);


ALTER TABLE mochi.product OWNER TO mochidb_owner;

--
-- Name: product_attr_lcl; Type: TABLE; Schema: mochi; Owner: mochidb_owner
--

CREATE TABLE mochi.product_attr_lcl (
    prd_lcl_id bigint NOT NULL,
    prd_id bigint NOT NULL,
    prd_desc character varying(100),
    prd_img_pth character varying(100),
    prd_rrp numeric,
    prd_cat_desc character varying(100),
    lcl_cd character(3) NOT NULL
);


ALTER TABLE mochi.product_attr_lcl OWNER TO mochidb_owner;

--
-- Name: role; Type: TABLE; Schema: mochi; Owner: mochidb_owner
--

CREATE TABLE mochi.role (
    rle_id bigint NOT NULL,
    rle_typ_id bigint NOT NULL,
    rle_start_dttm date NOT NULL,
    pty_id bigint NOT NULL
);


ALTER TABLE mochi.role OWNER TO mochidb_owner;

--
-- Name: role_type; Type: TABLE; Schema: mochi; Owner: mochidb_owner
--

CREATE TABLE mochi.role_type (
    rle_typ_id bigint NOT NULL,
    rle_typ_desc character varying NOT NULL
);


ALTER TABLE mochi.role_type OWNER TO mochidb_owner;

--
-- Name: role_type_rle_typ_id_seq; Type: SEQUENCE; Schema: mochi; Owner: mochidb_owner
--

CREATE SEQUENCE mochi.role_type_rle_typ_id_seq
    START WITH 1
    INCREMENT BY 1
    NO MINVALUE
    NO MAXVALUE
    CACHE 1;


ALTER TABLE mochi.role_type_rle_typ_id_seq OWNER TO mochidb_owner;

--
-- Name: role_type_rle_typ_id_seq; Type: SEQUENCE OWNED BY; Schema: mochi; Owner: mochidb_owner
--

ALTER SEQUENCE mochi.role_type_rle_typ_id_seq OWNED BY mochi.role_type.rle_typ_id;


--
-- Name: role_type_role_typ_id_seq; Type: SEQUENCE; Schema: mochi; Owner: mochidb_owner
--

CREATE SEQUENCE mochi.role_type_role_typ_id_seq
    START WITH 1
    INCREMENT BY 1
    NO MINVALUE
    NO MAXVALUE
    CACHE 1;


ALTER TABLE mochi.role_type_role_typ_id_seq OWNER TO mochidb_owner;

--
-- Name: spring_session; Type: TABLE; Schema: mochi; Owner: mochidb_owner
--

CREATE TABLE mochi.spring_session (
    session_id character(36) NOT NULL,
    creation_time bigint NOT NULL,
    last_access_time bigint NOT NULL,
    max_inactive_interval integer NOT NULL,
    principal_name character varying(100),
    expiry_time bigint NOT NULL
);


ALTER TABLE mochi.spring_session OWNER TO mochidb_owner;

--
-- Name: spring_session_attributes; Type: TABLE; Schema: mochi; Owner: mochidb_owner
--

CREATE TABLE mochi.spring_session_attributes (
    session_id character(36) NOT NULL,
    attribute_name character varying(200) NOT NULL,
    attribute_bytes bytea
);


ALTER TABLE mochi.spring_session_attributes OWNER TO mochidb_owner;

--
-- Name: thing_id_seq; Type: SEQUENCE; Schema: mochi; Owner: mochidb_owner
--

CREATE SEQUENCE mochi.thing_id_seq
    START WITH 9
    INCREMENT BY 1
    NO MINVALUE
    NO MAXVALUE
    CACHE 1;


ALTER TABLE mochi.thing_id_seq OWNER TO mochidb_owner;

--
-- Name: authority; Type: TABLE; Schema: security; Owner: security_owner
--

CREATE TABLE security.authority (
    id bigint NOT NULL,
    name character varying(255)
);


ALTER TABLE security.authority OWNER TO security_owner;

--
-- Name: authority_id_seq; Type: SEQUENCE; Schema: security; Owner: security_owner
--

CREATE SEQUENCE security.authority_id_seq
    START WITH 1
    INCREMENT BY 1
    NO MINVALUE
    NO MAXVALUE
    CACHE 1;


ALTER TABLE security.authority_id_seq OWNER TO security_owner;

--
-- Name: authority_id_seq; Type: SEQUENCE OWNED BY; Schema: security; Owner: security_owner
--

ALTER SEQUENCE security.authority_id_seq OWNED BY security.authority.id;


--
-- Name: clientdetails; Type: TABLE; Schema: security; Owner: security_owner
--

CREATE TABLE security.clientdetails (
    appid character varying(256) NOT NULL,
    resourceids character varying(256),
    appsecret character varying(256),
    scope character varying(256),
    granttypes character varying(256),
    redirecturl character varying(256),
    authorities character varying(256),
    access_token_validity integer,
    refresh_token_validity integer,
    additionalinformation character varying(4096),
    autoapprovescopes character varying(256)
);


ALTER TABLE security.clientdetails OWNER TO security_owner;

--
-- Name: oauth_access_token; Type: TABLE; Schema: security; Owner: security_owner
--

CREATE TABLE security.oauth_access_token (
    token_id character varying(256),
    token bytea,
    authentication_id character varying(256) NOT NULL,
    user_name character varying(256),
    client_id character varying(256),
    authentication bytea,
    refresh_token character varying(256)
);


ALTER TABLE security.oauth_access_token OWNER TO security_owner;

--
-- Name: oauth_approvals; Type: TABLE; Schema: security; Owner: security_owner
--

CREATE TABLE security.oauth_approvals (
    userid character varying(256),
    clientid character varying(256),
    scope character varying(256),
    status character varying(10),
    expiresat timestamp without time zone,
    lastmodifiedat timestamp without time zone
);


ALTER TABLE security.oauth_approvals OWNER TO security_owner;

--
-- Name: oauth_client_details; Type: TABLE; Schema: security; Owner: security_owner
--

CREATE TABLE security.oauth_client_details (
    client_id character varying(256) NOT NULL,
    resource_ids character varying(256),
    client_secret character varying(256),
    scope character varying(256),
    authorized_grant_types character varying(256),
    web_server_redirect_uri character varying(256),
    authorities character varying(256),
    access_token_validity integer,
    refresh_token_validity integer,
    additional_information character varying(4096),
    autoapprove character varying(256)
);


ALTER TABLE security.oauth_client_details OWNER TO security_owner;

--
-- Name: oauth_client_token; Type: TABLE; Schema: security; Owner: security_owner
--

CREATE TABLE security.oauth_client_token (
    token_id character varying(256),
    token bytea,
    authentication_id character varying(256) NOT NULL,
    user_name character varying(256),
    client_id character varying(256)
);


ALTER TABLE security.oauth_client_token OWNER TO security_owner;

--
-- Name: oauth_code; Type: TABLE; Schema: security; Owner: security_owner
--

CREATE TABLE security.oauth_code (
    code character varying(256),
    authentication bytea
);


ALTER TABLE security.oauth_code OWNER TO security_owner;

--
-- Name: oauth_refresh_token; Type: TABLE; Schema: security; Owner: security_owner
--

CREATE TABLE security.oauth_refresh_token (
    token_id character varying(256),
    token bytea,
    authentication bytea
);


ALTER TABLE security.oauth_refresh_token OWNER TO security_owner;

--
-- Name: user_; Type: TABLE; Schema: security; Owner: security_owner
--

CREATE TABLE security.user_ (
    pty_id bigint NOT NULL,
    account_expired boolean,
    account_locked boolean,
    credentials_expired boolean,
    enabled boolean,
    password character varying(255),
    user_name character varying(255),
    id bigint NOT NULL
);


ALTER TABLE security.user_ OWNER TO security_owner;

--
-- Name: user__id_seq; Type: SEQUENCE; Schema: security; Owner: security_owner
--

CREATE SEQUENCE security.user__id_seq
    START WITH 1
    INCREMENT BY 1
    NO MINVALUE
    NO MAXVALUE
    CACHE 1;


ALTER TABLE security.user__id_seq OWNER TO security_owner;

--
-- Name: user__id_seq; Type: SEQUENCE OWNED BY; Schema: security; Owner: security_owner
--

ALTER SEQUENCE security.user__id_seq OWNED BY security.user_.id;


--
-- Name: users_authorities; Type: TABLE; Schema: security; Owner: security_owner
--

CREATE TABLE security.users_authorities (
    user_id bigint NOT NULL,
    authority_id bigint NOT NULL
);


ALTER TABLE security.users_authorities OWNER TO security_owner;

--
-- Name: pty_id; Type: DEFAULT; Schema: mochi; Owner: mochidb_owner
--

ALTER TABLE ONLY mochi.party ALTER COLUMN pty_id SET DEFAULT nextval('mochi.party_pty_id_seq'::regclass);


--
-- Name: pty_typ_id; Type: DEFAULT; Schema: mochi; Owner: mochidb_owner
--

ALTER TABLE ONLY mochi.party_type ALTER COLUMN pty_typ_id SET DEFAULT nextval('mochi.party_type_pty_typ_id_seq'::regclass);


--
-- Name: rle_typ_id; Type: DEFAULT; Schema: mochi; Owner: mochidb_owner
--

ALTER TABLE ONLY mochi.role_type ALTER COLUMN rle_typ_id SET DEFAULT nextval('mochi.role_type_rle_typ_id_seq'::regclass);


--
-- Name: id; Type: DEFAULT; Schema: security; Owner: security_owner
--

ALTER TABLE ONLY security.authority ALTER COLUMN id SET DEFAULT nextval('security.authority_id_seq'::regclass);


--
-- Name: id; Type: DEFAULT; Schema: security; Owner: security_owner
--

ALTER TABLE ONLY security.user_ ALTER COLUMN id SET DEFAULT nextval('security.user__id_seq'::regclass);


--
-- Data for Name: customer; Type: TABLE DATA; Schema: mochi; Owner: mochidb_owner
--

COPY mochi.customer (rle_id, cst_id) FROM stdin;
1	0123456789
2	9876543210
\.


--
-- Name: hibernate_sequence; Type: SEQUENCE SET; Schema: mochi; Owner: mochidb_owner
--

SELECT pg_catalog.setval('mochi.hibernate_sequence', 664, true);


--
-- Data for Name: order_line; Type: TABLE DATA; Schema: mochi; Owner: mochidb_owner
--

COPY mochi.order_line (ord_id, prd_id, ord_lne_no) FROM stdin;
\.


--
-- Data for Name: orders; Type: TABLE DATA; Schema: mochi; Owner: mochidb_owner
--

COPY mochi.orders (ord_id, pty_id) FROM stdin;
\.


--
-- Data for Name: organisation; Type: TABLE DATA; Schema: mochi; Owner: mochidb_owner
--

COPY mochi.organisation (org_id, org_nme, org_reg_no) FROM stdin;
2	Big Balloons LTD	1234567
\.


--
-- Data for Name: party; Type: TABLE DATA; Schema: mochi; Owner: mochidb_owner
--

COPY mochi.party (pty_id, pty_typ_id) FROM stdin;
663	1
1	1
2	2
568	1
638	1
639	1
640	1
641	1
642	1
\.


--
-- Name: party_party_id_seq; Type: SEQUENCE SET; Schema: mochi; Owner: mochidb_owner
--

SELECT pg_catalog.setval('mochi.party_party_id_seq', 1, false);


--
-- Name: party_pty_id_seq; Type: SEQUENCE SET; Schema: mochi; Owner: mochidb_owner
--

SELECT pg_catalog.setval('mochi.party_pty_id_seq', 1, false);


--
-- Data for Name: party_type; Type: TABLE DATA; Schema: mochi; Owner: mochidb_owner
--

COPY mochi.party_type (pty_typ_id, pty_typ_desc) FROM stdin;
1	Person
2	Organisation
\.


--
-- Name: party_type_pty_typ_id_seq; Type: SEQUENCE SET; Schema: mochi; Owner: mochidb_owner
--

SELECT pg_catalog.setval('mochi.party_type_pty_typ_id_seq', 1, false);


--
-- Data for Name: person; Type: TABLE DATA; Schema: mochi; Owner: mochidb_owner
--

COPY mochi.person (psn_id, psn_gvn_nm_en, psn_fml_nm_en, psn_nm_cn, enb) FROM stdin;
1	Daniel	Mackie	丹尼爾麥基	t
568	Daniel	Mackie	丹尼爾麥基	\N
638	Daniel	Mackie	丹尼爾麥基	\N
639	Daniel	Mackie	丹尼爾麥基	\N
640	Daniel	Mackie	丹尼爾麥基	\N
641	Daniel	Mackie	丹尼爾麥基	\N
642	Daniel	Mackie	丹尼爾麥基	\N
663	Daniel	Mackie	丹尼爾麥基	\N
\.


--
-- Name: person_id_seq; Type: SEQUENCE SET; Schema: mochi; Owner: mochidb_owner
--

SELECT pg_catalog.setval('mochi.person_id_seq', 6, false);


--
-- Data for Name: person_role; Type: TABLE DATA; Schema: mochi; Owner: mochidb_owner
--

COPY mochi.person_role (person_role_id, person_role_desc) FROM stdin;
\.


--
-- Data for Name: point_of_interest; Type: TABLE DATA; Schema: mochi; Owner: mochidb_owner
--

COPY mochi.point_of_interest (point_of_interest_id, lat, lng, name, type) FROM stdin;
\.


--
-- Data for Name: product; Type: TABLE DATA; Schema: mochi; Owner: mochidb_owner
--

COPY mochi.product (prd_id, upc_cd, prd_crtd_dt) FROM stdin;
1	12345678    	2018-10-13
2	23456789    	2018-10-13
\.


--
-- Data for Name: product_attr_lcl; Type: TABLE DATA; Schema: mochi; Owner: mochidb_owner
--

COPY mochi.product_attr_lcl (prd_lcl_id, prd_id, prd_desc, prd_img_pth, prd_rrp, prd_cat_desc, lcl_cd) FROM stdin;
1	1	mango	images/mango.jpg	5.99	fruit	ENG
2	1	芒果	images/mango.jpg	5.99	水果	HKG
3	2	orange	images/orange.jpg	8.99	fruit	ENG
4	2	橙子	images/orange.jpg	8.99	水果	HKG
\.


--
-- Data for Name: role; Type: TABLE DATA; Schema: mochi; Owner: mochidb_owner
--

COPY mochi.role (rle_id, rle_typ_id, rle_start_dttm, pty_id) FROM stdin;
1	1	2018-10-13	1
2	1	2018-10-13	2
\.


--
-- Data for Name: role_type; Type: TABLE DATA; Schema: mochi; Owner: mochidb_owner
--

COPY mochi.role_type (rle_typ_id, rle_typ_desc) FROM stdin;
1	Customer
2	Supplier
\.


--
-- Name: role_type_rle_typ_id_seq; Type: SEQUENCE SET; Schema: mochi; Owner: mochidb_owner
--

SELECT pg_catalog.setval('mochi.role_type_rle_typ_id_seq', 1, false);


--
-- Name: role_type_role_typ_id_seq; Type: SEQUENCE SET; Schema: mochi; Owner: mochidb_owner
--

SELECT pg_catalog.setval('mochi.role_type_role_typ_id_seq', 1, false);


--
-- Data for Name: spring_session; Type: TABLE DATA; Schema: mochi; Owner: mochidb_owner
--

COPY mochi.spring_session (session_id, creation_time, last_access_time, max_inactive_interval, principal_name, expiry_time) FROM stdin;
\.


--
-- Data for Name: spring_session_attributes; Type: TABLE DATA; Schema: mochi; Owner: mochidb_owner
--

COPY mochi.spring_session_attributes (session_id, attribute_name, attribute_bytes) FROM stdin;
\.


--
-- Name: thing_id_seq; Type: SEQUENCE SET; Schema: mochi; Owner: mochidb_owner
--

SELECT pg_catalog.setval('mochi.thing_id_seq', 9, false);


--
-- Data for Name: authority; Type: TABLE DATA; Schema: security; Owner: security_owner
--

COPY security.authority (id, name) FROM stdin;
1	CUSTOMER_CREATE
2	CUSTOMER_READ
3	CUSTOMER_UPDATE
4	CUSTOMER_DELETE
5	PRODUCT_CREATE
6	PRODUCT_READ
7	PRODUCT_UPDATE
8	PRODUCT_DELETE
9	ROLE_PRODUCT_READER
\.


--
-- Name: authority_id_seq; Type: SEQUENCE SET; Schema: security; Owner: security_owner
--

SELECT pg_catalog.setval('security.authority_id_seq', 1, false);


--
-- Data for Name: clientdetails; Type: TABLE DATA; Schema: security; Owner: security_owner
--

COPY security.clientdetails (appid, resourceids, appsecret, scope, granttypes, redirecturl, authorities, access_token_validity, refresh_token_validity, additionalinformation, autoapprovescopes) FROM stdin;
\.


--
-- Data for Name: oauth_access_token; Type: TABLE DATA; Schema: security; Owner: security_owner
--

COPY security.oauth_access_token (token_id, token, authentication_id, user_name, client_id, authentication, refresh_token) FROM stdin;
34e5292149af886b02fa6cff0fc102ce	\\xaced0005737200436f72672e737072696e676672616d65776f726b2e73656375726974792e6f61757468322e636f6d6d6f6e2e44656661756c744f4175746832416363657373546f6b656e0cb29e361b24face0200064c00156164646974696f6e616c496e666f726d6174696f6e74000f4c6a6176612f7574696c2f4d61703b4c000a65787069726174696f6e7400104c6a6176612f7574696c2f446174653b4c000c72656672657368546f6b656e74003f4c6f72672f737072696e676672616d65776f726b2f73656375726974792f6f61757468322f636f6d6d6f6e2f4f417574683252656672657368546f6b656e3b4c000573636f706574000f4c6a6176612f7574696c2f5365743b4c0009746f6b656e547970657400124c6a6176612f6c616e672f537472696e673b4c000576616c756571007e000578707372001e6a6176612e7574696c2e436f6c6c656374696f6e7324456d7074794d6170593614855adce7d002000078707372000e6a6176612e7574696c2e44617465686a81014b5974190300007870770800000166a4cfa2b7787372004c6f72672e737072696e676672616d65776f726b2e73656375726974792e6f61757468322e636f6d6d6f6e2e44656661756c744578706972696e674f417574683252656672657368546f6b656e2fdf47639dd0c9b70200014c000a65787069726174696f6e71007e0002787200446f72672e737072696e676672616d65776f726b2e73656375726974792e6f61757468322e636f6d6d6f6e2e44656661756c744f417574683252656672657368546f6b656e73e10e0a6354d45e0200014c000576616c756571007e0005787074002464663737323035642d636633352d343130312d393864352d3138376238393131346362347371007e00097708000001673ea99f3678737200256a6176612e7574696c2e436f6c6c656374696f6e7324556e6d6f6469666961626c65536574801d92d18f9b80550200007872002c6a6176612e7574696c2e436f6c6c656374696f6e7324556e6d6f6469666961626c65436f6c6c656374696f6e19420080cb5ef71e0200014c0001637400164c6a6176612f7574696c2f436f6c6c656374696f6e3b7870737200176a6176612e7574696c2e4c696e6b656448617368536574d86cd75a95dd2a1e020000787200116a6176612e7574696c2e48617368536574ba44859596b8b7340300007870770c000000103f400000000000027400047265616474000577726974657874000662656172657274002464333139393935332d366131652d343336342d393334302d646162326631303632366238	d557e74143287f87984f133c7409755d	admin	spring-security-oauth2-read-write-client	\\xaced0005737200416f72672e737072696e676672616d65776f726b2e73656375726974792e6f61757468322e70726f76696465722e4f417574683241757468656e7469636174696f6ebd400b02166252130200024c000d73746f7265645265717565737474003c4c6f72672f737072696e676672616d65776f726b2f73656375726974792f6f61757468322f70726f76696465722f4f4175746832526571756573743b4c00127573657241757468656e7469636174696f6e7400324c6f72672f737072696e676672616d65776f726b2f73656375726974792f636f72652f41757468656e7469636174696f6e3b787200476f72672e737072696e676672616d65776f726b2e73656375726974792e61757468656e7469636174696f6e2e416273747261637441757468656e7469636174696f6e546f6b656ed3aa287e6e47640e0200035a000d61757468656e746963617465644c000b617574686f7269746965737400164c6a6176612f7574696c2f436f6c6c656374696f6e3b4c000764657461696c737400124c6a6176612f6c616e672f4f626a6563743b787000737200266a6176612e7574696c2e436f6c6c656374696f6e7324556e6d6f6469666961626c654c697374fc0f2531b5ec8e100200014c00046c6973747400104c6a6176612f7574696c2f4c6973743b7872002c6a6176612e7574696c2e436f6c6c656374696f6e7324556e6d6f6469666961626c65436f6c6c656374696f6e19420080cb5ef71e0200014c00016371007e00047870737200136a6176612e7574696c2e41727261794c6973747881d21d99c7619d03000149000473697a6578700000000977040000000973720032696f2e6a617661627261696e732e737072696e67626f6f74737461727465722e73656375726974792e417574686f726974796993924ba02fc6530200024c000269647400104c6a6176612f6c616e672f4c6f6e673b4c00046e616d657400124c6a6176612f6c616e672f537472696e673b78707372000e6a6176612e6c616e672e4c6f6e673b8be490cc8f23df0200014a000576616c7565787200106a6176612e6c616e672e4e756d62657286ac951d0b94e08b0200007870000000000000000174000f435553544f4d45525f4352454154457371007e000d7371007e0011000000000000000274000d435553544f4d45525f524541447371007e000d7371007e0011000000000000000374000f435553544f4d45525f5550444154457371007e000d7371007e0011000000000000000474000f435553544f4d45525f44454c4554457371007e000d7371007e0011000000000000000574000e50524f445543545f4352454154457371007e000d7371007e0011000000000000000674000c50524f445543545f524541447371007e000d7371007e0011000000000000000774000e50524f445543545f5550444154457371007e000d7371007e0011000000000000000874000e50524f445543545f44454c4554457371007e000d7371007e00110000000000000009740013524f4c455f50524f445543545f5245414445527871007e000c707372003a6f72672e737072696e676672616d65776f726b2e73656375726974792e6f61757468322e70726f76696465722e4f41757468325265717565737400000000000000010200075a0008617070726f7665644c000b617574686f72697469657371007e00044c000a657874656e73696f6e7374000f4c6a6176612f7574696c2f4d61703b4c000b726564697265637455726971007e000f4c00077265667265736874003b4c6f72672f737072696e676672616d65776f726b2f73656375726974792f6f61757468322f70726f76696465722f546f6b656e526571756573743b4c000b7265736f7572636549647374000f4c6a6176612f7574696c2f5365743b4c000d726573706f6e7365547970657371007e0030787200386f72672e737072696e676672616d65776f726b2e73656375726974792e6f61757468322e70726f76696465722e426173655265717565737436287a3ea37169bd0200034c0008636c69656e74496471007e000f4c001172657175657374506172616d657465727371007e002e4c000573636f706571007e00307870740028737072696e672d73656375726974792d6f61757468322d726561642d77726974652d636c69656e74737200256a6176612e7574696c2e436f6c6c656374696f6e7324556e6d6f6469666961626c654d6170f1a5a8fe74f507420200014c00016d71007e002e7870737200116a6176612e7574696c2e486173684d61700507dac1c31660d103000246000a6c6f6164466163746f724900097468726573686f6c6478703f400000000000067708000000080000000374000a6772616e745f7479706574000870617373776f7264740009636c69656e745f6964740028737072696e672d73656375726974792d6f61757468322d726561642d77726974652d636c69656e74740008757365726e616d6574000561646d696e78737200256a6176612e7574696c2e436f6c6c656374696f6e7324556e6d6f6469666961626c65536574801d92d18f9b80550200007871007e0009737200176a6176612e7574696c2e4c696e6b656448617368536574d86cd75a95dd2a1e020000787200116a6176612e7574696c2e48617368536574ba44859596b8b7340300007870770c000000103f4000000000000274000472656164740005777269746578017371007e0041770c000000103f40000000000001737200426f72672e737072696e676672616d65776f726b2e73656375726974792e636f72652e617574686f726974792e53696d706c654772616e746564417574686f7269747900000000000001f40200014c0004726f6c6571007e000f787074000455534552787371007e00363f40000000000000770800000010000000007870707371007e0041770c000000103f400000000000017400187265736f757263652d7365727665722d726573742d617069787371007e0041770c000000103f40000000000000787372004f6f72672e737072696e676672616d65776f726b2e73656375726974792e61757468656e7469636174696f6e2e557365726e616d6550617373776f726441757468656e7469636174696f6e546f6b656e00000000000001f40200024c000b63726564656e7469616c7371007e00054c00097072696e636970616c71007e00057871007e0003017371007e00077371007e000b0000000977040000000971007e001071007e001571007e001871007e001b71007e001e71007e002171007e002471007e002771007e002a7871007e0050737200176a6176612e7574696c2e4c696e6b6564486173684d617034c04e5c106cc0fb0200015a000b6163636573734f726465727871007e00363f400000000000067708000000080000000371007e003871007e003971007e003a71007e003b71007e003c71007e003d7800707372002d696f2e6a617661627261696e732e737072696e67626f6f74737461727465722e73656375726974792e55736572db67e9ecd22024160200095a000e6163636f756e74457870697265645a000d6163636f756e744c6f636b65645a001263726564656e7469616c73457870697265645a0007656e61626c65644c0002496471007e000e4c000b617574686f72697469657371007e00044c000870617373776f726471007e000f4c000975736572506172747974002e4c696f2f6a617661627261696e732f737072696e67626f6f74737461727465722f646f6d61696e2f50617274793b4c0008757365726e616d6571007e000f78700000000171007e00137372002f6f72672e68696265726e6174652e636f6c6c656374696f6e2e696e7465726e616c2e50657273697374656e744261676563fd3f2082000c0200014c000362616771007e00087872003e6f72672e68696265726e6174652e636f6c6c656374696f6e2e696e7465726e616c2e416273747261637450657273697374656e74436f6c6c656374696f6ee9d3dc4da9113ba502000a5a001b616c6c6f774c6f61644f7574736964655472616e73616374696f6e49000a63616368656453697a655a000564697274795a000b696e697469616c697a65645a000d697354656d7053657373696f6e4c00036b65797400164c6a6176612f696f2f53657269616c697a61626c653b4c00056f776e657271007e00054c0004726f6c6571007e000f4c001273657373696f6e466163746f72795575696471007e000f4c000e73746f726564536e617073686f7471007e0058787000ffffffff00010071007e001371007e0055740039696f2e6a617661627261696e732e737072696e67626f6f74737461727465722e73656375726974792e557365722e617574686f726974696573707371007e000b0000000977040000000971007e001071007e001571007e001871007e001b71007e001e71007e002171007e002471007e002771007e002a787371007e000b0000000977040000000971007e001071007e001571007e001871007e001b71007e001e71007e002171007e002471007e002771007e002a7874003c243261243038247176727a515a376a4a376f7932702f6d734c344d302e6c38334364306a4e735836414a55697462675258477a6765346a30333568617372002d696f2e6a617661627261696e732e737072696e67626f6f74737461727465722e646f6d61696e2e506572736f6e275dc007fb1e22180200034c000c46616d696c794e616d65456e71007e000f4c000b476976656e4e616d65456e71007e000f4c00064e616d65436e71007e000f78707400064d61636b696574000644616e69656c74000fe4b8b9e5b0bce788bee9baa5e59fba74000561646d696e	cdc1afc70bac5fe356a573bab73e2202
\.


--
-- Data for Name: oauth_approvals; Type: TABLE DATA; Schema: security; Owner: security_owner
--

COPY security.oauth_approvals (userid, clientid, scope, status, expiresat, lastmodifiedat) FROM stdin;
\.


--
-- Data for Name: oauth_client_details; Type: TABLE DATA; Schema: security; Owner: security_owner
--

COPY security.oauth_client_details (client_id, resource_ids, client_secret, scope, authorized_grant_types, web_server_redirect_uri, authorities, access_token_validity, refresh_token_validity, additional_information, autoapprove) FROM stdin;
spring-security-oauth2-read-client	resource-server-rest-api	$2a$04$WGq2P9egiOYoOFemBRfsiO9qTcyJtNRnPKNBl5tokP7IP.eZn93km	read	password,authorization_code,refresh_token,implicit	\N	USER	10800	2592000	\N	\N
spring-security-oauth2-read-write-client	resource-server-rest-api	$2a$04$soeOR.QFmClXeFIrhJVLWOQxfHjsJLSpWrU1iGxcMGdu.a5hvfY4W	read,write	password,authorization_code,refresh_token,implicit	\N	USER	10800	2592000	\N	\N
\.


--
-- Data for Name: oauth_client_token; Type: TABLE DATA; Schema: security; Owner: security_owner
--

COPY security.oauth_client_token (token_id, token, authentication_id, user_name, client_id) FROM stdin;
\.


--
-- Data for Name: oauth_code; Type: TABLE DATA; Schema: security; Owner: security_owner
--

COPY security.oauth_code (code, authentication) FROM stdin;
\.


--
-- Data for Name: oauth_refresh_token; Type: TABLE DATA; Schema: security; Owner: security_owner
--

COPY security.oauth_refresh_token (token_id, token, authentication) FROM stdin;
98b0c15e8eaa4d20197a7b20025ad7d3	\\xaced00057372004c6f72672e737072696e676672616d65776f726b2e73656375726974792e6f61757468322e636f6d6d6f6e2e44656661756c744578706972696e674f417574683252656672657368546f6b656e2fdf47639dd0c9b70200014c000a65787069726174696f6e7400104c6a6176612f7574696c2f446174653b787200446f72672e737072696e676672616d65776f726b2e73656375726974792e6f61757468322e636f6d6d6f6e2e44656661756c744f417574683252656672657368546f6b656e73e10e0a6354d45e0200014c000576616c75657400124c6a6176612f6c616e672f537472696e673b787074002465663739373032362d643531322d343231392d386632362d3030333939326430333064617372000e6a6176612e7574696c2e44617465686a81014b59741903000078707708000001671f8b6f5578	\\xaced0005737200416f72672e737072696e676672616d65776f726b2e73656375726974792e6f61757468322e70726f76696465722e4f417574683241757468656e7469636174696f6ebd400b02166252130200024c000d73746f7265645265717565737474003c4c6f72672f737072696e676672616d65776f726b2f73656375726974792f6f61757468322f70726f76696465722f4f4175746832526571756573743b4c00127573657241757468656e7469636174696f6e7400324c6f72672f737072696e676672616d65776f726b2f73656375726974792f636f72652f41757468656e7469636174696f6e3b787200476f72672e737072696e676672616d65776f726b2e73656375726974792e61757468656e7469636174696f6e2e416273747261637441757468656e7469636174696f6e546f6b656ed3aa287e6e47640e0200035a000d61757468656e746963617465644c000b617574686f7269746965737400164c6a6176612f7574696c2f436f6c6c656374696f6e3b4c000764657461696c737400124c6a6176612f6c616e672f4f626a6563743b787000737200266a6176612e7574696c2e436f6c6c656374696f6e7324556e6d6f6469666961626c654c697374fc0f2531b5ec8e100200014c00046c6973747400104c6a6176612f7574696c2f4c6973743b7872002c6a6176612e7574696c2e436f6c6c656374696f6e7324556e6d6f6469666961626c65436f6c6c656374696f6e19420080cb5ef71e0200014c00016371007e00047870737200136a6176612e7574696c2e41727261794c6973747881d21d99c7619d03000149000473697a657870000000097704000000097372002e696f2e6a617661627261696e732e737072696e67626f6f74737461727465722e757365722e417574686f726974799655eedc2f1cc8e70200024c000269647400104c6a6176612f6c616e672f4c6f6e673b4c00046e616d657400124c6a6176612f6c616e672f537472696e673b78707372000e6a6176612e6c616e672e4c6f6e673b8be490cc8f23df0200014a000576616c7565787200106a6176612e6c616e672e4e756d62657286ac951d0b94e08b0200007870000000000000000174000e434f4d50414e595f4352454154457371007e000d7371007e0011000000000000000274000c434f4d50414e595f524541447371007e000d7371007e0011000000000000000374000e434f4d50414e595f5550444154457371007e000d7371007e0011000000000000000474000e434f4d50414e595f44454c4554457371007e000d7371007e001100000000000000057400114445504152544d454e545f4352454154457371007e000d7371007e0011000000000000000674000f4445504152544d454e545f524541447371007e000d7371007e001100000000000000077400114445504152544d454e545f5550444154457371007e000d7371007e001100000000000000087400114445504152544d454e545f44454c4554457371007e000d7371007e00110000000000000009740013524f4c455f434f4d50414e595f5245414445527871007e000c707372003a6f72672e737072696e676672616d65776f726b2e73656375726974792e6f61757468322e70726f76696465722e4f41757468325265717565737400000000000000010200075a0008617070726f7665644c000b617574686f72697469657371007e00044c000a657874656e73696f6e7374000f4c6a6176612f7574696c2f4d61703b4c000b726564697265637455726971007e000f4c00077265667265736874003b4c6f72672f737072696e676672616d65776f726b2f73656375726974792f6f61757468322f70726f76696465722f546f6b656e526571756573743b4c000b7265736f7572636549647374000f4c6a6176612f7574696c2f5365743b4c000d726573706f6e7365547970657371007e0030787200386f72672e737072696e676672616d65776f726b2e73656375726974792e6f61757468322e70726f76696465722e426173655265717565737436287a3ea37169bd0200034c0008636c69656e74496471007e000f4c001172657175657374506172616d657465727371007e002e4c000573636f706571007e00307870740028737072696e672d73656375726974792d6f61757468322d726561642d77726974652d636c69656e74737200256a6176612e7574696c2e436f6c6c656374696f6e7324556e6d6f6469666961626c654d6170f1a5a8fe74f507420200014c00016d71007e002e7870737200116a6176612e7574696c2e486173684d61700507dac1c31660d103000246000a6c6f6164466163746f724900097468726573686f6c6478703f400000000000067708000000080000000374000a6772616e745f7479706574000870617373776f7264740009636c69656e745f6964740028737072696e672d73656375726974792d6f61757468322d726561642d77726974652d636c69656e74740008757365726e616d6574000561646d696e78737200256a6176612e7574696c2e436f6c6c656374696f6e7324556e6d6f6469666961626c65536574801d92d18f9b80550200007871007e0009737200176a6176612e7574696c2e4c696e6b656448617368536574d86cd75a95dd2a1e020000787200116a6176612e7574696c2e48617368536574ba44859596b8b7340300007870770c000000103f4000000000000274000472656164740005777269746578017371007e0041770c000000103f40000000000001737200426f72672e737072696e676672616d65776f726b2e73656375726974792e636f72652e617574686f726974792e53696d706c654772616e746564417574686f72697479000000000000019a0200014c0004726f6c6571007e000f787074000455534552787371007e00363f40000000000000770800000010000000007870707371007e0041770c000000103f400000000000017400187265736f757263652d7365727665722d726573742d617069787371007e0041770c000000103f40000000000000787372004f6f72672e737072696e676672616d65776f726b2e73656375726974792e61757468656e7469636174696f6e2e557365726e616d6550617373776f726441757468656e7469636174696f6e546f6b656e000000000000019a0200024c000b63726564656e7469616c7371007e00054c00097072696e636970616c71007e00057871007e0003017371007e00077371007e000b0000000977040000000971007e001071007e001571007e001871007e001b71007e001e71007e002171007e002471007e002771007e002a7871007e0050737200176a6176612e7574696c2e4c696e6b6564486173684d617034c04e5c106cc0fb0200015a000b6163636573734f726465727871007e00363f400000000000067708000000080000000371007e003871007e003971007e003a71007e003b71007e003c71007e003d78007073720029696f2e6a617661627261696e732e737072696e67626f6f74737461727465722e757365722e55736572b50960df68f89e140200085a000e6163636f756e74457870697265645a000d6163636f756e744c6f636b65645a001263726564656e7469616c73457870697265645a0007656e61626c65644c000b617574686f72697469657371007e00044c0002696471007e000e4c000870617373776f726471007e000f4c0008757365726e616d6571007e000f7870000000017372002f6f72672e68696265726e6174652e636f6c6c656374696f6e2e696e7465726e616c2e50657273697374656e74426167464a645c192e1ec40200014c000362616771007e00087872003e6f72672e68696265726e6174652e636f6c6c656374696f6e2e696e7465726e616c2e416273747261637450657273697374656e74436f6c6c656374696f6e627400d05f55733c02000a5a001b616c6c6f774c6f61644f7574736964655472616e73616374696f6e49000a63616368656453697a655a000564697274795a000b696e697469616c697a65645a000d697354656d7053657373696f6e4c00036b65797400164c6a6176612f696f2f53657269616c697a61626c653b4c00056f776e657271007e00054c0004726f6c6571007e000f4c001273657373696f6e466163746f72795575696471007e000f4c000e73746f726564536e617073686f7471007e0057787000ffffffff00010071007e001371007e0054740035696f2e6a617661627261696e732e737072696e67626f6f74737461727465722e757365722e557365722e617574686f726974696573707371007e000b0000000977040000000971007e001071007e001571007e001871007e001b71007e001e71007e002171007e002471007e002771007e002a787371007e000b0000000977040000000971007e001071007e001571007e001871007e001b71007e001e71007e002171007e002471007e002771007e002a7871007e001374003c243261243038247176727a515a376a4a376f7932702f6d734c344d302e6c38334364306a4e735836414a55697462675258477a6765346a303335686174000561646d696e
ffef8e233d582247424b29ec0414df35	\\xaced00057372004c6f72672e737072696e676672616d65776f726b2e73656375726974792e6f61757468322e636f6d6d6f6e2e44656661756c744578706972696e674f417574683252656672657368546f6b656e2fdf47639dd0c9b70200014c000a65787069726174696f6e7400104c6a6176612f7574696c2f446174653b787200446f72672e737072696e676672616d65776f726b2e73656375726974792e6f61757468322e636f6d6d6f6e2e44656661756c744f417574683252656672657368546f6b656e73e10e0a6354d45e0200014c000576616c75657400124c6a6176612f6c616e672f537472696e673b787074002462323739653635392d343763652d346538302d393433662d6336373965303638666265387372000e6a6176612e7574696c2e44617465686a81014b59741903000078707708000001671f8ddb1c78	\\xaced0005737200416f72672e737072696e676672616d65776f726b2e73656375726974792e6f61757468322e70726f76696465722e4f417574683241757468656e7469636174696f6ebd400b02166252130200024c000d73746f7265645265717565737474003c4c6f72672f737072696e676672616d65776f726b2f73656375726974792f6f61757468322f70726f76696465722f4f4175746832526571756573743b4c00127573657241757468656e7469636174696f6e7400324c6f72672f737072696e676672616d65776f726b2f73656375726974792f636f72652f41757468656e7469636174696f6e3b787200476f72672e737072696e676672616d65776f726b2e73656375726974792e61757468656e7469636174696f6e2e416273747261637441757468656e7469636174696f6e546f6b656ed3aa287e6e47640e0200035a000d61757468656e746963617465644c000b617574686f7269746965737400164c6a6176612f7574696c2f436f6c6c656374696f6e3b4c000764657461696c737400124c6a6176612f6c616e672f4f626a6563743b787000737200266a6176612e7574696c2e436f6c6c656374696f6e7324556e6d6f6469666961626c654c697374fc0f2531b5ec8e100200014c00046c6973747400104c6a6176612f7574696c2f4c6973743b7872002c6a6176612e7574696c2e436f6c6c656374696f6e7324556e6d6f6469666961626c65436f6c6c656374696f6e19420080cb5ef71e0200014c00016371007e00047870737200136a6176612e7574696c2e41727261794c6973747881d21d99c7619d03000149000473697a6578700000000977040000000973720032696f2e6a617661627261696e732e737072696e67626f6f74737461727465722e73656375726974792e417574686f726974794952ec0f5e493da00200024c000269647400104c6a6176612f6c616e672f4c6f6e673b4c00046e616d657400124c6a6176612f6c616e672f537472696e673b78707372000e6a6176612e6c616e672e4c6f6e673b8be490cc8f23df0200014a000576616c7565787200106a6176612e6c616e672e4e756d62657286ac951d0b94e08b0200007870000000000000000174000f435553544f4d45525f4352454154457371007e000d7371007e0011000000000000000274000d435553544f4d45525f524541447371007e000d7371007e0011000000000000000374000f435553544f4d45525f5550444154457371007e000d7371007e0011000000000000000474000f435553544f4d45525f44454c4554457371007e000d7371007e0011000000000000000574000e50524f445543545f4352454154457371007e000d7371007e0011000000000000000674000c50524f445543545f524541447371007e000d7371007e0011000000000000000774000e50524f445543545f5550444154457371007e000d7371007e0011000000000000000874000e50524f445543545f44454c4554457371007e000d7371007e00110000000000000009740013524f4c455f50524f445543545f5245414445527871007e000c707372003a6f72672e737072696e676672616d65776f726b2e73656375726974792e6f61757468322e70726f76696465722e4f41757468325265717565737400000000000000010200075a0008617070726f7665644c000b617574686f72697469657371007e00044c000a657874656e73696f6e7374000f4c6a6176612f7574696c2f4d61703b4c000b726564697265637455726971007e000f4c00077265667265736874003b4c6f72672f737072696e676672616d65776f726b2f73656375726974792f6f61757468322f70726f76696465722f546f6b656e526571756573743b4c000b7265736f7572636549647374000f4c6a6176612f7574696c2f5365743b4c000d726573706f6e7365547970657371007e0030787200386f72672e737072696e676672616d65776f726b2e73656375726974792e6f61757468322e70726f76696465722e426173655265717565737436287a3ea37169bd0200034c0008636c69656e74496471007e000f4c001172657175657374506172616d657465727371007e002e4c000573636f706571007e00307870740028737072696e672d73656375726974792d6f61757468322d726561642d77726974652d636c69656e74737200256a6176612e7574696c2e436f6c6c656374696f6e7324556e6d6f6469666961626c654d6170f1a5a8fe74f507420200014c00016d71007e002e7870737200116a6176612e7574696c2e486173684d61700507dac1c31660d103000246000a6c6f6164466163746f724900097468726573686f6c6478703f400000000000067708000000080000000374000a6772616e745f7479706574000870617373776f7264740009636c69656e745f6964740028737072696e672d73656375726974792d6f61757468322d726561642d77726974652d636c69656e74740008757365726e616d6574000561646d696e78737200256a6176612e7574696c2e436f6c6c656374696f6e7324556e6d6f6469666961626c65536574801d92d18f9b80550200007871007e0009737200176a6176612e7574696c2e4c696e6b656448617368536574d86cd75a95dd2a1e020000787200116a6176612e7574696c2e48617368536574ba44859596b8b7340300007870770c000000103f4000000000000274000472656164740005777269746578017371007e0041770c000000103f40000000000001737200426f72672e737072696e676672616d65776f726b2e73656375726974792e636f72652e617574686f726974792e53696d706c654772616e746564417574686f72697479000000000000019a0200014c0004726f6c6571007e000f787074000455534552787371007e00363f40000000000000770800000010000000007870707371007e0041770c000000103f400000000000017400187265736f757263652d7365727665722d726573742d617069787371007e0041770c000000103f40000000000000787372004f6f72672e737072696e676672616d65776f726b2e73656375726974792e61757468656e7469636174696f6e2e557365726e616d6550617373776f726441757468656e7469636174696f6e546f6b656e000000000000019a0200024c000b63726564656e7469616c7371007e00054c00097072696e636970616c71007e00057871007e0003017371007e00077371007e000b0000000977040000000971007e001071007e001571007e001871007e001b71007e001e71007e002171007e002471007e002771007e002a7871007e0050737200176a6176612e7574696c2e4c696e6b6564486173684d617034c04e5c106cc0fb0200015a000b6163636573734f726465727871007e00363f400000000000067708000000080000000371007e003871007e003971007e003a71007e003b71007e003c71007e003d7800707372002d696f2e6a617661627261696e732e737072696e67626f6f74737461727465722e73656375726974792e55736572a579540c8b8e43430200085a000e6163636f756e74457870697265645a000d6163636f756e744c6f636b65645a001263726564656e7469616c73457870697265645a0007656e61626c65644c000b617574686f72697469657371007e00044c0002696471007e000e4c000870617373776f726471007e000f4c0008757365726e616d6571007e000f7870000000017372002f6f72672e68696265726e6174652e636f6c6c656374696f6e2e696e7465726e616c2e50657273697374656e74426167464a645c192e1ec40200014c000362616771007e00087872003e6f72672e68696265726e6174652e636f6c6c656374696f6e2e696e7465726e616c2e416273747261637450657273697374656e74436f6c6c656374696f6e627400d05f55733c02000a5a001b616c6c6f774c6f61644f7574736964655472616e73616374696f6e49000a63616368656453697a655a000564697274795a000b696e697469616c697a65645a000d697354656d7053657373696f6e4c00036b65797400164c6a6176612f696f2f53657269616c697a61626c653b4c00056f776e657271007e00054c0004726f6c6571007e000f4c001273657373696f6e466163746f72795575696471007e000f4c000e73746f726564536e617073686f7471007e0057787000ffffffff00010071007e001371007e0054740039696f2e6a617661627261696e732e737072696e67626f6f74737461727465722e73656375726974792e557365722e617574686f726974696573707371007e000b0000000977040000000971007e001071007e001571007e001871007e001b71007e001e71007e002171007e002471007e002771007e002a787371007e000b0000000977040000000971007e001071007e001571007e001871007e001b71007e001e71007e002171007e002471007e002771007e002a7871007e001374003c243261243038247176727a515a376a4a376f7932702f6d734c344d302e6c38334364306a4e735836414a55697462675258477a6765346a303335686174000561646d696e
6b1aa181f5d152c5b1944349309332e4	\\xaced00057372004c6f72672e737072696e676672616d65776f726b2e73656375726974792e6f61757468322e636f6d6d6f6e2e44656661756c744578706972696e674f417574683252656672657368546f6b656e2fdf47639dd0c9b70200014c000a65787069726174696f6e7400104c6a6176612f7574696c2f446174653b787200446f72672e737072696e676672616d65776f726b2e73656375726974792e6f61757468322e636f6d6d6f6e2e44656661756c744f417574683252656672657368546f6b656e73e10e0a6354d45e0200014c000576616c75657400124c6a6176612f6c616e672f537472696e673b787074002432613033616535342d626161632d343330312d393430652d6630373463386633353961657372000e6a6176612e7574696c2e44617465686a81014b59741903000078707708000001672137e08b78	\\xaced0005737200416f72672e737072696e676672616d65776f726b2e73656375726974792e6f61757468322e70726f76696465722e4f417574683241757468656e7469636174696f6ebd400b02166252130200024c000d73746f7265645265717565737474003c4c6f72672f737072696e676672616d65776f726b2f73656375726974792f6f61757468322f70726f76696465722f4f4175746832526571756573743b4c00127573657241757468656e7469636174696f6e7400324c6f72672f737072696e676672616d65776f726b2f73656375726974792f636f72652f41757468656e7469636174696f6e3b787200476f72672e737072696e676672616d65776f726b2e73656375726974792e61757468656e7469636174696f6e2e416273747261637441757468656e7469636174696f6e546f6b656ed3aa287e6e47640e0200035a000d61757468656e746963617465644c000b617574686f7269746965737400164c6a6176612f7574696c2f436f6c6c656374696f6e3b4c000764657461696c737400124c6a6176612f6c616e672f4f626a6563743b787000737200266a6176612e7574696c2e436f6c6c656374696f6e7324556e6d6f6469666961626c654c697374fc0f2531b5ec8e100200014c00046c6973747400104c6a6176612f7574696c2f4c6973743b7872002c6a6176612e7574696c2e436f6c6c656374696f6e7324556e6d6f6469666961626c65436f6c6c656374696f6e19420080cb5ef71e0200014c00016371007e00047870737200136a6176612e7574696c2e41727261794c6973747881d21d99c7619d03000149000473697a6578700000000977040000000973720032696f2e6a617661627261696e732e737072696e67626f6f74737461727465722e73656375726974792e417574686f726974794952ec0f5e493da00200024c000269647400104c6a6176612f6c616e672f4c6f6e673b4c00046e616d657400124c6a6176612f6c616e672f537472696e673b78707372000e6a6176612e6c616e672e4c6f6e673b8be490cc8f23df0200014a000576616c7565787200106a6176612e6c616e672e4e756d62657286ac951d0b94e08b0200007870000000000000000174000f435553544f4d45525f4352454154457371007e000d7371007e0011000000000000000274000d435553544f4d45525f524541447371007e000d7371007e0011000000000000000374000f435553544f4d45525f5550444154457371007e000d7371007e0011000000000000000474000f435553544f4d45525f44454c4554457371007e000d7371007e0011000000000000000574000e50524f445543545f4352454154457371007e000d7371007e0011000000000000000674000c50524f445543545f524541447371007e000d7371007e0011000000000000000774000e50524f445543545f5550444154457371007e000d7371007e0011000000000000000874000e50524f445543545f44454c4554457371007e000d7371007e00110000000000000009740013524f4c455f50524f445543545f5245414445527871007e000c707372003a6f72672e737072696e676672616d65776f726b2e73656375726974792e6f61757468322e70726f76696465722e4f41757468325265717565737400000000000000010200075a0008617070726f7665644c000b617574686f72697469657371007e00044c000a657874656e73696f6e7374000f4c6a6176612f7574696c2f4d61703b4c000b726564697265637455726971007e000f4c00077265667265736874003b4c6f72672f737072696e676672616d65776f726b2f73656375726974792f6f61757468322f70726f76696465722f546f6b656e526571756573743b4c000b7265736f7572636549647374000f4c6a6176612f7574696c2f5365743b4c000d726573706f6e7365547970657371007e0030787200386f72672e737072696e676672616d65776f726b2e73656375726974792e6f61757468322e70726f76696465722e426173655265717565737436287a3ea37169bd0200034c0008636c69656e74496471007e000f4c001172657175657374506172616d657465727371007e002e4c000573636f706571007e00307870740022737072696e672d73656375726974792d6f61757468322d726561642d636c69656e74737200256a6176612e7574696c2e436f6c6c656374696f6e7324556e6d6f6469666961626c654d6170f1a5a8fe74f507420200014c00016d71007e002e7870737200116a6176612e7574696c2e486173684d61700507dac1c31660d103000246000a6c6f6164466163746f724900097468726573686f6c6478703f400000000000067708000000080000000374000a6772616e745f7479706574000870617373776f7264740009636c69656e745f6964740022737072696e672d73656375726974792d6f61757468322d726561642d636c69656e74740008757365726e616d6574000561646d696e78737200256a6176612e7574696c2e436f6c6c656374696f6e7324556e6d6f6469666961626c65536574801d92d18f9b80550200007871007e0009737200176a6176612e7574696c2e4c696e6b656448617368536574d86cd75a95dd2a1e020000787200116a6176612e7574696c2e48617368536574ba44859596b8b7340300007870770c000000103f400000000000017400047265616478017371007e0041770c000000103f40000000000001737200426f72672e737072696e676672616d65776f726b2e73656375726974792e636f72652e617574686f726974792e53696d706c654772616e746564417574686f72697479000000000000019a0200014c0004726f6c6571007e000f787074000455534552787371007e00363f40000000000000770800000010000000007870707371007e0041770c000000103f400000000000017400187265736f757263652d7365727665722d726573742d617069787371007e0041770c000000103f40000000000000787372004f6f72672e737072696e676672616d65776f726b2e73656375726974792e61757468656e7469636174696f6e2e557365726e616d6550617373776f726441757468656e7469636174696f6e546f6b656e000000000000019a0200024c000b63726564656e7469616c7371007e00054c00097072696e636970616c71007e00057871007e0003017371007e00077371007e000b0000000977040000000971007e001071007e001571007e001871007e001b71007e001e71007e002171007e002471007e002771007e002a7871007e004f737200176a6176612e7574696c2e4c696e6b6564486173684d617034c04e5c106cc0fb0200015a000b6163636573734f726465727871007e00363f400000000000067708000000080000000371007e003871007e003971007e003a71007e003b71007e003c71007e003d7800707372002d696f2e6a617661627261696e732e737072696e67626f6f74737461727465722e73656375726974792e55736572a579540c8b8e43430200085a000e6163636f756e74457870697265645a000d6163636f756e744c6f636b65645a001263726564656e7469616c73457870697265645a0007656e61626c65644c000b617574686f72697469657371007e00044c0002696471007e000e4c000870617373776f726471007e000f4c0008757365726e616d6571007e000f7870000000017372002f6f72672e68696265726e6174652e636f6c6c656374696f6e2e696e7465726e616c2e50657273697374656e74426167464a645c192e1ec40200014c000362616771007e00087872003e6f72672e68696265726e6174652e636f6c6c656374696f6e2e696e7465726e616c2e416273747261637450657273697374656e74436f6c6c656374696f6e627400d05f55733c02000a5a001b616c6c6f774c6f61644f7574736964655472616e73616374696f6e49000a63616368656453697a655a000564697274795a000b696e697469616c697a65645a000d697354656d7053657373696f6e4c00036b65797400164c6a6176612f696f2f53657269616c697a61626c653b4c00056f776e657271007e00054c0004726f6c6571007e000f4c001273657373696f6e466163746f72795575696471007e000f4c000e73746f726564536e617073686f7471007e0056787000ffffffff00010071007e001371007e0053740039696f2e6a617661627261696e732e737072696e67626f6f74737461727465722e73656375726974792e557365722e617574686f726974696573707371007e000b0000000977040000000971007e001071007e001571007e001871007e001b71007e001e71007e002171007e002471007e002771007e002a787371007e000b0000000977040000000971007e001071007e001571007e001871007e001b71007e001e71007e002171007e002471007e002771007e002a7871007e001374003c243261243038247176727a515a376a4a376f7932702f6d734c344d302e6c38334364306a4e735836414a55697462675258477a6765346a303335686174000561646d696e
ec00ff9556d09655eda736e07f6e7a34	\\xaced00057372004c6f72672e737072696e676672616d65776f726b2e73656375726974792e6f61757468322e636f6d6d6f6e2e44656661756c744578706972696e674f417574683252656672657368546f6b656e2fdf47639dd0c9b70200014c000a65787069726174696f6e7400104c6a6176612f7574696c2f446174653b787200446f72672e737072696e676672616d65776f726b2e73656375726974792e6f61757468322e636f6d6d6f6e2e44656661756c744f417574683252656672657368546f6b656e73e10e0a6354d45e0200014c000576616c75657400124c6a6176612f6c616e672f537472696e673b787074002436633466363236372d656365382d343134352d383635382d6239626336323333326666377372000e6a6176612e7574696c2e44617465686a81014b597419030000787077080000016735eda5b578	\\xaced0005737200416f72672e737072696e676672616d65776f726b2e73656375726974792e6f61757468322e70726f76696465722e4f417574683241757468656e7469636174696f6ebd400b02166252130200024c000d73746f7265645265717565737474003c4c6f72672f737072696e676672616d65776f726b2f73656375726974792f6f61757468322f70726f76696465722f4f4175746832526571756573743b4c00127573657241757468656e7469636174696f6e7400324c6f72672f737072696e676672616d65776f726b2f73656375726974792f636f72652f41757468656e7469636174696f6e3b787200476f72672e737072696e676672616d65776f726b2e73656375726974792e61757468656e7469636174696f6e2e416273747261637441757468656e7469636174696f6e546f6b656ed3aa287e6e47640e0200035a000d61757468656e746963617465644c000b617574686f7269746965737400164c6a6176612f7574696c2f436f6c6c656374696f6e3b4c000764657461696c737400124c6a6176612f6c616e672f4f626a6563743b787000737200266a6176612e7574696c2e436f6c6c656374696f6e7324556e6d6f6469666961626c654c697374fc0f2531b5ec8e100200014c00046c6973747400104c6a6176612f7574696c2f4c6973743b7872002c6a6176612e7574696c2e436f6c6c656374696f6e7324556e6d6f6469666961626c65436f6c6c656374696f6e19420080cb5ef71e0200014c00016371007e00047870737200136a6176612e7574696c2e41727261794c6973747881d21d99c7619d03000149000473697a6578700000000977040000000973720032696f2e6a617661627261696e732e737072696e67626f6f74737461727465722e73656375726974792e417574686f726974794952ec0f5e493da00200024c000269647400104c6a6176612f6c616e672f4c6f6e673b4c00046e616d657400124c6a6176612f6c616e672f537472696e673b78707372000e6a6176612e6c616e672e4c6f6e673b8be490cc8f23df0200014a000576616c7565787200106a6176612e6c616e672e4e756d62657286ac951d0b94e08b0200007870000000000000000174000f435553544f4d45525f4352454154457371007e000d7371007e0011000000000000000274000d435553544f4d45525f524541447371007e000d7371007e0011000000000000000374000f435553544f4d45525f5550444154457371007e000d7371007e0011000000000000000474000f435553544f4d45525f44454c4554457371007e000d7371007e0011000000000000000574000e50524f445543545f4352454154457371007e000d7371007e0011000000000000000674000c50524f445543545f524541447371007e000d7371007e0011000000000000000774000e50524f445543545f5550444154457371007e000d7371007e0011000000000000000874000e50524f445543545f44454c4554457371007e000d7371007e00110000000000000009740013524f4c455f50524f445543545f5245414445527871007e000c707372003a6f72672e737072696e676672616d65776f726b2e73656375726974792e6f61757468322e70726f76696465722e4f41757468325265717565737400000000000000010200075a0008617070726f7665644c000b617574686f72697469657371007e00044c000a657874656e73696f6e7374000f4c6a6176612f7574696c2f4d61703b4c000b726564697265637455726971007e000f4c00077265667265736874003b4c6f72672f737072696e676672616d65776f726b2f73656375726974792f6f61757468322f70726f76696465722f546f6b656e526571756573743b4c000b7265736f7572636549647374000f4c6a6176612f7574696c2f5365743b4c000d726573706f6e7365547970657371007e0030787200386f72672e737072696e676672616d65776f726b2e73656375726974792e6f61757468322e70726f76696465722e426173655265717565737436287a3ea37169bd0200034c0008636c69656e74496471007e000f4c001172657175657374506172616d657465727371007e002e4c000573636f706571007e00307870740022737072696e672d73656375726974792d6f61757468322d726561642d636c69656e74737200256a6176612e7574696c2e436f6c6c656374696f6e7324556e6d6f6469666961626c654d6170f1a5a8fe74f507420200014c00016d71007e002e7870737200116a6176612e7574696c2e486173684d61700507dac1c31660d103000246000a6c6f6164466163746f724900097468726573686f6c6478703f400000000000067708000000080000000374000a6772616e745f7479706574000870617373776f7264740009636c69656e745f6964740022737072696e672d73656375726974792d6f61757468322d726561642d636c69656e74740008757365726e616d6574000561646d696e78737200256a6176612e7574696c2e436f6c6c656374696f6e7324556e6d6f6469666961626c65536574801d92d18f9b80550200007871007e0009737200176a6176612e7574696c2e4c696e6b656448617368536574d86cd75a95dd2a1e020000787200116a6176612e7574696c2e48617368536574ba44859596b8b7340300007870770c000000103f400000000000017400047265616478017371007e0041770c000000103f40000000000001737200426f72672e737072696e676672616d65776f726b2e73656375726974792e636f72652e617574686f726974792e53696d706c654772616e746564417574686f72697479000000000000019a0200014c0004726f6c6571007e000f787074000455534552787371007e00363f40000000000000770800000010000000007870707371007e0041770c000000103f400000000000017400187265736f757263652d7365727665722d726573742d617069787371007e0041770c000000103f40000000000000787372004f6f72672e737072696e676672616d65776f726b2e73656375726974792e61757468656e7469636174696f6e2e557365726e616d6550617373776f726441757468656e7469636174696f6e546f6b656e000000000000019a0200024c000b63726564656e7469616c7371007e00054c00097072696e636970616c71007e00057871007e0003017371007e00077371007e000b0000000977040000000971007e001071007e001571007e001871007e001b71007e001e71007e002171007e002471007e002771007e002a7871007e004f737200176a6176612e7574696c2e4c696e6b6564486173684d617034c04e5c106cc0fb0200015a000b6163636573734f726465727871007e00363f400000000000067708000000080000000371007e003871007e003971007e003a71007e003b71007e003c71007e003d7800707372002d696f2e6a617661627261696e732e737072696e67626f6f74737461727465722e73656375726974792e55736572b5a57a1a2f63abe00200095a000e6163636f756e74457870697265645a000d6163636f756e744c6f636b65645a001263726564656e7469616c73457870697265645a0007656e61626c65644c000b617574686f72697469657371007e00044c0002696471007e000e4c000870617373776f726471007e000f4c000975736572506172747974002e4c696f2f6a617661627261696e732f737072696e67626f6f74737461727465722f646f6d61696e2f50617274793b4c0008757365726e616d6571007e000f7870000000017372002f6f72672e68696265726e6174652e636f6c6c656374696f6e2e696e7465726e616c2e50657273697374656e74426167464a645c192e1ec40200014c000362616771007e00087872003e6f72672e68696265726e6174652e636f6c6c656374696f6e2e696e7465726e616c2e416273747261637450657273697374656e74436f6c6c656374696f6e627400d05f55733c02000a5a001b616c6c6f774c6f61644f7574736964655472616e73616374696f6e49000a63616368656453697a655a000564697274795a000b696e697469616c697a65645a000d697354656d7053657373696f6e4c00036b65797400164c6a6176612f696f2f53657269616c697a61626c653b4c00056f776e657271007e00054c0004726f6c6571007e000f4c001273657373696f6e466163746f72795575696471007e000f4c000e73746f726564536e617073686f7471007e0057787000ffffffff00010071007e001371007e0054740039696f2e6a617661627261696e732e737072696e67626f6f74737461727465722e73656375726974792e557365722e617574686f726974696573707371007e000b0000000977040000000971007e001071007e001571007e001871007e001b71007e001e71007e002171007e002471007e002771007e002a787371007e000b0000000977040000000971007e001071007e001571007e001871007e001b71007e001e71007e002171007e002471007e002771007e002a7871007e001374003c243261243038247176727a515a376a4a376f7932702f6d734c344d302e6c38334364306a4e735836414a55697462675258477a6765346a30333568617074000561646d696e
6e3c3846f98e59129e779b1e7188bb1f	\\xaced00057372004c6f72672e737072696e676672616d65776f726b2e73656375726974792e6f61757468322e636f6d6d6f6e2e44656661756c744578706972696e674f417574683252656672657368546f6b656e2fdf47639dd0c9b70200014c000a65787069726174696f6e7400104c6a6176612f7574696c2f446174653b787200446f72672e737072696e676672616d65776f726b2e73656375726974792e6f61757468322e636f6d6d6f6e2e44656661756c744f417574683252656672657368546f6b656e73e10e0a6354d45e0200014c000576616c75657400124c6a6176612f6c616e672f537472696e673b787074002461303364383133392d356165662d346666342d393262632d3664383464306365623661337372000e6a6176612e7574696c2e44617465686a81014b597419030000787077080000016735f1d01378	\\xaced0005737200416f72672e737072696e676672616d65776f726b2e73656375726974792e6f61757468322e70726f76696465722e4f417574683241757468656e7469636174696f6ebd400b02166252130200024c000d73746f7265645265717565737474003c4c6f72672f737072696e676672616d65776f726b2f73656375726974792f6f61757468322f70726f76696465722f4f4175746832526571756573743b4c00127573657241757468656e7469636174696f6e7400324c6f72672f737072696e676672616d65776f726b2f73656375726974792f636f72652f41757468656e7469636174696f6e3b787200476f72672e737072696e676672616d65776f726b2e73656375726974792e61757468656e7469636174696f6e2e416273747261637441757468656e7469636174696f6e546f6b656ed3aa287e6e47640e0200035a000d61757468656e746963617465644c000b617574686f7269746965737400164c6a6176612f7574696c2f436f6c6c656374696f6e3b4c000764657461696c737400124c6a6176612f6c616e672f4f626a6563743b787000737200266a6176612e7574696c2e436f6c6c656374696f6e7324556e6d6f6469666961626c654c697374fc0f2531b5ec8e100200014c00046c6973747400104c6a6176612f7574696c2f4c6973743b7872002c6a6176612e7574696c2e436f6c6c656374696f6e7324556e6d6f6469666961626c65436f6c6c656374696f6e19420080cb5ef71e0200014c00016371007e00047870737200136a6176612e7574696c2e41727261794c6973747881d21d99c7619d03000149000473697a6578700000000977040000000973720032696f2e6a617661627261696e732e737072696e67626f6f74737461727465722e73656375726974792e417574686f726974794952ec0f5e493da00200024c000269647400104c6a6176612f6c616e672f4c6f6e673b4c00046e616d657400124c6a6176612f6c616e672f537472696e673b78707372000e6a6176612e6c616e672e4c6f6e673b8be490cc8f23df0200014a000576616c7565787200106a6176612e6c616e672e4e756d62657286ac951d0b94e08b0200007870000000000000000174000f435553544f4d45525f4352454154457371007e000d7371007e0011000000000000000274000d435553544f4d45525f524541447371007e000d7371007e0011000000000000000374000f435553544f4d45525f5550444154457371007e000d7371007e0011000000000000000474000f435553544f4d45525f44454c4554457371007e000d7371007e0011000000000000000574000e50524f445543545f4352454154457371007e000d7371007e0011000000000000000674000c50524f445543545f524541447371007e000d7371007e0011000000000000000774000e50524f445543545f5550444154457371007e000d7371007e0011000000000000000874000e50524f445543545f44454c4554457371007e000d7371007e00110000000000000009740013524f4c455f50524f445543545f5245414445527871007e000c707372003a6f72672e737072696e676672616d65776f726b2e73656375726974792e6f61757468322e70726f76696465722e4f41757468325265717565737400000000000000010200075a0008617070726f7665644c000b617574686f72697469657371007e00044c000a657874656e73696f6e7374000f4c6a6176612f7574696c2f4d61703b4c000b726564697265637455726971007e000f4c00077265667265736874003b4c6f72672f737072696e676672616d65776f726b2f73656375726974792f6f61757468322f70726f76696465722f546f6b656e526571756573743b4c000b7265736f7572636549647374000f4c6a6176612f7574696c2f5365743b4c000d726573706f6e7365547970657371007e0030787200386f72672e737072696e676672616d65776f726b2e73656375726974792e6f61757468322e70726f76696465722e426173655265717565737436287a3ea37169bd0200034c0008636c69656e74496471007e000f4c001172657175657374506172616d657465727371007e002e4c000573636f706571007e00307870740022737072696e672d73656375726974792d6f61757468322d726561642d636c69656e74737200256a6176612e7574696c2e436f6c6c656374696f6e7324556e6d6f6469666961626c654d6170f1a5a8fe74f507420200014c00016d71007e002e7870737200116a6176612e7574696c2e486173684d61700507dac1c31660d103000246000a6c6f6164466163746f724900097468726573686f6c6478703f400000000000067708000000080000000374000a6772616e745f7479706574000870617373776f7264740009636c69656e745f6964740022737072696e672d73656375726974792d6f61757468322d726561642d636c69656e74740008757365726e616d6574000561646d696e78737200256a6176612e7574696c2e436f6c6c656374696f6e7324556e6d6f6469666961626c65536574801d92d18f9b80550200007871007e0009737200176a6176612e7574696c2e4c696e6b656448617368536574d86cd75a95dd2a1e020000787200116a6176612e7574696c2e48617368536574ba44859596b8b7340300007870770c000000103f400000000000017400047265616478017371007e0041770c000000103f40000000000001737200426f72672e737072696e676672616d65776f726b2e73656375726974792e636f72652e617574686f726974792e53696d706c654772616e746564417574686f72697479000000000000019a0200014c0004726f6c6571007e000f787074000455534552787371007e00363f40000000000000770800000010000000007870707371007e0041770c000000103f400000000000017400187265736f757263652d7365727665722d726573742d617069787371007e0041770c000000103f40000000000000787372004f6f72672e737072696e676672616d65776f726b2e73656375726974792e61757468656e7469636174696f6e2e557365726e616d6550617373776f726441757468656e7469636174696f6e546f6b656e000000000000019a0200024c000b63726564656e7469616c7371007e00054c00097072696e636970616c71007e00057871007e0003017371007e00077371007e000b0000000977040000000971007e001071007e001571007e001871007e001b71007e001e71007e002171007e002471007e002771007e002a7871007e004f737200176a6176612e7574696c2e4c696e6b6564486173684d617034c04e5c106cc0fb0200015a000b6163636573734f726465727871007e00363f400000000000067708000000080000000371007e003871007e003971007e003a71007e003b71007e003c71007e003d7800707372002d696f2e6a617661627261696e732e737072696e67626f6f74737461727465722e73656375726974792e55736572a579540c8b8e43430200085a000e6163636f756e74457870697265645a000d6163636f756e744c6f636b65645a001263726564656e7469616c73457870697265645a0007656e61626c65644c000b617574686f72697469657371007e00044c0002696471007e000e4c000870617373776f726471007e000f4c0008757365726e616d6571007e000f7870000000017372002f6f72672e68696265726e6174652e636f6c6c656374696f6e2e696e7465726e616c2e50657273697374656e74426167464a645c192e1ec40200014c000362616771007e00087872003e6f72672e68696265726e6174652e636f6c6c656374696f6e2e696e7465726e616c2e416273747261637450657273697374656e74436f6c6c656374696f6e627400d05f55733c02000a5a001b616c6c6f774c6f61644f7574736964655472616e73616374696f6e49000a63616368656453697a655a000564697274795a000b696e697469616c697a65645a000d697354656d7053657373696f6e4c00036b65797400164c6a6176612f696f2f53657269616c697a61626c653b4c00056f776e657271007e00054c0004726f6c6571007e000f4c001273657373696f6e466163746f72795575696471007e000f4c000e73746f726564536e617073686f7471007e0056787000ffffffff00010071007e001371007e0053740039696f2e6a617661627261696e732e737072696e67626f6f74737461727465722e73656375726974792e557365722e617574686f726974696573707371007e000b0000000977040000000971007e001071007e001571007e001871007e001b71007e001e71007e002171007e002471007e002771007e002a787371007e000b0000000977040000000971007e001071007e001571007e001871007e001b71007e001e71007e002171007e002471007e002771007e002a7871007e001374003c243261243038247176727a515a376a4a376f7932702f6d734c344d302e6c38334364306a4e735836414a55697462675258477a6765346a303335686174000561646d696e
c51ff8b10e334ff7bebe6109ab68adf4	\\xaced00057372004c6f72672e737072696e676672616d65776f726b2e73656375726974792e6f61757468322e636f6d6d6f6e2e44656661756c744578706972696e674f417574683252656672657368546f6b656e2fdf47639dd0c9b70200014c000a65787069726174696f6e7400104c6a6176612f7574696c2f446174653b787200446f72672e737072696e676672616d65776f726b2e73656375726974792e6f61757468322e636f6d6d6f6e2e44656661756c744f417574683252656672657368546f6b656e73e10e0a6354d45e0200014c000576616c75657400124c6a6176612f6c616e672f537472696e673b787074002462646131623835322d633331662d346466372d613230632d3761313433333331306163667372000e6a6176612e7574696c2e44617465686a81014b597419030000787077080000016735f54f6878	\\xaced0005737200416f72672e737072696e676672616d65776f726b2e73656375726974792e6f61757468322e70726f76696465722e4f417574683241757468656e7469636174696f6ebd400b02166252130200024c000d73746f7265645265717565737474003c4c6f72672f737072696e676672616d65776f726b2f73656375726974792f6f61757468322f70726f76696465722f4f4175746832526571756573743b4c00127573657241757468656e7469636174696f6e7400324c6f72672f737072696e676672616d65776f726b2f73656375726974792f636f72652f41757468656e7469636174696f6e3b787200476f72672e737072696e676672616d65776f726b2e73656375726974792e61757468656e7469636174696f6e2e416273747261637441757468656e7469636174696f6e546f6b656ed3aa287e6e47640e0200035a000d61757468656e746963617465644c000b617574686f7269746965737400164c6a6176612f7574696c2f436f6c6c656374696f6e3b4c000764657461696c737400124c6a6176612f6c616e672f4f626a6563743b787000737200266a6176612e7574696c2e436f6c6c656374696f6e7324556e6d6f6469666961626c654c697374fc0f2531b5ec8e100200014c00046c6973747400104c6a6176612f7574696c2f4c6973743b7872002c6a6176612e7574696c2e436f6c6c656374696f6e7324556e6d6f6469666961626c65436f6c6c656374696f6e19420080cb5ef71e0200014c00016371007e00047870737200136a6176612e7574696c2e41727261794c6973747881d21d99c7619d03000149000473697a6578700000000977040000000973720032696f2e6a617661627261696e732e737072696e67626f6f74737461727465722e73656375726974792e417574686f726974794952ec0f5e493da00200024c000269647400104c6a6176612f6c616e672f4c6f6e673b4c00046e616d657400124c6a6176612f6c616e672f537472696e673b78707372000e6a6176612e6c616e672e4c6f6e673b8be490cc8f23df0200014a000576616c7565787200106a6176612e6c616e672e4e756d62657286ac951d0b94e08b0200007870000000000000000174000f435553544f4d45525f4352454154457371007e000d7371007e0011000000000000000274000d435553544f4d45525f524541447371007e000d7371007e0011000000000000000374000f435553544f4d45525f5550444154457371007e000d7371007e0011000000000000000474000f435553544f4d45525f44454c4554457371007e000d7371007e0011000000000000000574000e50524f445543545f4352454154457371007e000d7371007e0011000000000000000674000c50524f445543545f524541447371007e000d7371007e0011000000000000000774000e50524f445543545f5550444154457371007e000d7371007e0011000000000000000874000e50524f445543545f44454c4554457371007e000d7371007e00110000000000000009740013524f4c455f50524f445543545f5245414445527871007e000c707372003a6f72672e737072696e676672616d65776f726b2e73656375726974792e6f61757468322e70726f76696465722e4f41757468325265717565737400000000000000010200075a0008617070726f7665644c000b617574686f72697469657371007e00044c000a657874656e73696f6e7374000f4c6a6176612f7574696c2f4d61703b4c000b726564697265637455726971007e000f4c00077265667265736874003b4c6f72672f737072696e676672616d65776f726b2f73656375726974792f6f61757468322f70726f76696465722f546f6b656e526571756573743b4c000b7265736f7572636549647374000f4c6a6176612f7574696c2f5365743b4c000d726573706f6e7365547970657371007e0030787200386f72672e737072696e676672616d65776f726b2e73656375726974792e6f61757468322e70726f76696465722e426173655265717565737436287a3ea37169bd0200034c0008636c69656e74496471007e000f4c001172657175657374506172616d657465727371007e002e4c000573636f706571007e00307870740022737072696e672d73656375726974792d6f61757468322d726561642d636c69656e74737200256a6176612e7574696c2e436f6c6c656374696f6e7324556e6d6f6469666961626c654d6170f1a5a8fe74f507420200014c00016d71007e002e7870737200116a6176612e7574696c2e486173684d61700507dac1c31660d103000246000a6c6f6164466163746f724900097468726573686f6c6478703f400000000000067708000000080000000374000a6772616e745f7479706574000870617373776f7264740009636c69656e745f6964740022737072696e672d73656375726974792d6f61757468322d726561642d636c69656e74740008757365726e616d6574000561646d696e78737200256a6176612e7574696c2e436f6c6c656374696f6e7324556e6d6f6469666961626c65536574801d92d18f9b80550200007871007e0009737200176a6176612e7574696c2e4c696e6b656448617368536574d86cd75a95dd2a1e020000787200116a6176612e7574696c2e48617368536574ba44859596b8b7340300007870770c000000103f400000000000017400047265616478017371007e0041770c000000103f40000000000001737200426f72672e737072696e676672616d65776f726b2e73656375726974792e636f72652e617574686f726974792e53696d706c654772616e746564417574686f72697479000000000000019a0200014c0004726f6c6571007e000f787074000455534552787371007e00363f40000000000000770800000010000000007870707371007e0041770c000000103f400000000000017400187265736f757263652d7365727665722d726573742d617069787371007e0041770c000000103f40000000000000787372004f6f72672e737072696e676672616d65776f726b2e73656375726974792e61757468656e7469636174696f6e2e557365726e616d6550617373776f726441757468656e7469636174696f6e546f6b656e000000000000019a0200024c000b63726564656e7469616c7371007e00054c00097072696e636970616c71007e00057871007e0003017371007e00077371007e000b0000000977040000000971007e001071007e001571007e001871007e001b71007e001e71007e002171007e002471007e002771007e002a7871007e004f737200176a6176612e7574696c2e4c696e6b6564486173684d617034c04e5c106cc0fb0200015a000b6163636573734f726465727871007e00363f400000000000067708000000080000000371007e003871007e003971007e003a71007e003b71007e003c71007e003d7800707372002d696f2e6a617661627261696e732e737072696e67626f6f74737461727465722e73656375726974792e55736572b5a57a1a2f63abe00200095a000e6163636f756e74457870697265645a000d6163636f756e744c6f636b65645a001263726564656e7469616c73457870697265645a0007656e61626c65644c000b617574686f72697469657371007e00044c0002696471007e000e4c000870617373776f726471007e000f4c000975736572506172747974002e4c696f2f6a617661627261696e732f737072696e67626f6f74737461727465722f646f6d61696e2f50617274793b4c0008757365726e616d6571007e000f7870000000017372002f6f72672e68696265726e6174652e636f6c6c656374696f6e2e696e7465726e616c2e50657273697374656e74426167464a645c192e1ec40200014c000362616771007e00087872003e6f72672e68696265726e6174652e636f6c6c656374696f6e2e696e7465726e616c2e416273747261637450657273697374656e74436f6c6c656374696f6e627400d05f55733c02000a5a001b616c6c6f774c6f61644f7574736964655472616e73616374696f6e49000a63616368656453697a655a000564697274795a000b696e697469616c697a65645a000d697354656d7053657373696f6e4c00036b65797400164c6a6176612f696f2f53657269616c697a61626c653b4c00056f776e657271007e00054c0004726f6c6571007e000f4c001273657373696f6e466163746f72795575696471007e000f4c000e73746f726564536e617073686f7471007e0057787000ffffffff00010071007e001371007e0054740039696f2e6a617661627261696e732e737072696e67626f6f74737461727465722e73656375726974792e557365722e617574686f726974696573707371007e000b0000000977040000000971007e001071007e001571007e001871007e001b71007e001e71007e002171007e002471007e002771007e002a787371007e000b0000000977040000000971007e001071007e001571007e001871007e001b71007e001e71007e002171007e002471007e002771007e002a7871007e001374003c243261243038247176727a515a376a4a376f7932702f6d734c344d302e6c38334364306a4e735836414a55697462675258477a6765346a30333568617074000561646d696e
bf863770e5682168b28d8a5513ba164b	\\xaced00057372004c6f72672e737072696e676672616d65776f726b2e73656375726974792e6f61757468322e636f6d6d6f6e2e44656661756c744578706972696e674f417574683252656672657368546f6b656e2fdf47639dd0c9b70200014c000a65787069726174696f6e7400104c6a6176612f7574696c2f446174653b787200446f72672e737072696e676672616d65776f726b2e73656375726974792e6f61757468322e636f6d6d6f6e2e44656661756c744f417574683252656672657368546f6b656e73e10e0a6354d45e0200014c000576616c75657400124c6a6176612f6c616e672f537472696e673b787074002465636530333165392d376432622d346534342d613931612d3765333032376437313861627372000e6a6176612e7574696c2e44617465686a81014b59741903000078707708000001673616954478	\\xaced0005737200416f72672e737072696e676672616d65776f726b2e73656375726974792e6f61757468322e70726f76696465722e4f417574683241757468656e7469636174696f6ebd400b02166252130200024c000d73746f7265645265717565737474003c4c6f72672f737072696e676672616d65776f726b2f73656375726974792f6f61757468322f70726f76696465722f4f4175746832526571756573743b4c00127573657241757468656e7469636174696f6e7400324c6f72672f737072696e676672616d65776f726b2f73656375726974792f636f72652f41757468656e7469636174696f6e3b787200476f72672e737072696e676672616d65776f726b2e73656375726974792e61757468656e7469636174696f6e2e416273747261637441757468656e7469636174696f6e546f6b656ed3aa287e6e47640e0200035a000d61757468656e746963617465644c000b617574686f7269746965737400164c6a6176612f7574696c2f436f6c6c656374696f6e3b4c000764657461696c737400124c6a6176612f6c616e672f4f626a6563743b787000737200266a6176612e7574696c2e436f6c6c656374696f6e7324556e6d6f6469666961626c654c697374fc0f2531b5ec8e100200014c00046c6973747400104c6a6176612f7574696c2f4c6973743b7872002c6a6176612e7574696c2e436f6c6c656374696f6e7324556e6d6f6469666961626c65436f6c6c656374696f6e19420080cb5ef71e0200014c00016371007e00047870737200136a6176612e7574696c2e41727261794c6973747881d21d99c7619d03000149000473697a6578700000000977040000000973720032696f2e6a617661627261696e732e737072696e67626f6f74737461727465722e73656375726974792e417574686f726974794952ec0f5e493da00200024c000269647400104c6a6176612f6c616e672f4c6f6e673b4c00046e616d657400124c6a6176612f6c616e672f537472696e673b78707372000e6a6176612e6c616e672e4c6f6e673b8be490cc8f23df0200014a000576616c7565787200106a6176612e6c616e672e4e756d62657286ac951d0b94e08b0200007870000000000000000174000f435553544f4d45525f4352454154457371007e000d7371007e0011000000000000000274000d435553544f4d45525f524541447371007e000d7371007e0011000000000000000374000f435553544f4d45525f5550444154457371007e000d7371007e0011000000000000000474000f435553544f4d45525f44454c4554457371007e000d7371007e0011000000000000000574000e50524f445543545f4352454154457371007e000d7371007e0011000000000000000674000c50524f445543545f524541447371007e000d7371007e0011000000000000000774000e50524f445543545f5550444154457371007e000d7371007e0011000000000000000874000e50524f445543545f44454c4554457371007e000d7371007e00110000000000000009740013524f4c455f50524f445543545f5245414445527871007e000c707372003a6f72672e737072696e676672616d65776f726b2e73656375726974792e6f61757468322e70726f76696465722e4f41757468325265717565737400000000000000010200075a0008617070726f7665644c000b617574686f72697469657371007e00044c000a657874656e73696f6e7374000f4c6a6176612f7574696c2f4d61703b4c000b726564697265637455726971007e000f4c00077265667265736874003b4c6f72672f737072696e676672616d65776f726b2f73656375726974792f6f61757468322f70726f76696465722f546f6b656e526571756573743b4c000b7265736f7572636549647374000f4c6a6176612f7574696c2f5365743b4c000d726573706f6e7365547970657371007e0030787200386f72672e737072696e676672616d65776f726b2e73656375726974792e6f61757468322e70726f76696465722e426173655265717565737436287a3ea37169bd0200034c0008636c69656e74496471007e000f4c001172657175657374506172616d657465727371007e002e4c000573636f706571007e00307870740022737072696e672d73656375726974792d6f61757468322d726561642d636c69656e74737200256a6176612e7574696c2e436f6c6c656374696f6e7324556e6d6f6469666961626c654d6170f1a5a8fe74f507420200014c00016d71007e002e7870737200116a6176612e7574696c2e486173684d61700507dac1c31660d103000246000a6c6f6164466163746f724900097468726573686f6c6478703f400000000000067708000000080000000374000a6772616e745f7479706574000870617373776f7264740009636c69656e745f6964740022737072696e672d73656375726974792d6f61757468322d726561642d636c69656e74740008757365726e616d6574000561646d696e78737200256a6176612e7574696c2e436f6c6c656374696f6e7324556e6d6f6469666961626c65536574801d92d18f9b80550200007871007e0009737200176a6176612e7574696c2e4c696e6b656448617368536574d86cd75a95dd2a1e020000787200116a6176612e7574696c2e48617368536574ba44859596b8b7340300007870770c000000103f400000000000017400047265616478017371007e0041770c000000103f40000000000001737200426f72672e737072696e676672616d65776f726b2e73656375726974792e636f72652e617574686f726974792e53696d706c654772616e746564417574686f72697479000000000000019a0200014c0004726f6c6571007e000f787074000455534552787371007e00363f40000000000000770800000010000000007870707371007e0041770c000000103f400000000000017400187265736f757263652d7365727665722d726573742d617069787371007e0041770c000000103f40000000000000787372004f6f72672e737072696e676672616d65776f726b2e73656375726974792e61757468656e7469636174696f6e2e557365726e616d6550617373776f726441757468656e7469636174696f6e546f6b656e000000000000019a0200024c000b63726564656e7469616c7371007e00054c00097072696e636970616c71007e00057871007e0003017371007e00077371007e000b0000000977040000000971007e001071007e001571007e001871007e001b71007e001e71007e002171007e002471007e002771007e002a7871007e004f737200176a6176612e7574696c2e4c696e6b6564486173684d617034c04e5c106cc0fb0200015a000b6163636573734f726465727871007e00363f400000000000067708000000080000000371007e003871007e003971007e003a71007e003b71007e003c71007e003d7800707372002d696f2e6a617661627261696e732e737072696e67626f6f74737461727465722e73656375726974792e55736572b5a57a1a2f63abe00200095a000e6163636f756e74457870697265645a000d6163636f756e744c6f636b65645a001263726564656e7469616c73457870697265645a0007656e61626c65644c000b617574686f72697469657371007e00044c0002696471007e000e4c000870617373776f726471007e000f4c000975736572506172747974002e4c696f2f6a617661627261696e732f737072696e67626f6f74737461727465722f646f6d61696e2f50617274793b4c0008757365726e616d6571007e000f7870000000017372002f6f72672e68696265726e6174652e636f6c6c656374696f6e2e696e7465726e616c2e50657273697374656e74426167464a645c192e1ec40200014c000362616771007e00087872003e6f72672e68696265726e6174652e636f6c6c656374696f6e2e696e7465726e616c2e416273747261637450657273697374656e74436f6c6c656374696f6e627400d05f55733c02000a5a001b616c6c6f774c6f61644f7574736964655472616e73616374696f6e49000a63616368656453697a655a000564697274795a000b696e697469616c697a65645a000d697354656d7053657373696f6e4c00036b65797400164c6a6176612f696f2f53657269616c697a61626c653b4c00056f776e657271007e00054c0004726f6c6571007e000f4c001273657373696f6e466163746f72795575696471007e000f4c000e73746f726564536e617073686f7471007e0057787000ffffffff00010071007e001371007e0054740039696f2e6a617661627261696e732e737072696e67626f6f74737461727465722e73656375726974792e557365722e617574686f726974696573707371007e000b0000000977040000000971007e001071007e001571007e001871007e001b71007e001e71007e002171007e002471007e002771007e002a787371007e000b0000000977040000000971007e001071007e001571007e001871007e001b71007e001e71007e002171007e002471007e002771007e002a7871007e001374003c243261243038247176727a515a376a4a376f7932702f6d734c344d302e6c38334364306a4e735836414a55697462675258477a6765346a30333568617372002d696f2e6a617661627261696e732e737072696e67626f6f74737461727465722e646f6d61696e2e506572736f6e275dc007fb1e22180200034c000c46616d696c794e616d65456e71007e000f4c000b476976656e4e616d65456e71007e000f4c00064e616d65436e71007e000f78707400064d61636b696574000644616e69656c74000fe4b8b9e5b0bce788bee9baa5e59fba74000561646d696e
62797628f38739f2803e551557355a05	\\xaced00057372004c6f72672e737072696e676672616d65776f726b2e73656375726974792e6f61757468322e636f6d6d6f6e2e44656661756c744578706972696e674f417574683252656672657368546f6b656e2fdf47639dd0c9b70200014c000a65787069726174696f6e7400104c6a6176612f7574696c2f446174653b787200446f72672e737072696e676672616d65776f726b2e73656375726974792e6f61757468322e636f6d6d6f6e2e44656661756c744f417574683252656672657368546f6b656e73e10e0a6354d45e0200014c000576616c75657400124c6a6176612f6c616e672f537472696e673b787074002463646634636463652d656537302d343633302d383837362d6163353762326663666633307372000e6a6176612e7574696c2e44617465686a81014b59741903000078707708000001673624bc4478	\\xaced0005737200416f72672e737072696e676672616d65776f726b2e73656375726974792e6f61757468322e70726f76696465722e4f417574683241757468656e7469636174696f6ebd400b02166252130200024c000d73746f7265645265717565737474003c4c6f72672f737072696e676672616d65776f726b2f73656375726974792f6f61757468322f70726f76696465722f4f4175746832526571756573743b4c00127573657241757468656e7469636174696f6e7400324c6f72672f737072696e676672616d65776f726b2f73656375726974792f636f72652f41757468656e7469636174696f6e3b787200476f72672e737072696e676672616d65776f726b2e73656375726974792e61757468656e7469636174696f6e2e416273747261637441757468656e7469636174696f6e546f6b656ed3aa287e6e47640e0200035a000d61757468656e746963617465644c000b617574686f7269746965737400164c6a6176612f7574696c2f436f6c6c656374696f6e3b4c000764657461696c737400124c6a6176612f6c616e672f4f626a6563743b787000737200266a6176612e7574696c2e436f6c6c656374696f6e7324556e6d6f6469666961626c654c697374fc0f2531b5ec8e100200014c00046c6973747400104c6a6176612f7574696c2f4c6973743b7872002c6a6176612e7574696c2e436f6c6c656374696f6e7324556e6d6f6469666961626c65436f6c6c656374696f6e19420080cb5ef71e0200014c00016371007e00047870737200136a6176612e7574696c2e41727261794c6973747881d21d99c7619d03000149000473697a6578700000000977040000000973720032696f2e6a617661627261696e732e737072696e67626f6f74737461727465722e73656375726974792e417574686f726974794952ec0f5e493da00200024c000269647400104c6a6176612f6c616e672f4c6f6e673b4c00046e616d657400124c6a6176612f6c616e672f537472696e673b78707372000e6a6176612e6c616e672e4c6f6e673b8be490cc8f23df0200014a000576616c7565787200106a6176612e6c616e672e4e756d62657286ac951d0b94e08b0200007870000000000000000174000f435553544f4d45525f4352454154457371007e000d7371007e0011000000000000000274000d435553544f4d45525f524541447371007e000d7371007e0011000000000000000374000f435553544f4d45525f5550444154457371007e000d7371007e0011000000000000000474000f435553544f4d45525f44454c4554457371007e000d7371007e0011000000000000000574000e50524f445543545f4352454154457371007e000d7371007e0011000000000000000674000c50524f445543545f524541447371007e000d7371007e0011000000000000000774000e50524f445543545f5550444154457371007e000d7371007e0011000000000000000874000e50524f445543545f44454c4554457371007e000d7371007e00110000000000000009740013524f4c455f50524f445543545f5245414445527871007e000c707372003a6f72672e737072696e676672616d65776f726b2e73656375726974792e6f61757468322e70726f76696465722e4f41757468325265717565737400000000000000010200075a0008617070726f7665644c000b617574686f72697469657371007e00044c000a657874656e73696f6e7374000f4c6a6176612f7574696c2f4d61703b4c000b726564697265637455726971007e000f4c00077265667265736874003b4c6f72672f737072696e676672616d65776f726b2f73656375726974792f6f61757468322f70726f76696465722f546f6b656e526571756573743b4c000b7265736f7572636549647374000f4c6a6176612f7574696c2f5365743b4c000d726573706f6e7365547970657371007e0030787200386f72672e737072696e676672616d65776f726b2e73656375726974792e6f61757468322e70726f76696465722e426173655265717565737436287a3ea37169bd0200034c0008636c69656e74496471007e000f4c001172657175657374506172616d657465727371007e002e4c000573636f706571007e00307870740022737072696e672d73656375726974792d6f61757468322d726561642d636c69656e74737200256a6176612e7574696c2e436f6c6c656374696f6e7324556e6d6f6469666961626c654d6170f1a5a8fe74f507420200014c00016d71007e002e7870737200116a6176612e7574696c2e486173684d61700507dac1c31660d103000246000a6c6f6164466163746f724900097468726573686f6c6478703f400000000000067708000000080000000374000a6772616e745f7479706574000870617373776f7264740009636c69656e745f6964740022737072696e672d73656375726974792d6f61757468322d726561642d636c69656e74740008757365726e616d6574000561646d696e78737200256a6176612e7574696c2e436f6c6c656374696f6e7324556e6d6f6469666961626c65536574801d92d18f9b80550200007871007e0009737200176a6176612e7574696c2e4c696e6b656448617368536574d86cd75a95dd2a1e020000787200116a6176612e7574696c2e48617368536574ba44859596b8b7340300007870770c000000103f400000000000017400047265616478017371007e0041770c000000103f40000000000001737200426f72672e737072696e676672616d65776f726b2e73656375726974792e636f72652e617574686f726974792e53696d706c654772616e746564417574686f72697479000000000000019a0200014c0004726f6c6571007e000f787074000455534552787371007e00363f40000000000000770800000010000000007870707371007e0041770c000000103f400000000000017400187265736f757263652d7365727665722d726573742d617069787371007e0041770c000000103f40000000000000787372004f6f72672e737072696e676672616d65776f726b2e73656375726974792e61757468656e7469636174696f6e2e557365726e616d6550617373776f726441757468656e7469636174696f6e546f6b656e000000000000019a0200024c000b63726564656e7469616c7371007e00054c00097072696e636970616c71007e00057871007e0003017371007e00077371007e000b0000000977040000000971007e001071007e001571007e001871007e001b71007e001e71007e002171007e002471007e002771007e002a7871007e004f737200176a6176612e7574696c2e4c696e6b6564486173684d617034c04e5c106cc0fb0200015a000b6163636573734f726465727871007e00363f400000000000067708000000080000000371007e003871007e003971007e003a71007e003b71007e003c71007e003d7800707372002d696f2e6a617661627261696e732e737072696e67626f6f74737461727465722e73656375726974792e55736572a579540c8b8e43430200085a000e6163636f756e74457870697265645a000d6163636f756e744c6f636b65645a001263726564656e7469616c73457870697265645a0007656e61626c65644c000b617574686f72697469657371007e00044c0002696471007e000e4c000870617373776f726471007e000f4c0008757365726e616d6571007e000f7870000000017372002f6f72672e68696265726e6174652e636f6c6c656374696f6e2e696e7465726e616c2e50657273697374656e74426167464a645c192e1ec40200014c000362616771007e00087872003e6f72672e68696265726e6174652e636f6c6c656374696f6e2e696e7465726e616c2e416273747261637450657273697374656e74436f6c6c656374696f6e627400d05f55733c02000a5a001b616c6c6f774c6f61644f7574736964655472616e73616374696f6e49000a63616368656453697a655a000564697274795a000b696e697469616c697a65645a000d697354656d7053657373696f6e4c00036b65797400164c6a6176612f696f2f53657269616c697a61626c653b4c00056f776e657271007e00054c0004726f6c6571007e000f4c001273657373696f6e466163746f72795575696471007e000f4c000e73746f726564536e617073686f7471007e0056787000ffffffff00010071007e001371007e0053740039696f2e6a617661627261696e732e737072696e67626f6f74737461727465722e73656375726974792e557365722e617574686f726974696573707371007e000b0000000977040000000971007e001071007e001571007e001871007e001b71007e001e71007e002171007e002471007e002771007e002a787371007e000b0000000977040000000971007e001071007e001571007e001871007e001b71007e001e71007e002171007e002471007e002771007e002a7871007e001374003c243261243038247176727a515a376a4a376f7932702f6d734c344d302e6c38334364306a4e735836414a55697462675258477a6765346a303335686174000561646d696e
cc51daf0b5bcd0ed970af279815b3114	\\xaced00057372004c6f72672e737072696e676672616d65776f726b2e73656375726974792e6f61757468322e636f6d6d6f6e2e44656661756c744578706972696e674f417574683252656672657368546f6b656e2fdf47639dd0c9b70200014c000a65787069726174696f6e7400104c6a6176612f7574696c2f446174653b787200446f72672e737072696e676672616d65776f726b2e73656375726974792e6f61757468322e636f6d6d6f6e2e44656661756c744f417574683252656672657368546f6b656e73e10e0a6354d45e0200014c000576616c75657400124c6a6176612f6c616e672f537472696e673b787074002435356366396465382d393337332d343265302d623232632d6436613566653761626335387372000e6a6176612e7574696c2e44617465686a81014b5974190300007870770800000167362b68b478	\\xaced0005737200416f72672e737072696e676672616d65776f726b2e73656375726974792e6f61757468322e70726f76696465722e4f417574683241757468656e7469636174696f6ebd400b02166252130200024c000d73746f7265645265717565737474003c4c6f72672f737072696e676672616d65776f726b2f73656375726974792f6f61757468322f70726f76696465722f4f4175746832526571756573743b4c00127573657241757468656e7469636174696f6e7400324c6f72672f737072696e676672616d65776f726b2f73656375726974792f636f72652f41757468656e7469636174696f6e3b787200476f72672e737072696e676672616d65776f726b2e73656375726974792e61757468656e7469636174696f6e2e416273747261637441757468656e7469636174696f6e546f6b656ed3aa287e6e47640e0200035a000d61757468656e746963617465644c000b617574686f7269746965737400164c6a6176612f7574696c2f436f6c6c656374696f6e3b4c000764657461696c737400124c6a6176612f6c616e672f4f626a6563743b787000737200266a6176612e7574696c2e436f6c6c656374696f6e7324556e6d6f6469666961626c654c697374fc0f2531b5ec8e100200014c00046c6973747400104c6a6176612f7574696c2f4c6973743b7872002c6a6176612e7574696c2e436f6c6c656374696f6e7324556e6d6f6469666961626c65436f6c6c656374696f6e19420080cb5ef71e0200014c00016371007e00047870737200136a6176612e7574696c2e41727261794c6973747881d21d99c7619d03000149000473697a6578700000000977040000000973720032696f2e6a617661627261696e732e737072696e67626f6f74737461727465722e73656375726974792e417574686f726974794952ec0f5e493da00200024c000269647400104c6a6176612f6c616e672f4c6f6e673b4c00046e616d657400124c6a6176612f6c616e672f537472696e673b78707372000e6a6176612e6c616e672e4c6f6e673b8be490cc8f23df0200014a000576616c7565787200106a6176612e6c616e672e4e756d62657286ac951d0b94e08b0200007870000000000000000174000f435553544f4d45525f4352454154457371007e000d7371007e0011000000000000000274000d435553544f4d45525f524541447371007e000d7371007e0011000000000000000374000f435553544f4d45525f5550444154457371007e000d7371007e0011000000000000000474000f435553544f4d45525f44454c4554457371007e000d7371007e0011000000000000000574000e50524f445543545f4352454154457371007e000d7371007e0011000000000000000674000c50524f445543545f524541447371007e000d7371007e0011000000000000000774000e50524f445543545f5550444154457371007e000d7371007e0011000000000000000874000e50524f445543545f44454c4554457371007e000d7371007e00110000000000000009740013524f4c455f50524f445543545f5245414445527871007e000c707372003a6f72672e737072696e676672616d65776f726b2e73656375726974792e6f61757468322e70726f76696465722e4f41757468325265717565737400000000000000010200075a0008617070726f7665644c000b617574686f72697469657371007e00044c000a657874656e73696f6e7374000f4c6a6176612f7574696c2f4d61703b4c000b726564697265637455726971007e000f4c00077265667265736874003b4c6f72672f737072696e676672616d65776f726b2f73656375726974792f6f61757468322f70726f76696465722f546f6b656e526571756573743b4c000b7265736f7572636549647374000f4c6a6176612f7574696c2f5365743b4c000d726573706f6e7365547970657371007e0030787200386f72672e737072696e676672616d65776f726b2e73656375726974792e6f61757468322e70726f76696465722e426173655265717565737436287a3ea37169bd0200034c0008636c69656e74496471007e000f4c001172657175657374506172616d657465727371007e002e4c000573636f706571007e00307870740022737072696e672d73656375726974792d6f61757468322d726561642d636c69656e74737200256a6176612e7574696c2e436f6c6c656374696f6e7324556e6d6f6469666961626c654d6170f1a5a8fe74f507420200014c00016d71007e002e7870737200116a6176612e7574696c2e486173684d61700507dac1c31660d103000246000a6c6f6164466163746f724900097468726573686f6c6478703f400000000000067708000000080000000374000a6772616e745f7479706574000870617373776f7264740009636c69656e745f6964740022737072696e672d73656375726974792d6f61757468322d726561642d636c69656e74740008757365726e616d6574000561646d696e78737200256a6176612e7574696c2e436f6c6c656374696f6e7324556e6d6f6469666961626c65536574801d92d18f9b80550200007871007e0009737200176a6176612e7574696c2e4c696e6b656448617368536574d86cd75a95dd2a1e020000787200116a6176612e7574696c2e48617368536574ba44859596b8b7340300007870770c000000103f400000000000017400047265616478017371007e0041770c000000103f40000000000001737200426f72672e737072696e676672616d65776f726b2e73656375726974792e636f72652e617574686f726974792e53696d706c654772616e746564417574686f72697479000000000000019a0200014c0004726f6c6571007e000f787074000455534552787371007e00363f40000000000000770800000010000000007870707371007e0041770c000000103f400000000000017400187265736f757263652d7365727665722d726573742d617069787371007e0041770c000000103f40000000000000787372004f6f72672e737072696e676672616d65776f726b2e73656375726974792e61757468656e7469636174696f6e2e557365726e616d6550617373776f726441757468656e7469636174696f6e546f6b656e000000000000019a0200024c000b63726564656e7469616c7371007e00054c00097072696e636970616c71007e00057871007e0003017371007e00077371007e000b0000000977040000000971007e001071007e001571007e001871007e001b71007e001e71007e002171007e002471007e002771007e002a7871007e004f737200176a6176612e7574696c2e4c696e6b6564486173684d617034c04e5c106cc0fb0200015a000b6163636573734f726465727871007e00363f400000000000067708000000080000000371007e003871007e003971007e003a71007e003b71007e003c71007e003d7800707372002d696f2e6a617661627261696e732e737072696e67626f6f74737461727465722e73656375726974792e55736572b5a57a1a2f63abe00200095a000e6163636f756e74457870697265645a000d6163636f756e744c6f636b65645a001263726564656e7469616c73457870697265645a0007656e61626c65644c000b617574686f72697469657371007e00044c0002696471007e000e4c000870617373776f726471007e000f4c000975736572506172747974002e4c696f2f6a617661627261696e732f737072696e67626f6f74737461727465722f646f6d61696e2f50617274793b4c0008757365726e616d6571007e000f7870000000017372002f6f72672e68696265726e6174652e636f6c6c656374696f6e2e696e7465726e616c2e50657273697374656e74426167464a645c192e1ec40200014c000362616771007e00087872003e6f72672e68696265726e6174652e636f6c6c656374696f6e2e696e7465726e616c2e416273747261637450657273697374656e74436f6c6c656374696f6e627400d05f55733c02000a5a001b616c6c6f774c6f61644f7574736964655472616e73616374696f6e49000a63616368656453697a655a000564697274795a000b696e697469616c697a65645a000d697354656d7053657373696f6e4c00036b65797400164c6a6176612f696f2f53657269616c697a61626c653b4c00056f776e657271007e00054c0004726f6c6571007e000f4c001273657373696f6e466163746f72795575696471007e000f4c000e73746f726564536e617073686f7471007e0057787000ffffffff00010071007e001371007e0054740039696f2e6a617661627261696e732e737072696e67626f6f74737461727465722e73656375726974792e557365722e617574686f726974696573707371007e000b0000000977040000000971007e001071007e001571007e001871007e001b71007e001e71007e002171007e002471007e002771007e002a787371007e000b0000000977040000000971007e001071007e001571007e001871007e001b71007e001e71007e002171007e002471007e002771007e002a7871007e001374003c243261243038247176727a515a376a4a376f7932702f6d734c344d302e6c38334364306a4e735836414a55697462675258477a6765346a30333568617372002d696f2e6a617661627261696e732e737072696e67626f6f74737461727465722e646f6d61696e2e506572736f6e275dc007fb1e22180200034c000c46616d696c794e616d65456e71007e000f4c000b476976656e4e616d65456e71007e000f4c00064e616d65436e71007e000f78707400064d61636b696574000644616e69656c74000fe4b8b9e5b0bce788bee9baa5e59fba74000561646d696e
b5cdb93d94721bdd2f20ba3e5fa4b718	\\xaced00057372004c6f72672e737072696e676672616d65776f726b2e73656375726974792e6f61757468322e636f6d6d6f6e2e44656661756c744578706972696e674f417574683252656672657368546f6b656e2fdf47639dd0c9b70200014c000a65787069726174696f6e7400104c6a6176612f7574696c2f446174653b787200446f72672e737072696e676672616d65776f726b2e73656375726974792e6f61757468322e636f6d6d6f6e2e44656661756c744f417574683252656672657368546f6b656e73e10e0a6354d45e0200014c000576616c75657400124c6a6176612f6c616e672f537472696e673b787074002461303637323634642d353932622d346262322d393830352d6661303335313662313761397372000e6a6176612e7574696c2e44617465686a81014b59741903000078707708000001673971a1b778	\\xaced0005737200416f72672e737072696e676672616d65776f726b2e73656375726974792e6f61757468322e70726f76696465722e4f417574683241757468656e7469636174696f6ebd400b02166252130200024c000d73746f7265645265717565737474003c4c6f72672f737072696e676672616d65776f726b2f73656375726974792f6f61757468322f70726f76696465722f4f4175746832526571756573743b4c00127573657241757468656e7469636174696f6e7400324c6f72672f737072696e676672616d65776f726b2f73656375726974792f636f72652f41757468656e7469636174696f6e3b787200476f72672e737072696e676672616d65776f726b2e73656375726974792e61757468656e7469636174696f6e2e416273747261637441757468656e7469636174696f6e546f6b656ed3aa287e6e47640e0200035a000d61757468656e746963617465644c000b617574686f7269746965737400164c6a6176612f7574696c2f436f6c6c656374696f6e3b4c000764657461696c737400124c6a6176612f6c616e672f4f626a6563743b787000737200266a6176612e7574696c2e436f6c6c656374696f6e7324556e6d6f6469666961626c654c697374fc0f2531b5ec8e100200014c00046c6973747400104c6a6176612f7574696c2f4c6973743b7872002c6a6176612e7574696c2e436f6c6c656374696f6e7324556e6d6f6469666961626c65436f6c6c656374696f6e19420080cb5ef71e0200014c00016371007e00047870737200136a6176612e7574696c2e41727261794c6973747881d21d99c7619d03000149000473697a6578700000000977040000000973720032696f2e6a617661627261696e732e737072696e67626f6f74737461727465722e73656375726974792e417574686f726974794952ec0f5e493da00200024c000269647400104c6a6176612f6c616e672f4c6f6e673b4c00046e616d657400124c6a6176612f6c616e672f537472696e673b78707372000e6a6176612e6c616e672e4c6f6e673b8be490cc8f23df0200014a000576616c7565787200106a6176612e6c616e672e4e756d62657286ac951d0b94e08b0200007870000000000000000174000f435553544f4d45525f4352454154457371007e000d7371007e0011000000000000000274000d435553544f4d45525f524541447371007e000d7371007e0011000000000000000374000f435553544f4d45525f5550444154457371007e000d7371007e0011000000000000000474000f435553544f4d45525f44454c4554457371007e000d7371007e0011000000000000000574000e50524f445543545f4352454154457371007e000d7371007e0011000000000000000674000c50524f445543545f524541447371007e000d7371007e0011000000000000000774000e50524f445543545f5550444154457371007e000d7371007e0011000000000000000874000e50524f445543545f44454c4554457371007e000d7371007e00110000000000000009740013524f4c455f50524f445543545f5245414445527871007e000c707372003a6f72672e737072696e676672616d65776f726b2e73656375726974792e6f61757468322e70726f76696465722e4f41757468325265717565737400000000000000010200075a0008617070726f7665644c000b617574686f72697469657371007e00044c000a657874656e73696f6e7374000f4c6a6176612f7574696c2f4d61703b4c000b726564697265637455726971007e000f4c00077265667265736874003b4c6f72672f737072696e676672616d65776f726b2f73656375726974792f6f61757468322f70726f76696465722f546f6b656e526571756573743b4c000b7265736f7572636549647374000f4c6a6176612f7574696c2f5365743b4c000d726573706f6e7365547970657371007e0030787200386f72672e737072696e676672616d65776f726b2e73656375726974792e6f61757468322e70726f76696465722e426173655265717565737436287a3ea37169bd0200034c0008636c69656e74496471007e000f4c001172657175657374506172616d657465727371007e002e4c000573636f706571007e00307870740022737072696e672d73656375726974792d6f61757468322d726561642d636c69656e74737200256a6176612e7574696c2e436f6c6c656374696f6e7324556e6d6f6469666961626c654d6170f1a5a8fe74f507420200014c00016d71007e002e7870737200116a6176612e7574696c2e486173684d61700507dac1c31660d103000246000a6c6f6164466163746f724900097468726573686f6c6478703f400000000000067708000000080000000374000a6772616e745f7479706574000870617373776f7264740009636c69656e745f6964740022737072696e672d73656375726974792d6f61757468322d726561642d636c69656e74740008757365726e616d6574000561646d696e78737200256a6176612e7574696c2e436f6c6c656374696f6e7324556e6d6f6469666961626c65536574801d92d18f9b80550200007871007e0009737200176a6176612e7574696c2e4c696e6b656448617368536574d86cd75a95dd2a1e020000787200116a6176612e7574696c2e48617368536574ba44859596b8b7340300007870770c000000103f400000000000017400047265616478017371007e0041770c000000103f40000000000001737200426f72672e737072696e676672616d65776f726b2e73656375726974792e636f72652e617574686f726974792e53696d706c654772616e746564417574686f72697479000000000000019a0200014c0004726f6c6571007e000f787074000455534552787371007e00363f40000000000000770800000010000000007870707371007e0041770c000000103f400000000000017400187265736f757263652d7365727665722d726573742d617069787371007e0041770c000000103f40000000000000787372004f6f72672e737072696e676672616d65776f726b2e73656375726974792e61757468656e7469636174696f6e2e557365726e616d6550617373776f726441757468656e7469636174696f6e546f6b656e000000000000019a0200024c000b63726564656e7469616c7371007e00054c00097072696e636970616c71007e00057871007e0003017371007e00077371007e000b0000000977040000000971007e001071007e001571007e001871007e001b71007e001e71007e002171007e002471007e002771007e002a7871007e004f737200176a6176612e7574696c2e4c696e6b6564486173684d617034c04e5c106cc0fb0200015a000b6163636573734f726465727871007e00363f400000000000067708000000080000000371007e003871007e003971007e003a71007e003b71007e003c71007e003d7800707372002d696f2e6a617661627261696e732e737072696e67626f6f74737461727465722e73656375726974792e557365722afa4b4ba24608950200095a000e6163636f756e74457870697265645a000d6163636f756e744c6f636b65645a001263726564656e7469616c73457870697265645a0007656e61626c65644c000b617574686f72697469657371007e00044c0002696471007e000e4c0005706172747974002e4c696f2f6a617661627261696e732f737072696e67626f6f74737461727465722f646f6d61696e2f50617274793b4c000870617373776f726471007e000f4c0008757365726e616d6571007e000f7870000000017372002f6f72672e68696265726e6174652e636f6c6c656374696f6e2e696e7465726e616c2e50657273697374656e74426167464a645c192e1ec40200014c000362616771007e00087872003e6f72672e68696265726e6174652e636f6c6c656374696f6e2e696e7465726e616c2e416273747261637450657273697374656e74436f6c6c656374696f6e627400d05f55733c02000a5a001b616c6c6f774c6f61644f7574736964655472616e73616374696f6e49000a63616368656453697a655a000564697274795a000b696e697469616c697a65645a000d697354656d7053657373696f6e4c00036b65797400164c6a6176612f696f2f53657269616c697a61626c653b4c00056f776e657271007e00054c0004726f6c6571007e000f4c001273657373696f6e466163746f72795575696471007e000f4c000e73746f726564536e617073686f7471007e0057787000ffffffff00010071007e001371007e0054740039696f2e6a617661627261696e732e737072696e67626f6f74737461727465722e73656375726974792e557365722e617574686f726974696573707371007e000b0000000977040000000971007e001071007e001571007e001871007e001b71007e001e71007e002171007e002471007e002771007e002a787371007e000b0000000977040000000971007e001071007e001571007e001871007e001b71007e001e71007e002171007e002471007e002771007e002a7871007e00137372002d696f2e6a617661627261696e732e737072696e67626f6f74737461727465722e646f6d61696e2e506572736f6e275dc007fb1e22180200034c000c46616d696c794e616d65456e71007e000f4c000b476976656e4e616d65456e71007e000f4c00064e616d65436e71007e000f78707400064d61636b696574000644616e69656c74000fe4b8b9e5b0bce788bee9baa5e59fba74003c243261243038247176727a515a376a4a376f7932702f6d734c344d302e6c38334364306a4e735836414a55697462675258477a6765346a303335686174000561646d696e
4799da9e9999a7e60288d8f737a17ecf	\\xaced00057372004c6f72672e737072696e676672616d65776f726b2e73656375726974792e6f61757468322e636f6d6d6f6e2e44656661756c744578706972696e674f417574683252656672657368546f6b656e2fdf47639dd0c9b70200014c000a65787069726174696f6e7400104c6a6176612f7574696c2f446174653b787200446f72672e737072696e676672616d65776f726b2e73656375726974792e6f61757468322e636f6d6d6f6e2e44656661756c744f417574683252656672657368546f6b656e73e10e0a6354d45e0200014c000576616c75657400124c6a6176612f6c616e672f537472696e673b787074002463363866643639622d373737342d343438652d616534322d6661376335396633373633307372000e6a6176612e7574696c2e44617465686a81014b59741903000078707708000001673977b75078	\\xaced0005737200416f72672e737072696e676672616d65776f726b2e73656375726974792e6f61757468322e70726f76696465722e4f417574683241757468656e7469636174696f6ebd400b02166252130200024c000d73746f7265645265717565737474003c4c6f72672f737072696e676672616d65776f726b2f73656375726974792f6f61757468322f70726f76696465722f4f4175746832526571756573743b4c00127573657241757468656e7469636174696f6e7400324c6f72672f737072696e676672616d65776f726b2f73656375726974792f636f72652f41757468656e7469636174696f6e3b787200476f72672e737072696e676672616d65776f726b2e73656375726974792e61757468656e7469636174696f6e2e416273747261637441757468656e7469636174696f6e546f6b656ed3aa287e6e47640e0200035a000d61757468656e746963617465644c000b617574686f7269746965737400164c6a6176612f7574696c2f436f6c6c656374696f6e3b4c000764657461696c737400124c6a6176612f6c616e672f4f626a6563743b787000737200266a6176612e7574696c2e436f6c6c656374696f6e7324556e6d6f6469666961626c654c697374fc0f2531b5ec8e100200014c00046c6973747400104c6a6176612f7574696c2f4c6973743b7872002c6a6176612e7574696c2e436f6c6c656374696f6e7324556e6d6f6469666961626c65436f6c6c656374696f6e19420080cb5ef71e0200014c00016371007e00047870737200136a6176612e7574696c2e41727261794c6973747881d21d99c7619d03000149000473697a6578700000000977040000000973720032696f2e6a617661627261696e732e737072696e67626f6f74737461727465722e73656375726974792e417574686f726974794952ec0f5e493da00200024c000269647400104c6a6176612f6c616e672f4c6f6e673b4c00046e616d657400124c6a6176612f6c616e672f537472696e673b78707372000e6a6176612e6c616e672e4c6f6e673b8be490cc8f23df0200014a000576616c7565787200106a6176612e6c616e672e4e756d62657286ac951d0b94e08b0200007870000000000000000174000f435553544f4d45525f4352454154457371007e000d7371007e0011000000000000000274000d435553544f4d45525f524541447371007e000d7371007e0011000000000000000374000f435553544f4d45525f5550444154457371007e000d7371007e0011000000000000000474000f435553544f4d45525f44454c4554457371007e000d7371007e0011000000000000000574000e50524f445543545f4352454154457371007e000d7371007e0011000000000000000674000c50524f445543545f524541447371007e000d7371007e0011000000000000000774000e50524f445543545f5550444154457371007e000d7371007e0011000000000000000874000e50524f445543545f44454c4554457371007e000d7371007e00110000000000000009740013524f4c455f50524f445543545f5245414445527871007e000c707372003a6f72672e737072696e676672616d65776f726b2e73656375726974792e6f61757468322e70726f76696465722e4f41757468325265717565737400000000000000010200075a0008617070726f7665644c000b617574686f72697469657371007e00044c000a657874656e73696f6e7374000f4c6a6176612f7574696c2f4d61703b4c000b726564697265637455726971007e000f4c00077265667265736874003b4c6f72672f737072696e676672616d65776f726b2f73656375726974792f6f61757468322f70726f76696465722f546f6b656e526571756573743b4c000b7265736f7572636549647374000f4c6a6176612f7574696c2f5365743b4c000d726573706f6e7365547970657371007e0030787200386f72672e737072696e676672616d65776f726b2e73656375726974792e6f61757468322e70726f76696465722e426173655265717565737436287a3ea37169bd0200034c0008636c69656e74496471007e000f4c001172657175657374506172616d657465727371007e002e4c000573636f706571007e00307870740022737072696e672d73656375726974792d6f61757468322d726561642d636c69656e74737200256a6176612e7574696c2e436f6c6c656374696f6e7324556e6d6f6469666961626c654d6170f1a5a8fe74f507420200014c00016d71007e002e7870737200116a6176612e7574696c2e486173684d61700507dac1c31660d103000246000a6c6f6164466163746f724900097468726573686f6c6478703f400000000000067708000000080000000374000a6772616e745f7479706574000870617373776f7264740009636c69656e745f6964740022737072696e672d73656375726974792d6f61757468322d726561642d636c69656e74740008757365726e616d6574000561646d696e78737200256a6176612e7574696c2e436f6c6c656374696f6e7324556e6d6f6469666961626c65536574801d92d18f9b80550200007871007e0009737200176a6176612e7574696c2e4c696e6b656448617368536574d86cd75a95dd2a1e020000787200116a6176612e7574696c2e48617368536574ba44859596b8b7340300007870770c000000103f400000000000017400047265616478017371007e0041770c000000103f40000000000001737200426f72672e737072696e676672616d65776f726b2e73656375726974792e636f72652e617574686f726974792e53696d706c654772616e746564417574686f72697479000000000000019a0200014c0004726f6c6571007e000f787074000455534552787371007e00363f40000000000000770800000010000000007870707371007e0041770c000000103f400000000000017400187265736f757263652d7365727665722d726573742d617069787371007e0041770c000000103f40000000000000787372004f6f72672e737072696e676672616d65776f726b2e73656375726974792e61757468656e7469636174696f6e2e557365726e616d6550617373776f726441757468656e7469636174696f6e546f6b656e000000000000019a0200024c000b63726564656e7469616c7371007e00054c00097072696e636970616c71007e00057871007e0003017371007e00077371007e000b0000000977040000000971007e001071007e001571007e001871007e001b71007e001e71007e002171007e002471007e002771007e002a7871007e004f737200176a6176612e7574696c2e4c696e6b6564486173684d617034c04e5c106cc0fb0200015a000b6163636573734f726465727871007e00363f400000000000067708000000080000000371007e003871007e003971007e003a71007e003b71007e003c71007e003d7800707372002d696f2e6a617661627261696e732e737072696e67626f6f74737461727465722e73656375726974792e55736572a579540c8b8e43430200085a000e6163636f756e74457870697265645a000d6163636f756e744c6f636b65645a001263726564656e7469616c73457870697265645a0007656e61626c65644c000b617574686f72697469657371007e00044c0002696471007e000e4c000870617373776f726471007e000f4c0008757365726e616d6571007e000f7870000000017372002f6f72672e68696265726e6174652e636f6c6c656374696f6e2e696e7465726e616c2e50657273697374656e74426167464a645c192e1ec40200014c000362616771007e00087872003e6f72672e68696265726e6174652e636f6c6c656374696f6e2e696e7465726e616c2e416273747261637450657273697374656e74436f6c6c656374696f6e627400d05f55733c02000a5a001b616c6c6f774c6f61644f7574736964655472616e73616374696f6e49000a63616368656453697a655a000564697274795a000b696e697469616c697a65645a000d697354656d7053657373696f6e4c00036b65797400164c6a6176612f696f2f53657269616c697a61626c653b4c00056f776e657271007e00054c0004726f6c6571007e000f4c001273657373696f6e466163746f72795575696471007e000f4c000e73746f726564536e617073686f7471007e0056787000ffffffff00010071007e001371007e0053740039696f2e6a617661627261696e732e737072696e67626f6f74737461727465722e73656375726974792e557365722e617574686f726974696573707371007e000b0000000977040000000971007e001071007e001571007e001871007e001b71007e001e71007e002171007e002471007e002771007e002a787371007e000b0000000977040000000971007e001071007e001571007e001871007e001b71007e001e71007e002171007e002471007e002771007e002a7871007e001374003c243261243038247176727a515a376a4a376f7932702f6d734c344d302e6c38334364306a4e735836414a55697462675258477a6765346a303335686174000561646d696e
e785c4b7135009ec66918d4c23923709	\\xaced00057372004c6f72672e737072696e676672616d65776f726b2e73656375726974792e6f61757468322e636f6d6d6f6e2e44656661756c744578706972696e674f417574683252656672657368546f6b656e2fdf47639dd0c9b70200014c000a65787069726174696f6e7400104c6a6176612f7574696c2f446174653b787200446f72672e737072696e676672616d65776f726b2e73656375726974792e6f61757468322e636f6d6d6f6e2e44656661756c744f417574683252656672657368546f6b656e73e10e0a6354d45e0200014c000576616c75657400124c6a6176612f6c616e672f537472696e673b787074002466343639303961332d393162392d346262652d613933352d3630623461643839623139667372000e6a6176612e7574696c2e44617465686a81014b59741903000078707708000001673a389cca78	\\xaced0005737200416f72672e737072696e676672616d65776f726b2e73656375726974792e6f61757468322e70726f76696465722e4f417574683241757468656e7469636174696f6ebd400b02166252130200024c000d73746f7265645265717565737474003c4c6f72672f737072696e676672616d65776f726b2f73656375726974792f6f61757468322f70726f76696465722f4f4175746832526571756573743b4c00127573657241757468656e7469636174696f6e7400324c6f72672f737072696e676672616d65776f726b2f73656375726974792f636f72652f41757468656e7469636174696f6e3b787200476f72672e737072696e676672616d65776f726b2e73656375726974792e61757468656e7469636174696f6e2e416273747261637441757468656e7469636174696f6e546f6b656ed3aa287e6e47640e0200035a000d61757468656e746963617465644c000b617574686f7269746965737400164c6a6176612f7574696c2f436f6c6c656374696f6e3b4c000764657461696c737400124c6a6176612f6c616e672f4f626a6563743b787000737200266a6176612e7574696c2e436f6c6c656374696f6e7324556e6d6f6469666961626c654c697374fc0f2531b5ec8e100200014c00046c6973747400104c6a6176612f7574696c2f4c6973743b7872002c6a6176612e7574696c2e436f6c6c656374696f6e7324556e6d6f6469666961626c65436f6c6c656374696f6e19420080cb5ef71e0200014c00016371007e00047870737200136a6176612e7574696c2e41727261794c6973747881d21d99c7619d03000149000473697a6578700000000977040000000973720032696f2e6a617661627261696e732e737072696e67626f6f74737461727465722e73656375726974792e417574686f726974794952ec0f5e493da00200024c000269647400104c6a6176612f6c616e672f4c6f6e673b4c00046e616d657400124c6a6176612f6c616e672f537472696e673b78707372000e6a6176612e6c616e672e4c6f6e673b8be490cc8f23df0200014a000576616c7565787200106a6176612e6c616e672e4e756d62657286ac951d0b94e08b0200007870000000000000000174000f435553544f4d45525f4352454154457371007e000d7371007e0011000000000000000274000d435553544f4d45525f524541447371007e000d7371007e0011000000000000000374000f435553544f4d45525f5550444154457371007e000d7371007e0011000000000000000474000f435553544f4d45525f44454c4554457371007e000d7371007e0011000000000000000574000e50524f445543545f4352454154457371007e000d7371007e0011000000000000000674000c50524f445543545f524541447371007e000d7371007e0011000000000000000774000e50524f445543545f5550444154457371007e000d7371007e0011000000000000000874000e50524f445543545f44454c4554457371007e000d7371007e00110000000000000009740013524f4c455f50524f445543545f5245414445527871007e000c707372003a6f72672e737072696e676672616d65776f726b2e73656375726974792e6f61757468322e70726f76696465722e4f41757468325265717565737400000000000000010200075a0008617070726f7665644c000b617574686f72697469657371007e00044c000a657874656e73696f6e7374000f4c6a6176612f7574696c2f4d61703b4c000b726564697265637455726971007e000f4c00077265667265736874003b4c6f72672f737072696e676672616d65776f726b2f73656375726974792f6f61757468322f70726f76696465722f546f6b656e526571756573743b4c000b7265736f7572636549647374000f4c6a6176612f7574696c2f5365743b4c000d726573706f6e7365547970657371007e0030787200386f72672e737072696e676672616d65776f726b2e73656375726974792e6f61757468322e70726f76696465722e426173655265717565737436287a3ea37169bd0200034c0008636c69656e74496471007e000f4c001172657175657374506172616d657465727371007e002e4c000573636f706571007e00307870740022737072696e672d73656375726974792d6f61757468322d726561642d636c69656e74737200256a6176612e7574696c2e436f6c6c656374696f6e7324556e6d6f6469666961626c654d6170f1a5a8fe74f507420200014c00016d71007e002e7870737200116a6176612e7574696c2e486173684d61700507dac1c31660d103000246000a6c6f6164466163746f724900097468726573686f6c6478703f400000000000067708000000080000000374000a6772616e745f7479706574000870617373776f7264740009636c69656e745f6964740022737072696e672d73656375726974792d6f61757468322d726561642d636c69656e74740008757365726e616d6574000561646d696e78737200256a6176612e7574696c2e436f6c6c656374696f6e7324556e6d6f6469666961626c65536574801d92d18f9b80550200007871007e0009737200176a6176612e7574696c2e4c696e6b656448617368536574d86cd75a95dd2a1e020000787200116a6176612e7574696c2e48617368536574ba44859596b8b7340300007870770c000000103f400000000000017400047265616478017371007e0041770c000000103f40000000000001737200426f72672e737072696e676672616d65776f726b2e73656375726974792e636f72652e617574686f726974792e53696d706c654772616e746564417574686f7269747900000000000001f40200014c0004726f6c6571007e000f787074000455534552787371007e00363f40000000000000770800000010000000007870707371007e0041770c000000103f400000000000017400187265736f757263652d7365727665722d726573742d617069787371007e0041770c000000103f40000000000000787372004f6f72672e737072696e676672616d65776f726b2e73656375726974792e61757468656e7469636174696f6e2e557365726e616d6550617373776f726441757468656e7469636174696f6e546f6b656e00000000000001f40200024c000b63726564656e7469616c7371007e00054c00097072696e636970616c71007e00057871007e0003017371007e00077371007e000b0000000977040000000971007e001071007e001571007e001871007e001b71007e001e71007e002171007e002471007e002771007e002a7871007e004f737200176a6176612e7574696c2e4c696e6b6564486173684d617034c04e5c106cc0fb0200015a000b6163636573734f726465727871007e00363f400000000000067708000000080000000371007e003871007e003971007e003a71007e003b71007e003c71007e003d7800707372002d696f2e6a617661627261696e732e737072696e67626f6f74737461727465722e73656375726974792e55736572a579540c8b8e43430200085a000e6163636f756e74457870697265645a000d6163636f756e744c6f636b65645a001263726564656e7469616c73457870697265645a0007656e61626c65644c000b617574686f72697469657371007e00044c0002696471007e000e4c000870617373776f726471007e000f4c0008757365726e616d6571007e000f7870000000017372002f6f72672e68696265726e6174652e636f6c6c656374696f6e2e696e7465726e616c2e50657273697374656e744261676563fd3f2082000c0200014c000362616771007e00087872003e6f72672e68696265726e6174652e636f6c6c656374696f6e2e696e7465726e616c2e416273747261637450657273697374656e74436f6c6c656374696f6ee9d3dc4da9113ba502000a5a001b616c6c6f774c6f61644f7574736964655472616e73616374696f6e49000a63616368656453697a655a000564697274795a000b696e697469616c697a65645a000d697354656d7053657373696f6e4c00036b65797400164c6a6176612f696f2f53657269616c697a61626c653b4c00056f776e657271007e00054c0004726f6c6571007e000f4c001273657373696f6e466163746f72795575696471007e000f4c000e73746f726564536e617073686f7471007e0056787000ffffffff00010071007e001371007e0053740039696f2e6a617661627261696e732e737072696e67626f6f74737461727465722e73656375726974792e557365722e617574686f726974696573707371007e000b0000000977040000000971007e001071007e001571007e001871007e001b71007e001e71007e002171007e002471007e002771007e002a787371007e000b0000000977040000000971007e001071007e001571007e001871007e001b71007e001e71007e002171007e002471007e002771007e002a7871007e001374003c243261243038247176727a515a376a4a376f7932702f6d734c344d302e6c38334364306a4e735836414a55697462675258477a6765346a303335686174000561646d696e
4e90f2a6095cf9f2587c419db957a2a9	\\xaced00057372004c6f72672e737072696e676672616d65776f726b2e73656375726974792e6f61757468322e636f6d6d6f6e2e44656661756c744578706972696e674f417574683252656672657368546f6b656e2fdf47639dd0c9b70200014c000a65787069726174696f6e7400104c6a6176612f7574696c2f446174653b787200446f72672e737072696e676672616d65776f726b2e73656375726974792e6f61757468322e636f6d6d6f6e2e44656661756c744f417574683252656672657368546f6b656e73e10e0a6354d45e0200014c000576616c75657400124c6a6176612f6c616e672f537472696e673b787074002464353935376162652d373736362d343266632d613630332d3161636630336336663566397372000e6a6176612e7574696c2e44617465686a81014b59741903000078707708000001673b53f51878	\\xaced0005737200416f72672e737072696e676672616d65776f726b2e73656375726974792e6f61757468322e70726f76696465722e4f417574683241757468656e7469636174696f6ebd400b02166252130200024c000d73746f7265645265717565737474003c4c6f72672f737072696e676672616d65776f726b2f73656375726974792f6f61757468322f70726f76696465722f4f4175746832526571756573743b4c00127573657241757468656e7469636174696f6e7400324c6f72672f737072696e676672616d65776f726b2f73656375726974792f636f72652f41757468656e7469636174696f6e3b787200476f72672e737072696e676672616d65776f726b2e73656375726974792e61757468656e7469636174696f6e2e416273747261637441757468656e7469636174696f6e546f6b656ed3aa287e6e47640e0200035a000d61757468656e746963617465644c000b617574686f7269746965737400164c6a6176612f7574696c2f436f6c6c656374696f6e3b4c000764657461696c737400124c6a6176612f6c616e672f4f626a6563743b787000737200266a6176612e7574696c2e436f6c6c656374696f6e7324556e6d6f6469666961626c654c697374fc0f2531b5ec8e100200014c00046c6973747400104c6a6176612f7574696c2f4c6973743b7872002c6a6176612e7574696c2e436f6c6c656374696f6e7324556e6d6f6469666961626c65436f6c6c656374696f6e19420080cb5ef71e0200014c00016371007e00047870737200136a6176612e7574696c2e41727261794c6973747881d21d99c7619d03000149000473697a6578700000000977040000000973720032696f2e6a617661627261696e732e737072696e67626f6f74737461727465722e73656375726974792e417574686f726974796993924ba02fc6530200024c000269647400104c6a6176612f6c616e672f4c6f6e673b4c00046e616d657400124c6a6176612f6c616e672f537472696e673b78707372000e6a6176612e6c616e672e4c6f6e673b8be490cc8f23df0200014a000576616c7565787200106a6176612e6c616e672e4e756d62657286ac951d0b94e08b0200007870000000000000000174000f435553544f4d45525f4352454154457371007e000d7371007e0011000000000000000274000d435553544f4d45525f524541447371007e000d7371007e0011000000000000000374000f435553544f4d45525f5550444154457371007e000d7371007e0011000000000000000474000f435553544f4d45525f44454c4554457371007e000d7371007e0011000000000000000574000e50524f445543545f4352454154457371007e000d7371007e0011000000000000000674000c50524f445543545f524541447371007e000d7371007e0011000000000000000774000e50524f445543545f5550444154457371007e000d7371007e0011000000000000000874000e50524f445543545f44454c4554457371007e000d7371007e00110000000000000009740013524f4c455f50524f445543545f5245414445527871007e000c707372003a6f72672e737072696e676672616d65776f726b2e73656375726974792e6f61757468322e70726f76696465722e4f41757468325265717565737400000000000000010200075a0008617070726f7665644c000b617574686f72697469657371007e00044c000a657874656e73696f6e7374000f4c6a6176612f7574696c2f4d61703b4c000b726564697265637455726971007e000f4c00077265667265736874003b4c6f72672f737072696e676672616d65776f726b2f73656375726974792f6f61757468322f70726f76696465722f546f6b656e526571756573743b4c000b7265736f7572636549647374000f4c6a6176612f7574696c2f5365743b4c000d726573706f6e7365547970657371007e0030787200386f72672e737072696e676672616d65776f726b2e73656375726974792e6f61757468322e70726f76696465722e426173655265717565737436287a3ea37169bd0200034c0008636c69656e74496471007e000f4c001172657175657374506172616d657465727371007e002e4c000573636f706571007e00307870740022737072696e672d73656375726974792d6f61757468322d726561642d636c69656e74737200256a6176612e7574696c2e436f6c6c656374696f6e7324556e6d6f6469666961626c654d6170f1a5a8fe74f507420200014c00016d71007e002e7870737200116a6176612e7574696c2e486173684d61700507dac1c31660d103000246000a6c6f6164466163746f724900097468726573686f6c6478703f400000000000067708000000080000000374000a6772616e745f7479706574000870617373776f7264740009636c69656e745f6964740022737072696e672d73656375726974792d6f61757468322d726561642d636c69656e74740008757365726e616d6574000561646d696e78737200256a6176612e7574696c2e436f6c6c656374696f6e7324556e6d6f6469666961626c65536574801d92d18f9b80550200007871007e0009737200176a6176612e7574696c2e4c696e6b656448617368536574d86cd75a95dd2a1e020000787200116a6176612e7574696c2e48617368536574ba44859596b8b7340300007870770c000000103f400000000000017400047265616478017371007e0041770c000000103f40000000000001737200426f72672e737072696e676672616d65776f726b2e73656375726974792e636f72652e617574686f726974792e53696d706c654772616e746564417574686f7269747900000000000001f40200014c0004726f6c6571007e000f787074000455534552787371007e00363f40000000000000770800000010000000007870707371007e0041770c000000103f400000000000017400187265736f757263652d7365727665722d726573742d617069787371007e0041770c000000103f40000000000000787372004f6f72672e737072696e676672616d65776f726b2e73656375726974792e61757468656e7469636174696f6e2e557365726e616d6550617373776f726441757468656e7469636174696f6e546f6b656e00000000000001f40200024c000b63726564656e7469616c7371007e00054c00097072696e636970616c71007e00057871007e0003017371007e00077371007e000b0000000977040000000971007e001071007e001571007e001871007e001b71007e001e71007e002171007e002471007e002771007e002a7871007e004f737200176a6176612e7574696c2e4c696e6b6564486173684d617034c04e5c106cc0fb0200015a000b6163636573734f726465727871007e00363f400000000000067708000000080000000371007e003871007e003971007e003a71007e003b71007e003c71007e003d7800707372002d696f2e6a617661627261696e732e737072696e67626f6f74737461727465722e73656375726974792e55736572d886a34313ba0bb60200085a000e6163636f756e74457870697265645a000d6163636f756e744c6f636b65645a001263726564656e7469616c73457870697265645a0007656e61626c65644c000b617574686f72697469657371007e00044c0002696471007e000e4c000870617373776f726471007e000f4c0008757365726e616d6571007e000f7870000000017372002f6f72672e68696265726e6174652e636f6c6c656374696f6e2e696e7465726e616c2e50657273697374656e744261676563fd3f2082000c0200014c000362616771007e00087872003e6f72672e68696265726e6174652e636f6c6c656374696f6e2e696e7465726e616c2e416273747261637450657273697374656e74436f6c6c656374696f6ee9d3dc4da9113ba502000a5a001b616c6c6f774c6f61644f7574736964655472616e73616374696f6e49000a63616368656453697a655a000564697274795a000b696e697469616c697a65645a000d697354656d7053657373696f6e4c00036b65797400164c6a6176612f696f2f53657269616c697a61626c653b4c00056f776e657271007e00054c0004726f6c6571007e000f4c001273657373696f6e466163746f72795575696471007e000f4c000e73746f726564536e617073686f7471007e0056787000ffffffff00010071007e001371007e0053740039696f2e6a617661627261696e732e737072696e67626f6f74737461727465722e73656375726974792e557365722e617574686f726974696573707371007e000b0000000977040000000971007e001071007e001571007e001871007e001b71007e001e71007e002171007e002471007e002771007e002a787371007e000b0000000977040000000971007e001071007e001571007e001871007e001b71007e001e71007e002171007e002471007e002771007e002a7871007e001374003c243261243038247176727a515a376a4a376f7932702f6d734c344d302e6c38334364306a4e735836414a55697462675258477a6765346a303335686174000561646d696e
4ce8ddf1cc579572e9485597ad922eff	\\xaced00057372004c6f72672e737072696e676672616d65776f726b2e73656375726974792e6f61757468322e636f6d6d6f6e2e44656661756c744578706972696e674f417574683252656672657368546f6b656e2fdf47639dd0c9b70200014c000a65787069726174696f6e7400104c6a6176612f7574696c2f446174653b787200446f72672e737072696e676672616d65776f726b2e73656375726974792e6f61757468322e636f6d6d6f6e2e44656661756c744f417574683252656672657368546f6b656e73e10e0a6354d45e0200014c000576616c75657400124c6a6176612f6c616e672f537472696e673b787074002431383738663530312d343864632d343137652d393833632d3232653739623735646264667372000e6a6176612e7574696c2e44617465686a81014b59741903000078707708000001673b63008378	\\xaced0005737200416f72672e737072696e676672616d65776f726b2e73656375726974792e6f61757468322e70726f76696465722e4f417574683241757468656e7469636174696f6ebd400b02166252130200024c000d73746f7265645265717565737474003c4c6f72672f737072696e676672616d65776f726b2f73656375726974792f6f61757468322f70726f76696465722f4f4175746832526571756573743b4c00127573657241757468656e7469636174696f6e7400324c6f72672f737072696e676672616d65776f726b2f73656375726974792f636f72652f41757468656e7469636174696f6e3b787200476f72672e737072696e676672616d65776f726b2e73656375726974792e61757468656e7469636174696f6e2e416273747261637441757468656e7469636174696f6e546f6b656ed3aa287e6e47640e0200035a000d61757468656e746963617465644c000b617574686f7269746965737400164c6a6176612f7574696c2f436f6c6c656374696f6e3b4c000764657461696c737400124c6a6176612f6c616e672f4f626a6563743b787000737200266a6176612e7574696c2e436f6c6c656374696f6e7324556e6d6f6469666961626c654c697374fc0f2531b5ec8e100200014c00046c6973747400104c6a6176612f7574696c2f4c6973743b7872002c6a6176612e7574696c2e436f6c6c656374696f6e7324556e6d6f6469666961626c65436f6c6c656374696f6e19420080cb5ef71e0200014c00016371007e00047870737200136a6176612e7574696c2e41727261794c6973747881d21d99c7619d03000149000473697a6578700000000977040000000973720032696f2e6a617661627261696e732e737072696e67626f6f74737461727465722e73656375726974792e417574686f726974796993924ba02fc6530200024c000269647400104c6a6176612f6c616e672f4c6f6e673b4c00046e616d657400124c6a6176612f6c616e672f537472696e673b78707372000e6a6176612e6c616e672e4c6f6e673b8be490cc8f23df0200014a000576616c7565787200106a6176612e6c616e672e4e756d62657286ac951d0b94e08b0200007870000000000000000174000f435553544f4d45525f4352454154457371007e000d7371007e0011000000000000000274000d435553544f4d45525f524541447371007e000d7371007e0011000000000000000374000f435553544f4d45525f5550444154457371007e000d7371007e0011000000000000000474000f435553544f4d45525f44454c4554457371007e000d7371007e0011000000000000000574000e50524f445543545f4352454154457371007e000d7371007e0011000000000000000674000c50524f445543545f524541447371007e000d7371007e0011000000000000000774000e50524f445543545f5550444154457371007e000d7371007e0011000000000000000874000e50524f445543545f44454c4554457371007e000d7371007e00110000000000000009740013524f4c455f50524f445543545f5245414445527871007e000c707372003a6f72672e737072696e676672616d65776f726b2e73656375726974792e6f61757468322e70726f76696465722e4f41757468325265717565737400000000000000010200075a0008617070726f7665644c000b617574686f72697469657371007e00044c000a657874656e73696f6e7374000f4c6a6176612f7574696c2f4d61703b4c000b726564697265637455726971007e000f4c00077265667265736874003b4c6f72672f737072696e676672616d65776f726b2f73656375726974792f6f61757468322f70726f76696465722f546f6b656e526571756573743b4c000b7265736f7572636549647374000f4c6a6176612f7574696c2f5365743b4c000d726573706f6e7365547970657371007e0030787200386f72672e737072696e676672616d65776f726b2e73656375726974792e6f61757468322e70726f76696465722e426173655265717565737436287a3ea37169bd0200034c0008636c69656e74496471007e000f4c001172657175657374506172616d657465727371007e002e4c000573636f706571007e00307870740028737072696e672d73656375726974792d6f61757468322d726561642d77726974652d636c69656e74737200256a6176612e7574696c2e436f6c6c656374696f6e7324556e6d6f6469666961626c654d6170f1a5a8fe74f507420200014c00016d71007e002e7870737200116a6176612e7574696c2e486173684d61700507dac1c31660d103000246000a6c6f6164466163746f724900097468726573686f6c6478703f400000000000067708000000080000000374000a6772616e745f7479706574000870617373776f7264740009636c69656e745f6964740028737072696e672d73656375726974792d6f61757468322d726561642d77726974652d636c69656e74740008757365726e616d6574000561646d696e78737200256a6176612e7574696c2e436f6c6c656374696f6e7324556e6d6f6469666961626c65536574801d92d18f9b80550200007871007e0009737200176a6176612e7574696c2e4c696e6b656448617368536574d86cd75a95dd2a1e020000787200116a6176612e7574696c2e48617368536574ba44859596b8b7340300007870770c000000103f4000000000000274000472656164740005777269746578017371007e0041770c000000103f40000000000001737200426f72672e737072696e676672616d65776f726b2e73656375726974792e636f72652e617574686f726974792e53696d706c654772616e746564417574686f7269747900000000000001f40200014c0004726f6c6571007e000f787074000455534552787371007e00363f40000000000000770800000010000000007870707371007e0041770c000000103f400000000000017400187265736f757263652d7365727665722d726573742d617069787371007e0041770c000000103f40000000000000787372004f6f72672e737072696e676672616d65776f726b2e73656375726974792e61757468656e7469636174696f6e2e557365726e616d6550617373776f726441757468656e7469636174696f6e546f6b656e00000000000001f40200024c000b63726564656e7469616c7371007e00054c00097072696e636970616c71007e00057871007e0003017371007e00077371007e000b0000000977040000000971007e001071007e001571007e001871007e001b71007e001e71007e002171007e002471007e002771007e002a7871007e0050737200176a6176612e7574696c2e4c696e6b6564486173684d617034c04e5c106cc0fb0200015a000b6163636573734f726465727871007e00363f400000000000067708000000080000000371007e003871007e003971007e003a71007e003b71007e003c71007e003d7800707372002d696f2e6a617661627261696e732e737072696e67626f6f74737461727465722e73656375726974792e55736572d886a34313ba0bb60200085a000e6163636f756e74457870697265645a000d6163636f756e744c6f636b65645a001263726564656e7469616c73457870697265645a0007656e61626c65644c000b617574686f72697469657371007e00044c0002696471007e000e4c000870617373776f726471007e000f4c0008757365726e616d6571007e000f7870000000017372002f6f72672e68696265726e6174652e636f6c6c656374696f6e2e696e7465726e616c2e50657273697374656e744261676563fd3f2082000c0200014c000362616771007e00087872003e6f72672e68696265726e6174652e636f6c6c656374696f6e2e696e7465726e616c2e416273747261637450657273697374656e74436f6c6c656374696f6ee9d3dc4da9113ba502000a5a001b616c6c6f774c6f61644f7574736964655472616e73616374696f6e49000a63616368656453697a655a000564697274795a000b696e697469616c697a65645a000d697354656d7053657373696f6e4c00036b65797400164c6a6176612f696f2f53657269616c697a61626c653b4c00056f776e657271007e00054c0004726f6c6571007e000f4c001273657373696f6e466163746f72795575696471007e000f4c000e73746f726564536e617073686f7471007e0057787000ffffffff00010071007e001371007e0054740039696f2e6a617661627261696e732e737072696e67626f6f74737461727465722e73656375726974792e557365722e617574686f726974696573707371007e000b0000000977040000000971007e001071007e001571007e001871007e001b71007e001e71007e002171007e002471007e002771007e002a787371007e000b0000000977040000000971007e001071007e001571007e001871007e001b71007e001e71007e002171007e002471007e002771007e002a7871007e001374003c243261243038247176727a515a376a4a376f7932702f6d734c344d302e6c38334364306a4e735836414a55697462675258477a6765346a303335686174000561646d696e
141af63d94c7a60de90460f4c66cb397	\\xaced00057372004c6f72672e737072696e676672616d65776f726b2e73656375726974792e6f61757468322e636f6d6d6f6e2e44656661756c744578706972696e674f417574683252656672657368546f6b656e2fdf47639dd0c9b70200014c000a65787069726174696f6e7400104c6a6176612f7574696c2f446174653b787200446f72672e737072696e676672616d65776f726b2e73656375726974792e6f61757468322e636f6d6d6f6e2e44656661756c744f417574683252656672657368546f6b656e73e10e0a6354d45e0200014c000576616c75657400124c6a6176612f6c616e672f537472696e673b787074002437616134313233342d316238332d343563642d613032342d3161363238623139303037627372000e6a6176612e7574696c2e44617465686a81014b59741903000078707708000001673b7c46eb78	\\xaced0005737200416f72672e737072696e676672616d65776f726b2e73656375726974792e6f61757468322e70726f76696465722e4f417574683241757468656e7469636174696f6ebd400b02166252130200024c000d73746f7265645265717565737474003c4c6f72672f737072696e676672616d65776f726b2f73656375726974792f6f61757468322f70726f76696465722f4f4175746832526571756573743b4c00127573657241757468656e7469636174696f6e7400324c6f72672f737072696e676672616d65776f726b2f73656375726974792f636f72652f41757468656e7469636174696f6e3b787200476f72672e737072696e676672616d65776f726b2e73656375726974792e61757468656e7469636174696f6e2e416273747261637441757468656e7469636174696f6e546f6b656ed3aa287e6e47640e0200035a000d61757468656e746963617465644c000b617574686f7269746965737400164c6a6176612f7574696c2f436f6c6c656374696f6e3b4c000764657461696c737400124c6a6176612f6c616e672f4f626a6563743b787000737200266a6176612e7574696c2e436f6c6c656374696f6e7324556e6d6f6469666961626c654c697374fc0f2531b5ec8e100200014c00046c6973747400104c6a6176612f7574696c2f4c6973743b7872002c6a6176612e7574696c2e436f6c6c656374696f6e7324556e6d6f6469666961626c65436f6c6c656374696f6e19420080cb5ef71e0200014c00016371007e00047870737200136a6176612e7574696c2e41727261794c6973747881d21d99c7619d03000149000473697a6578700000000977040000000973720032696f2e6a617661627261696e732e737072696e67626f6f74737461727465722e73656375726974792e417574686f726974796993924ba02fc6530200024c000269647400104c6a6176612f6c616e672f4c6f6e673b4c00046e616d657400124c6a6176612f6c616e672f537472696e673b78707372000e6a6176612e6c616e672e4c6f6e673b8be490cc8f23df0200014a000576616c7565787200106a6176612e6c616e672e4e756d62657286ac951d0b94e08b0200007870000000000000000174000f435553544f4d45525f4352454154457371007e000d7371007e0011000000000000000274000d435553544f4d45525f524541447371007e000d7371007e0011000000000000000374000f435553544f4d45525f5550444154457371007e000d7371007e0011000000000000000474000f435553544f4d45525f44454c4554457371007e000d7371007e0011000000000000000574000e50524f445543545f4352454154457371007e000d7371007e0011000000000000000674000c50524f445543545f524541447371007e000d7371007e0011000000000000000774000e50524f445543545f5550444154457371007e000d7371007e0011000000000000000874000e50524f445543545f44454c4554457371007e000d7371007e00110000000000000009740013524f4c455f50524f445543545f5245414445527871007e000c707372003a6f72672e737072696e676672616d65776f726b2e73656375726974792e6f61757468322e70726f76696465722e4f41757468325265717565737400000000000000010200075a0008617070726f7665644c000b617574686f72697469657371007e00044c000a657874656e73696f6e7374000f4c6a6176612f7574696c2f4d61703b4c000b726564697265637455726971007e000f4c00077265667265736874003b4c6f72672f737072696e676672616d65776f726b2f73656375726974792f6f61757468322f70726f76696465722f546f6b656e526571756573743b4c000b7265736f7572636549647374000f4c6a6176612f7574696c2f5365743b4c000d726573706f6e7365547970657371007e0030787200386f72672e737072696e676672616d65776f726b2e73656375726974792e6f61757468322e70726f76696465722e426173655265717565737436287a3ea37169bd0200034c0008636c69656e74496471007e000f4c001172657175657374506172616d657465727371007e002e4c000573636f706571007e00307870740028737072696e672d73656375726974792d6f61757468322d726561642d77726974652d636c69656e74737200256a6176612e7574696c2e436f6c6c656374696f6e7324556e6d6f6469666961626c654d6170f1a5a8fe74f507420200014c00016d71007e002e7870737200116a6176612e7574696c2e486173684d61700507dac1c31660d103000246000a6c6f6164466163746f724900097468726573686f6c6478703f400000000000067708000000080000000374000a6772616e745f7479706574000870617373776f7264740009636c69656e745f6964740028737072696e672d73656375726974792d6f61757468322d726561642d77726974652d636c69656e74740008757365726e616d6574000561646d696e78737200256a6176612e7574696c2e436f6c6c656374696f6e7324556e6d6f6469666961626c65536574801d92d18f9b80550200007871007e0009737200176a6176612e7574696c2e4c696e6b656448617368536574d86cd75a95dd2a1e020000787200116a6176612e7574696c2e48617368536574ba44859596b8b7340300007870770c000000103f4000000000000274000472656164740005777269746578017371007e0041770c000000103f40000000000001737200426f72672e737072696e676672616d65776f726b2e73656375726974792e636f72652e617574686f726974792e53696d706c654772616e746564417574686f7269747900000000000001f40200014c0004726f6c6571007e000f787074000455534552787371007e00363f40000000000000770800000010000000007870707371007e0041770c000000103f400000000000017400187265736f757263652d7365727665722d726573742d617069787371007e0041770c000000103f40000000000000787372004f6f72672e737072696e676672616d65776f726b2e73656375726974792e61757468656e7469636174696f6e2e557365726e616d6550617373776f726441757468656e7469636174696f6e546f6b656e00000000000001f40200024c000b63726564656e7469616c7371007e00054c00097072696e636970616c71007e00057871007e0003017371007e00077371007e000b0000000977040000000971007e001071007e001571007e001871007e001b71007e001e71007e002171007e002471007e002771007e002a7871007e0050737200176a6176612e7574696c2e4c696e6b6564486173684d617034c04e5c106cc0fb0200015a000b6163636573734f726465727871007e00363f400000000000067708000000080000000371007e003871007e003971007e003a71007e003b71007e003c71007e003d7800707372002d696f2e6a617661627261696e732e737072696e67626f6f74737461727465722e73656375726974792e55736572c3820721c6cb33bc0200085a000e6163636f756e74457870697265645a000d6163636f756e744c6f636b65645a001263726564656e7469616c73457870697265645a0007656e61626c65644c000b617574686f72697469657371007e00044c0002696471007e000e4c000870617373776f726471007e000f4c0008757365726e616d6571007e000f7870000000017372002f6f72672e68696265726e6174652e636f6c6c656374696f6e2e696e7465726e616c2e50657273697374656e744261676563fd3f2082000c0200014c000362616771007e00087872003e6f72672e68696265726e6174652e636f6c6c656374696f6e2e696e7465726e616c2e416273747261637450657273697374656e74436f6c6c656374696f6ee9d3dc4da9113ba502000a5a001b616c6c6f774c6f61644f7574736964655472616e73616374696f6e49000a63616368656453697a655a000564697274795a000b696e697469616c697a65645a000d697354656d7053657373696f6e4c00036b65797400164c6a6176612f696f2f53657269616c697a61626c653b4c00056f776e657271007e00054c0004726f6c6571007e000f4c001273657373696f6e466163746f72795575696471007e000f4c000e73746f726564536e617073686f7471007e0057787000ffffffff00010071007e001371007e0054740039696f2e6a617661627261696e732e737072696e67626f6f74737461727465722e73656375726974792e557365722e617574686f726974696573707371007e000b0000000977040000000971007e001071007e001571007e001871007e001b71007e001e71007e002171007e002471007e002771007e002a787371007e000b0000000977040000000971007e001071007e001571007e001871007e001b71007e001e71007e002171007e002471007e002771007e002a7871007e001374003c243261243038247176727a515a376a4a376f7932702f6d734c344d302e6c38334364306a4e735836414a55697462675258477a6765346a303335686174000561646d696e
3c54067c9aaa99421d9849b2e2e3b0f0	\\xaced00057372004c6f72672e737072696e676672616d65776f726b2e73656375726974792e6f61757468322e636f6d6d6f6e2e44656661756c744578706972696e674f417574683252656672657368546f6b656e2fdf47639dd0c9b70200014c000a65787069726174696f6e7400104c6a6176612f7574696c2f446174653b787200446f72672e737072696e676672616d65776f726b2e73656375726974792e6f61757468322e636f6d6d6f6e2e44656661756c744f417574683252656672657368546f6b656e73e10e0a6354d45e0200014c000576616c75657400124c6a6176612f6c616e672f537472696e673b787074002462666234346438612d666136322d343562322d626364332d3630333931393366663232647372000e6a6176612e7574696c2e44617465686a81014b59741903000078707708000001673b83642378	\\xaced0005737200416f72672e737072696e676672616d65776f726b2e73656375726974792e6f61757468322e70726f76696465722e4f417574683241757468656e7469636174696f6ebd400b02166252130200024c000d73746f7265645265717565737474003c4c6f72672f737072696e676672616d65776f726b2f73656375726974792f6f61757468322f70726f76696465722f4f4175746832526571756573743b4c00127573657241757468656e7469636174696f6e7400324c6f72672f737072696e676672616d65776f726b2f73656375726974792f636f72652f41757468656e7469636174696f6e3b787200476f72672e737072696e676672616d65776f726b2e73656375726974792e61757468656e7469636174696f6e2e416273747261637441757468656e7469636174696f6e546f6b656ed3aa287e6e47640e0200035a000d61757468656e746963617465644c000b617574686f7269746965737400164c6a6176612f7574696c2f436f6c6c656374696f6e3b4c000764657461696c737400124c6a6176612f6c616e672f4f626a6563743b787000737200266a6176612e7574696c2e436f6c6c656374696f6e7324556e6d6f6469666961626c654c697374fc0f2531b5ec8e100200014c00046c6973747400104c6a6176612f7574696c2f4c6973743b7872002c6a6176612e7574696c2e436f6c6c656374696f6e7324556e6d6f6469666961626c65436f6c6c656374696f6e19420080cb5ef71e0200014c00016371007e00047870737200136a6176612e7574696c2e41727261794c6973747881d21d99c7619d03000149000473697a6578700000000977040000000973720032696f2e6a617661627261696e732e737072696e67626f6f74737461727465722e73656375726974792e417574686f726974796993924ba02fc6530200024c000269647400104c6a6176612f6c616e672f4c6f6e673b4c00046e616d657400124c6a6176612f6c616e672f537472696e673b78707372000e6a6176612e6c616e672e4c6f6e673b8be490cc8f23df0200014a000576616c7565787200106a6176612e6c616e672e4e756d62657286ac951d0b94e08b0200007870000000000000000174000f435553544f4d45525f4352454154457371007e000d7371007e0011000000000000000274000d435553544f4d45525f524541447371007e000d7371007e0011000000000000000374000f435553544f4d45525f5550444154457371007e000d7371007e0011000000000000000474000f435553544f4d45525f44454c4554457371007e000d7371007e0011000000000000000574000e50524f445543545f4352454154457371007e000d7371007e0011000000000000000674000c50524f445543545f524541447371007e000d7371007e0011000000000000000774000e50524f445543545f5550444154457371007e000d7371007e0011000000000000000874000e50524f445543545f44454c4554457371007e000d7371007e00110000000000000009740013524f4c455f50524f445543545f5245414445527871007e000c707372003a6f72672e737072696e676672616d65776f726b2e73656375726974792e6f61757468322e70726f76696465722e4f41757468325265717565737400000000000000010200075a0008617070726f7665644c000b617574686f72697469657371007e00044c000a657874656e73696f6e7374000f4c6a6176612f7574696c2f4d61703b4c000b726564697265637455726971007e000f4c00077265667265736874003b4c6f72672f737072696e676672616d65776f726b2f73656375726974792f6f61757468322f70726f76696465722f546f6b656e526571756573743b4c000b7265736f7572636549647374000f4c6a6176612f7574696c2f5365743b4c000d726573706f6e7365547970657371007e0030787200386f72672e737072696e676672616d65776f726b2e73656375726974792e6f61757468322e70726f76696465722e426173655265717565737436287a3ea37169bd0200034c0008636c69656e74496471007e000f4c001172657175657374506172616d657465727371007e002e4c000573636f706571007e00307870740028737072696e672d73656375726974792d6f61757468322d726561642d77726974652d636c69656e74737200256a6176612e7574696c2e436f6c6c656374696f6e7324556e6d6f6469666961626c654d6170f1a5a8fe74f507420200014c00016d71007e002e7870737200116a6176612e7574696c2e486173684d61700507dac1c31660d103000246000a6c6f6164466163746f724900097468726573686f6c6478703f400000000000067708000000080000000374000a6772616e745f7479706574000870617373776f7264740009636c69656e745f6964740028737072696e672d73656375726974792d6f61757468322d726561642d77726974652d636c69656e74740008757365726e616d6574000561646d696e78737200256a6176612e7574696c2e436f6c6c656374696f6e7324556e6d6f6469666961626c65536574801d92d18f9b80550200007871007e0009737200176a6176612e7574696c2e4c696e6b656448617368536574d86cd75a95dd2a1e020000787200116a6176612e7574696c2e48617368536574ba44859596b8b7340300007870770c000000103f4000000000000274000472656164740005777269746578017371007e0041770c000000103f40000000000001737200426f72672e737072696e676672616d65776f726b2e73656375726974792e636f72652e617574686f726974792e53696d706c654772616e746564417574686f7269747900000000000001f40200014c0004726f6c6571007e000f787074000455534552787371007e00363f40000000000000770800000010000000007870707371007e0041770c000000103f400000000000017400187265736f757263652d7365727665722d726573742d617069787371007e0041770c000000103f40000000000000787372004f6f72672e737072696e676672616d65776f726b2e73656375726974792e61757468656e7469636174696f6e2e557365726e616d6550617373776f726441757468656e7469636174696f6e546f6b656e00000000000001f40200024c000b63726564656e7469616c7371007e00054c00097072696e636970616c71007e00057871007e0003017371007e00077371007e000b0000000977040000000971007e001071007e001571007e001871007e001b71007e001e71007e002171007e002471007e002771007e002a7871007e0050737200176a6176612e7574696c2e4c696e6b6564486173684d617034c04e5c106cc0fb0200015a000b6163636573734f726465727871007e00363f400000000000067708000000080000000371007e003871007e003971007e003a71007e003b71007e003c71007e003d7800707372002d696f2e6a617661627261696e732e737072696e67626f6f74737461727465722e73656375726974792e55736572a3a8d76a92f7e84d0200085a000e6163636f756e74457870697265645a000d6163636f756e744c6f636b65645a001263726564656e7469616c73457870697265645a0007656e61626c65644c000b617574686f72697469657371007e00044c00077061727479496471007e000e4c000870617373776f726471007e000f4c0008757365726e616d6571007e000f7870000000017372002f6f72672e68696265726e6174652e636f6c6c656374696f6e2e696e7465726e616c2e50657273697374656e744261676563fd3f2082000c0200014c000362616771007e00087872003e6f72672e68696265726e6174652e636f6c6c656374696f6e2e696e7465726e616c2e416273747261637450657273697374656e74436f6c6c656374696f6ee9d3dc4da9113ba502000a5a001b616c6c6f774c6f61644f7574736964655472616e73616374696f6e49000a63616368656453697a655a000564697274795a000b696e697469616c697a65645a000d697354656d7053657373696f6e4c00036b65797400164c6a6176612f696f2f53657269616c697a61626c653b4c00056f776e657271007e00054c0004726f6c6571007e000f4c001273657373696f6e466163746f72795575696471007e000f4c000e73746f726564536e617073686f7471007e0057787000ffffffff00010071007e001371007e0054740039696f2e6a617661627261696e732e737072696e67626f6f74737461727465722e73656375726974792e557365722e617574686f726974696573707371007e000b0000000977040000000971007e001071007e001571007e001871007e001b71007e001e71007e002171007e002471007e002771007e002a787371007e000b0000000977040000000971007e001071007e001571007e001871007e001b71007e001e71007e002171007e002471007e002771007e002a7871007e001374003c243261243038247176727a515a376a4a376f7932702f6d734c344d302e6c38334364306a4e735836414a55697462675258477a6765346a303335686174000561646d696e
a1ecc9fdf9c1536e64e6163988a9647f	\\xaced00057372004c6f72672e737072696e676672616d65776f726b2e73656375726974792e6f61757468322e636f6d6d6f6e2e44656661756c744578706972696e674f417574683252656672657368546f6b656e2fdf47639dd0c9b70200014c000a65787069726174696f6e7400104c6a6176612f7574696c2f446174653b787200446f72672e737072696e676672616d65776f726b2e73656375726974792e6f61757468322e636f6d6d6f6e2e44656661756c744f417574683252656672657368546f6b656e73e10e0a6354d45e0200014c000576616c75657400124c6a6176612f6c616e672f537472696e673b787074002436356634313336332d393163352d343534342d383262652d3862346630616265336633377372000e6a6176612e7574696c2e44617465686a81014b59741903000078707708000001673b8fc9e678	\\xaced0005737200416f72672e737072696e676672616d65776f726b2e73656375726974792e6f61757468322e70726f76696465722e4f417574683241757468656e7469636174696f6ebd400b02166252130200024c000d73746f7265645265717565737474003c4c6f72672f737072696e676672616d65776f726b2f73656375726974792f6f61757468322f70726f76696465722f4f4175746832526571756573743b4c00127573657241757468656e7469636174696f6e7400324c6f72672f737072696e676672616d65776f726b2f73656375726974792f636f72652f41757468656e7469636174696f6e3b787200476f72672e737072696e676672616d65776f726b2e73656375726974792e61757468656e7469636174696f6e2e416273747261637441757468656e7469636174696f6e546f6b656ed3aa287e6e47640e0200035a000d61757468656e746963617465644c000b617574686f7269746965737400164c6a6176612f7574696c2f436f6c6c656374696f6e3b4c000764657461696c737400124c6a6176612f6c616e672f4f626a6563743b787000737200266a6176612e7574696c2e436f6c6c656374696f6e7324556e6d6f6469666961626c654c697374fc0f2531b5ec8e100200014c00046c6973747400104c6a6176612f7574696c2f4c6973743b7872002c6a6176612e7574696c2e436f6c6c656374696f6e7324556e6d6f6469666961626c65436f6c6c656374696f6e19420080cb5ef71e0200014c00016371007e00047870737200136a6176612e7574696c2e41727261794c6973747881d21d99c7619d03000149000473697a6578700000000977040000000973720032696f2e6a617661627261696e732e737072696e67626f6f74737461727465722e73656375726974792e417574686f726974796993924ba02fc6530200024c000269647400104c6a6176612f6c616e672f4c6f6e673b4c00046e616d657400124c6a6176612f6c616e672f537472696e673b78707372000e6a6176612e6c616e672e4c6f6e673b8be490cc8f23df0200014a000576616c7565787200106a6176612e6c616e672e4e756d62657286ac951d0b94e08b0200007870000000000000000174000f435553544f4d45525f4352454154457371007e000d7371007e0011000000000000000274000d435553544f4d45525f524541447371007e000d7371007e0011000000000000000374000f435553544f4d45525f5550444154457371007e000d7371007e0011000000000000000474000f435553544f4d45525f44454c4554457371007e000d7371007e0011000000000000000574000e50524f445543545f4352454154457371007e000d7371007e0011000000000000000674000c50524f445543545f524541447371007e000d7371007e0011000000000000000774000e50524f445543545f5550444154457371007e000d7371007e0011000000000000000874000e50524f445543545f44454c4554457371007e000d7371007e00110000000000000009740013524f4c455f50524f445543545f5245414445527871007e000c707372003a6f72672e737072696e676672616d65776f726b2e73656375726974792e6f61757468322e70726f76696465722e4f41757468325265717565737400000000000000010200075a0008617070726f7665644c000b617574686f72697469657371007e00044c000a657874656e73696f6e7374000f4c6a6176612f7574696c2f4d61703b4c000b726564697265637455726971007e000f4c00077265667265736874003b4c6f72672f737072696e676672616d65776f726b2f73656375726974792f6f61757468322f70726f76696465722f546f6b656e526571756573743b4c000b7265736f7572636549647374000f4c6a6176612f7574696c2f5365743b4c000d726573706f6e7365547970657371007e0030787200386f72672e737072696e676672616d65776f726b2e73656375726974792e6f61757468322e70726f76696465722e426173655265717565737436287a3ea37169bd0200034c0008636c69656e74496471007e000f4c001172657175657374506172616d657465727371007e002e4c000573636f706571007e00307870740028737072696e672d73656375726974792d6f61757468322d726561642d77726974652d636c69656e74737200256a6176612e7574696c2e436f6c6c656374696f6e7324556e6d6f6469666961626c654d6170f1a5a8fe74f507420200014c00016d71007e002e7870737200116a6176612e7574696c2e486173684d61700507dac1c31660d103000246000a6c6f6164466163746f724900097468726573686f6c6478703f400000000000067708000000080000000374000a6772616e745f7479706574000870617373776f7264740009636c69656e745f6964740028737072696e672d73656375726974792d6f61757468322d726561642d77726974652d636c69656e74740008757365726e616d6574000561646d696e78737200256a6176612e7574696c2e436f6c6c656374696f6e7324556e6d6f6469666961626c65536574801d92d18f9b80550200007871007e0009737200176a6176612e7574696c2e4c696e6b656448617368536574d86cd75a95dd2a1e020000787200116a6176612e7574696c2e48617368536574ba44859596b8b7340300007870770c000000103f4000000000000274000472656164740005777269746578017371007e0041770c000000103f40000000000001737200426f72672e737072696e676672616d65776f726b2e73656375726974792e636f72652e617574686f726974792e53696d706c654772616e746564417574686f7269747900000000000001f40200014c0004726f6c6571007e000f787074000455534552787371007e00363f40000000000000770800000010000000007870707371007e0041770c000000103f400000000000017400187265736f757263652d7365727665722d726573742d617069787371007e0041770c000000103f40000000000000787372004f6f72672e737072696e676672616d65776f726b2e73656375726974792e61757468656e7469636174696f6e2e557365726e616d6550617373776f726441757468656e7469636174696f6e546f6b656e00000000000001f40200024c000b63726564656e7469616c7371007e00054c00097072696e636970616c71007e00057871007e0003017371007e00077371007e000b0000000977040000000971007e001071007e001571007e001871007e001b71007e001e71007e002171007e002471007e002771007e002a7871007e0050737200176a6176612e7574696c2e4c696e6b6564486173684d617034c04e5c106cc0fb0200015a000b6163636573734f726465727871007e00363f400000000000067708000000080000000371007e003871007e003971007e003a71007e003b71007e003c71007e003d7800707372002d696f2e6a617661627261696e732e737072696e67626f6f74737461727465722e73656375726974792e557365721f41da432aa303dd0200095a000e6163636f756e74457870697265645a000d6163636f756e744c6f636b65645a001263726564656e7469616c73457870697265645a0007656e61626c65644c000b617574686f72697469657371007e00044c00077061727479496471007e000e4c000870617373776f726471007e000f4c000975736572506172747974002e4c696f2f6a617661627261696e732f737072696e67626f6f74737461727465722f646f6d61696e2f50617274793b4c0008757365726e616d6571007e000f7870000000017372002f6f72672e68696265726e6174652e636f6c6c656374696f6e2e696e7465726e616c2e50657273697374656e744261676563fd3f2082000c0200014c000362616771007e00087872003e6f72672e68696265726e6174652e636f6c6c656374696f6e2e696e7465726e616c2e416273747261637450657273697374656e74436f6c6c656374696f6ee9d3dc4da9113ba502000a5a001b616c6c6f774c6f61644f7574736964655472616e73616374696f6e49000a63616368656453697a655a000564697274795a000b696e697469616c697a65645a000d697354656d7053657373696f6e4c00036b65797400164c6a6176612f696f2f53657269616c697a61626c653b4c00056f776e657271007e00054c0004726f6c6571007e000f4c001273657373696f6e466163746f72795575696471007e000f4c000e73746f726564536e617073686f7471007e0058787000ffffffff00010071007e001371007e0055740039696f2e6a617661627261696e732e737072696e67626f6f74737461727465722e73656375726974792e557365722e617574686f726974696573707371007e000b0000000977040000000971007e001071007e001571007e001871007e001b71007e001e71007e002171007e002471007e002771007e002a787371007e000b0000000977040000000971007e001071007e001571007e001871007e001b71007e001e71007e002171007e002471007e002771007e002a7871007e001374003c243261243038247176727a515a376a4a376f7932702f6d734c344d302e6c38334364306a4e735836414a55697462675258477a6765346a30333568617372002d696f2e6a617661627261696e732e737072696e67626f6f74737461727465722e646f6d61696e2e506572736f6e275dc007fb1e22180200034c000c46616d696c794e616d65456e71007e000f4c000b476976656e4e616d65456e71007e000f4c00064e616d65436e71007e000f78707400064d61636b696574000644616e69656c74000fe4b8b9e5b0bce788bee9baa5e59fba74000561646d696e
51f1aef399333a4307c4d94a061e7734	\\xaced00057372004c6f72672e737072696e676672616d65776f726b2e73656375726974792e6f61757468322e636f6d6d6f6e2e44656661756c744578706972696e674f417574683252656672657368546f6b656e2fdf47639dd0c9b70200014c000a65787069726174696f6e7400104c6a6176612f7574696c2f446174653b787200446f72672e737072696e676672616d65776f726b2e73656375726974792e6f61757468322e636f6d6d6f6e2e44656661756c744f417574683252656672657368546f6b656e73e10e0a6354d45e0200014c000576616c75657400124c6a6176612f6c616e672f537472696e673b787074002434393837643762332d346162392d343763302d386336622d3238313365326535666536637372000e6a6176612e7574696c2e44617465686a81014b59741903000078707708000001673e3fca7678	\\xaced0005737200416f72672e737072696e676672616d65776f726b2e73656375726974792e6f61757468322e70726f76696465722e4f417574683241757468656e7469636174696f6ebd400b02166252130200024c000d73746f7265645265717565737474003c4c6f72672f737072696e676672616d65776f726b2f73656375726974792f6f61757468322f70726f76696465722f4f4175746832526571756573743b4c00127573657241757468656e7469636174696f6e7400324c6f72672f737072696e676672616d65776f726b2f73656375726974792f636f72652f41757468656e7469636174696f6e3b787200476f72672e737072696e676672616d65776f726b2e73656375726974792e61757468656e7469636174696f6e2e416273747261637441757468656e7469636174696f6e546f6b656ed3aa287e6e47640e0200035a000d61757468656e746963617465644c000b617574686f7269746965737400164c6a6176612f7574696c2f436f6c6c656374696f6e3b4c000764657461696c737400124c6a6176612f6c616e672f4f626a6563743b787000737200266a6176612e7574696c2e436f6c6c656374696f6e7324556e6d6f6469666961626c654c697374fc0f2531b5ec8e100200014c00046c6973747400104c6a6176612f7574696c2f4c6973743b7872002c6a6176612e7574696c2e436f6c6c656374696f6e7324556e6d6f6469666961626c65436f6c6c656374696f6e19420080cb5ef71e0200014c00016371007e00047870737200136a6176612e7574696c2e41727261794c6973747881d21d99c7619d03000149000473697a6578700000000977040000000973720032696f2e6a617661627261696e732e737072696e67626f6f74737461727465722e73656375726974792e417574686f726974796993924ba02fc6530200024c000269647400104c6a6176612f6c616e672f4c6f6e673b4c00046e616d657400124c6a6176612f6c616e672f537472696e673b78707372000e6a6176612e6c616e672e4c6f6e673b8be490cc8f23df0200014a000576616c7565787200106a6176612e6c616e672e4e756d62657286ac951d0b94e08b0200007870000000000000000174000f435553544f4d45525f4352454154457371007e000d7371007e0011000000000000000274000d435553544f4d45525f524541447371007e000d7371007e0011000000000000000374000f435553544f4d45525f5550444154457371007e000d7371007e0011000000000000000474000f435553544f4d45525f44454c4554457371007e000d7371007e0011000000000000000574000e50524f445543545f4352454154457371007e000d7371007e0011000000000000000674000c50524f445543545f524541447371007e000d7371007e0011000000000000000774000e50524f445543545f5550444154457371007e000d7371007e0011000000000000000874000e50524f445543545f44454c4554457371007e000d7371007e00110000000000000009740013524f4c455f50524f445543545f5245414445527871007e000c707372003a6f72672e737072696e676672616d65776f726b2e73656375726974792e6f61757468322e70726f76696465722e4f41757468325265717565737400000000000000010200075a0008617070726f7665644c000b617574686f72697469657371007e00044c000a657874656e73696f6e7374000f4c6a6176612f7574696c2f4d61703b4c000b726564697265637455726971007e000f4c00077265667265736874003b4c6f72672f737072696e676672616d65776f726b2f73656375726974792f6f61757468322f70726f76696465722f546f6b656e526571756573743b4c000b7265736f7572636549647374000f4c6a6176612f7574696c2f5365743b4c000d726573706f6e7365547970657371007e0030787200386f72672e737072696e676672616d65776f726b2e73656375726974792e6f61757468322e70726f76696465722e426173655265717565737436287a3ea37169bd0200034c0008636c69656e74496471007e000f4c001172657175657374506172616d657465727371007e002e4c000573636f706571007e00307870740028737072696e672d73656375726974792d6f61757468322d726561642d77726974652d636c69656e74737200256a6176612e7574696c2e436f6c6c656374696f6e7324556e6d6f6469666961626c654d6170f1a5a8fe74f507420200014c00016d71007e002e7870737200116a6176612e7574696c2e486173684d61700507dac1c31660d103000246000a6c6f6164466163746f724900097468726573686f6c6478703f400000000000067708000000080000000374000a6772616e745f7479706574000870617373776f7264740009636c69656e745f6964740028737072696e672d73656375726974792d6f61757468322d726561642d77726974652d636c69656e74740008757365726e616d6574000561646d696e78737200256a6176612e7574696c2e436f6c6c656374696f6e7324556e6d6f6469666961626c65536574801d92d18f9b80550200007871007e0009737200176a6176612e7574696c2e4c696e6b656448617368536574d86cd75a95dd2a1e020000787200116a6176612e7574696c2e48617368536574ba44859596b8b7340300007870770c000000103f4000000000000274000472656164740005777269746578017371007e0041770c000000103f40000000000001737200426f72672e737072696e676672616d65776f726b2e73656375726974792e636f72652e617574686f726974792e53696d706c654772616e746564417574686f7269747900000000000001f40200014c0004726f6c6571007e000f787074000455534552787371007e00363f40000000000000770800000010000000007870707371007e0041770c000000103f400000000000017400187265736f757263652d7365727665722d726573742d617069787371007e0041770c000000103f40000000000000787372004f6f72672e737072696e676672616d65776f726b2e73656375726974792e61757468656e7469636174696f6e2e557365726e616d6550617373776f726441757468656e7469636174696f6e546f6b656e00000000000001f40200024c000b63726564656e7469616c7371007e00054c00097072696e636970616c71007e00057871007e0003017371007e00077371007e000b0000000977040000000971007e001071007e001571007e001871007e001b71007e001e71007e002171007e002471007e002771007e002a7871007e0050737200176a6176612e7574696c2e4c696e6b6564486173684d617034c04e5c106cc0fb0200015a000b6163636573734f726465727871007e00363f400000000000067708000000080000000371007e003871007e003971007e003a71007e003b71007e003c71007e003d7800707372002d696f2e6a617661627261696e732e737072696e67626f6f74737461727465722e73656375726974792e557365721f41da432aa303dd0200095a000e6163636f756e74457870697265645a000d6163636f756e744c6f636b65645a001263726564656e7469616c73457870697265645a0007656e61626c65644c000b617574686f72697469657371007e00044c00077061727479496471007e000e4c000870617373776f726471007e000f4c000975736572506172747974002e4c696f2f6a617661627261696e732f737072696e67626f6f74737461727465722f646f6d61696e2f50617274793b4c0008757365726e616d6571007e000f7870000000017372002f6f72672e68696265726e6174652e636f6c6c656374696f6e2e696e7465726e616c2e50657273697374656e744261676563fd3f2082000c0200014c000362616771007e00087872003e6f72672e68696265726e6174652e636f6c6c656374696f6e2e696e7465726e616c2e416273747261637450657273697374656e74436f6c6c656374696f6ee9d3dc4da9113ba502000a5a001b616c6c6f774c6f61644f7574736964655472616e73616374696f6e49000a63616368656453697a655a000564697274795a000b696e697469616c697a65645a000d697354656d7053657373696f6e4c00036b65797400164c6a6176612f696f2f53657269616c697a61626c653b4c00056f776e657271007e00054c0004726f6c6571007e000f4c001273657373696f6e466163746f72795575696471007e000f4c000e73746f726564536e617073686f7471007e0058787000ffffffff00010071007e001371007e0055740039696f2e6a617661627261696e732e737072696e67626f6f74737461727465722e73656375726974792e557365722e617574686f726974696573707371007e000b0000000977040000000971007e001071007e001571007e001871007e001b71007e001e71007e002171007e002471007e002771007e002a787371007e000b0000000977040000000971007e001071007e001571007e001871007e001b71007e001e71007e002171007e002471007e002771007e002a7871007e001374003c243261243038247176727a515a376a4a376f7932702f6d734c344d302e6c38334364306a4e735836414a55697462675258477a6765346a30333568617372002d696f2e6a617661627261696e732e737072696e67626f6f74737461727465722e646f6d61696e2e506572736f6e275dc007fb1e22180200034c000c46616d696c794e616d65456e71007e000f4c000b476976656e4e616d65456e71007e000f4c00064e616d65436e71007e000f78707400064d61636b696574000644616e69656c74000fe4b8b9e5b0bce788bee9baa5e59fba74000561646d696e
b00cf133434b7c715ecf161092652ba7	\\xaced00057372004c6f72672e737072696e676672616d65776f726b2e73656375726974792e6f61757468322e636f6d6d6f6e2e44656661756c744578706972696e674f417574683252656672657368546f6b656e2fdf47639dd0c9b70200014c000a65787069726174696f6e7400104c6a6176612f7574696c2f446174653b787200446f72672e737072696e676672616d65776f726b2e73656375726974792e6f61757468322e636f6d6d6f6e2e44656661756c744f417574683252656672657368546f6b656e73e10e0a6354d45e0200014c000576616c75657400124c6a6176612f6c616e672f537472696e673b787074002465383134336231372d363330632d346636322d393336332d3632316339663635646339397372000e6a6176612e7574696c2e44617465686a81014b59741903000078707708000001673e52070178	\\xaced0005737200416f72672e737072696e676672616d65776f726b2e73656375726974792e6f61757468322e70726f76696465722e4f417574683241757468656e7469636174696f6ebd400b02166252130200024c000d73746f7265645265717565737474003c4c6f72672f737072696e676672616d65776f726b2f73656375726974792f6f61757468322f70726f76696465722f4f4175746832526571756573743b4c00127573657241757468656e7469636174696f6e7400324c6f72672f737072696e676672616d65776f726b2f73656375726974792f636f72652f41757468656e7469636174696f6e3b787200476f72672e737072696e676672616d65776f726b2e73656375726974792e61757468656e7469636174696f6e2e416273747261637441757468656e7469636174696f6e546f6b656ed3aa287e6e47640e0200035a000d61757468656e746963617465644c000b617574686f7269746965737400164c6a6176612f7574696c2f436f6c6c656374696f6e3b4c000764657461696c737400124c6a6176612f6c616e672f4f626a6563743b787000737200266a6176612e7574696c2e436f6c6c656374696f6e7324556e6d6f6469666961626c654c697374fc0f2531b5ec8e100200014c00046c6973747400104c6a6176612f7574696c2f4c6973743b7872002c6a6176612e7574696c2e436f6c6c656374696f6e7324556e6d6f6469666961626c65436f6c6c656374696f6e19420080cb5ef71e0200014c00016371007e00047870737200136a6176612e7574696c2e41727261794c6973747881d21d99c7619d03000149000473697a6578700000000977040000000973720032696f2e6a617661627261696e732e737072696e67626f6f74737461727465722e73656375726974792e417574686f726974796993924ba02fc6530200024c000269647400104c6a6176612f6c616e672f4c6f6e673b4c00046e616d657400124c6a6176612f6c616e672f537472696e673b78707372000e6a6176612e6c616e672e4c6f6e673b8be490cc8f23df0200014a000576616c7565787200106a6176612e6c616e672e4e756d62657286ac951d0b94e08b0200007870000000000000000174000f435553544f4d45525f4352454154457371007e000d7371007e0011000000000000000274000d435553544f4d45525f524541447371007e000d7371007e0011000000000000000374000f435553544f4d45525f5550444154457371007e000d7371007e0011000000000000000474000f435553544f4d45525f44454c4554457371007e000d7371007e0011000000000000000574000e50524f445543545f4352454154457371007e000d7371007e0011000000000000000674000c50524f445543545f524541447371007e000d7371007e0011000000000000000774000e50524f445543545f5550444154457371007e000d7371007e0011000000000000000874000e50524f445543545f44454c4554457371007e000d7371007e00110000000000000009740013524f4c455f50524f445543545f5245414445527871007e000c707372003a6f72672e737072696e676672616d65776f726b2e73656375726974792e6f61757468322e70726f76696465722e4f41757468325265717565737400000000000000010200075a0008617070726f7665644c000b617574686f72697469657371007e00044c000a657874656e73696f6e7374000f4c6a6176612f7574696c2f4d61703b4c000b726564697265637455726971007e000f4c00077265667265736874003b4c6f72672f737072696e676672616d65776f726b2f73656375726974792f6f61757468322f70726f76696465722f546f6b656e526571756573743b4c000b7265736f7572636549647374000f4c6a6176612f7574696c2f5365743b4c000d726573706f6e7365547970657371007e0030787200386f72672e737072696e676672616d65776f726b2e73656375726974792e6f61757468322e70726f76696465722e426173655265717565737436287a3ea37169bd0200034c0008636c69656e74496471007e000f4c001172657175657374506172616d657465727371007e002e4c000573636f706571007e00307870740028737072696e672d73656375726974792d6f61757468322d726561642d77726974652d636c69656e74737200256a6176612e7574696c2e436f6c6c656374696f6e7324556e6d6f6469666961626c654d6170f1a5a8fe74f507420200014c00016d71007e002e7870737200116a6176612e7574696c2e486173684d61700507dac1c31660d103000246000a6c6f6164466163746f724900097468726573686f6c6478703f400000000000067708000000080000000374000a6772616e745f7479706574000870617373776f7264740009636c69656e745f6964740028737072696e672d73656375726974792d6f61757468322d726561642d77726974652d636c69656e74740008757365726e616d6574000561646d696e78737200256a6176612e7574696c2e436f6c6c656374696f6e7324556e6d6f6469666961626c65536574801d92d18f9b80550200007871007e0009737200176a6176612e7574696c2e4c696e6b656448617368536574d86cd75a95dd2a1e020000787200116a6176612e7574696c2e48617368536574ba44859596b8b7340300007870770c000000103f4000000000000274000472656164740005777269746578017371007e0041770c000000103f40000000000001737200426f72672e737072696e676672616d65776f726b2e73656375726974792e636f72652e617574686f726974792e53696d706c654772616e746564417574686f7269747900000000000001f40200014c0004726f6c6571007e000f787074000455534552787371007e00363f40000000000000770800000010000000007870707371007e0041770c000000103f400000000000017400187265736f757263652d7365727665722d726573742d617069787371007e0041770c000000103f40000000000000787372004f6f72672e737072696e676672616d65776f726b2e73656375726974792e61757468656e7469636174696f6e2e557365726e616d6550617373776f726441757468656e7469636174696f6e546f6b656e00000000000001f40200024c000b63726564656e7469616c7371007e00054c00097072696e636970616c71007e00057871007e0003017371007e00077371007e000b0000000977040000000971007e001071007e001571007e001871007e001b71007e001e71007e002171007e002471007e002771007e002a7871007e0050737200176a6176612e7574696c2e4c696e6b6564486173684d617034c04e5c106cc0fb0200015a000b6163636573734f726465727871007e00363f400000000000067708000000080000000371007e003871007e003971007e003a71007e003b71007e003c71007e003d7800707372002d696f2e6a617661627261696e732e737072696e67626f6f74737461727465722e73656375726974792e55736572a3a8d76a92f7e84d0200085a000e6163636f756e74457870697265645a000d6163636f756e744c6f636b65645a001263726564656e7469616c73457870697265645a0007656e61626c65644c000b617574686f72697469657371007e00044c00077061727479496471007e000e4c000870617373776f726471007e000f4c0008757365726e616d6571007e000f7870000000017372002f6f72672e68696265726e6174652e636f6c6c656374696f6e2e696e7465726e616c2e50657273697374656e744261676563fd3f2082000c0200014c000362616771007e00087872003e6f72672e68696265726e6174652e636f6c6c656374696f6e2e696e7465726e616c2e416273747261637450657273697374656e74436f6c6c656374696f6ee9d3dc4da9113ba502000a5a001b616c6c6f774c6f61644f7574736964655472616e73616374696f6e49000a63616368656453697a655a000564697274795a000b696e697469616c697a65645a000d697354656d7053657373696f6e4c00036b65797400164c6a6176612f696f2f53657269616c697a61626c653b4c00056f776e657271007e00054c0004726f6c6571007e000f4c001273657373696f6e466163746f72795575696471007e000f4c000e73746f726564536e617073686f7471007e0057787000ffffffff00010071007e001371007e0054740039696f2e6a617661627261696e732e737072696e67626f6f74737461727465722e73656375726974792e557365722e617574686f726974696573707371007e000b0000000977040000000971007e001071007e001571007e001871007e001b71007e001e71007e002171007e002471007e002771007e002a787371007e000b0000000977040000000971007e001071007e001571007e001871007e001b71007e001e71007e002171007e002471007e002771007e002a7871007e001374003c243261243038247176727a515a376a4a376f7932702f6d734c344d302e6c38334364306a4e735836414a55697462675258477a6765346a303335686174000561646d696e
3813bd90799d8edf4c7c7cb964f3316e	\\xaced00057372004c6f72672e737072696e676672616d65776f726b2e73656375726974792e6f61757468322e636f6d6d6f6e2e44656661756c744578706972696e674f417574683252656672657368546f6b656e2fdf47639dd0c9b70200014c000a65787069726174696f6e7400104c6a6176612f7574696c2f446174653b787200446f72672e737072696e676672616d65776f726b2e73656375726974792e6f61757468322e636f6d6d6f6e2e44656661756c744f417574683252656672657368546f6b656e73e10e0a6354d45e0200014c000576616c75657400124c6a6176612f6c616e672f537472696e673b787074002463626336323862362d366131382d343261632d383431622d3461323965616361356132387372000e6a6176612e7574696c2e44617465686a81014b59741903000078707708000001673e5505c778	\\xaced0005737200416f72672e737072696e676672616d65776f726b2e73656375726974792e6f61757468322e70726f76696465722e4f417574683241757468656e7469636174696f6ebd400b02166252130200024c000d73746f7265645265717565737474003c4c6f72672f737072696e676672616d65776f726b2f73656375726974792f6f61757468322f70726f76696465722f4f4175746832526571756573743b4c00127573657241757468656e7469636174696f6e7400324c6f72672f737072696e676672616d65776f726b2f73656375726974792f636f72652f41757468656e7469636174696f6e3b787200476f72672e737072696e676672616d65776f726b2e73656375726974792e61757468656e7469636174696f6e2e416273747261637441757468656e7469636174696f6e546f6b656ed3aa287e6e47640e0200035a000d61757468656e746963617465644c000b617574686f7269746965737400164c6a6176612f7574696c2f436f6c6c656374696f6e3b4c000764657461696c737400124c6a6176612f6c616e672f4f626a6563743b787000737200266a6176612e7574696c2e436f6c6c656374696f6e7324556e6d6f6469666961626c654c697374fc0f2531b5ec8e100200014c00046c6973747400104c6a6176612f7574696c2f4c6973743b7872002c6a6176612e7574696c2e436f6c6c656374696f6e7324556e6d6f6469666961626c65436f6c6c656374696f6e19420080cb5ef71e0200014c00016371007e00047870737200136a6176612e7574696c2e41727261794c6973747881d21d99c7619d03000149000473697a6578700000000977040000000973720032696f2e6a617661627261696e732e737072696e67626f6f74737461727465722e73656375726974792e417574686f726974796993924ba02fc6530200024c000269647400104c6a6176612f6c616e672f4c6f6e673b4c00046e616d657400124c6a6176612f6c616e672f537472696e673b78707372000e6a6176612e6c616e672e4c6f6e673b8be490cc8f23df0200014a000576616c7565787200106a6176612e6c616e672e4e756d62657286ac951d0b94e08b0200007870000000000000000174000f435553544f4d45525f4352454154457371007e000d7371007e0011000000000000000274000d435553544f4d45525f524541447371007e000d7371007e0011000000000000000374000f435553544f4d45525f5550444154457371007e000d7371007e0011000000000000000474000f435553544f4d45525f44454c4554457371007e000d7371007e0011000000000000000574000e50524f445543545f4352454154457371007e000d7371007e0011000000000000000674000c50524f445543545f524541447371007e000d7371007e0011000000000000000774000e50524f445543545f5550444154457371007e000d7371007e0011000000000000000874000e50524f445543545f44454c4554457371007e000d7371007e00110000000000000009740013524f4c455f50524f445543545f5245414445527871007e000c707372003a6f72672e737072696e676672616d65776f726b2e73656375726974792e6f61757468322e70726f76696465722e4f41757468325265717565737400000000000000010200075a0008617070726f7665644c000b617574686f72697469657371007e00044c000a657874656e73696f6e7374000f4c6a6176612f7574696c2f4d61703b4c000b726564697265637455726971007e000f4c00077265667265736874003b4c6f72672f737072696e676672616d65776f726b2f73656375726974792f6f61757468322f70726f76696465722f546f6b656e526571756573743b4c000b7265736f7572636549647374000f4c6a6176612f7574696c2f5365743b4c000d726573706f6e7365547970657371007e0030787200386f72672e737072696e676672616d65776f726b2e73656375726974792e6f61757468322e70726f76696465722e426173655265717565737436287a3ea37169bd0200034c0008636c69656e74496471007e000f4c001172657175657374506172616d657465727371007e002e4c000573636f706571007e00307870740028737072696e672d73656375726974792d6f61757468322d726561642d77726974652d636c69656e74737200256a6176612e7574696c2e436f6c6c656374696f6e7324556e6d6f6469666961626c654d6170f1a5a8fe74f507420200014c00016d71007e002e7870737200116a6176612e7574696c2e486173684d61700507dac1c31660d103000246000a6c6f6164466163746f724900097468726573686f6c6478703f400000000000067708000000080000000374000a6772616e745f7479706574000870617373776f7264740009636c69656e745f6964740028737072696e672d73656375726974792d6f61757468322d726561642d77726974652d636c69656e74740008757365726e616d6574000561646d696e78737200256a6176612e7574696c2e436f6c6c656374696f6e7324556e6d6f6469666961626c65536574801d92d18f9b80550200007871007e0009737200176a6176612e7574696c2e4c696e6b656448617368536574d86cd75a95dd2a1e020000787200116a6176612e7574696c2e48617368536574ba44859596b8b7340300007870770c000000103f4000000000000274000472656164740005777269746578017371007e0041770c000000103f40000000000001737200426f72672e737072696e676672616d65776f726b2e73656375726974792e636f72652e617574686f726974792e53696d706c654772616e746564417574686f7269747900000000000001f40200014c0004726f6c6571007e000f787074000455534552787371007e00363f40000000000000770800000010000000007870707371007e0041770c000000103f400000000000017400187265736f757263652d7365727665722d726573742d617069787371007e0041770c000000103f40000000000000787372004f6f72672e737072696e676672616d65776f726b2e73656375726974792e61757468656e7469636174696f6e2e557365726e616d6550617373776f726441757468656e7469636174696f6e546f6b656e00000000000001f40200024c000b63726564656e7469616c7371007e00054c00097072696e636970616c71007e00057871007e0003017371007e00077371007e000b0000000977040000000971007e001071007e001571007e001871007e001b71007e001e71007e002171007e002471007e002771007e002a7871007e0050737200176a6176612e7574696c2e4c696e6b6564486173684d617034c04e5c106cc0fb0200015a000b6163636573734f726465727871007e00363f400000000000067708000000080000000371007e003871007e003971007e003a71007e003b71007e003c71007e003d7800707372002d696f2e6a617661627261696e732e737072696e67626f6f74737461727465722e73656375726974792e557365721f41da432aa303dd0200095a000e6163636f756e74457870697265645a000d6163636f756e744c6f636b65645a001263726564656e7469616c73457870697265645a0007656e61626c65644c000b617574686f72697469657371007e00044c00077061727479496471007e000e4c000870617373776f726471007e000f4c000975736572506172747974002e4c696f2f6a617661627261696e732f737072696e67626f6f74737461727465722f646f6d61696e2f50617274793b4c0008757365726e616d6571007e000f7870000000017372002f6f72672e68696265726e6174652e636f6c6c656374696f6e2e696e7465726e616c2e50657273697374656e744261676563fd3f2082000c0200014c000362616771007e00087872003e6f72672e68696265726e6174652e636f6c6c656374696f6e2e696e7465726e616c2e416273747261637450657273697374656e74436f6c6c656374696f6ee9d3dc4da9113ba502000a5a001b616c6c6f774c6f61644f7574736964655472616e73616374696f6e49000a63616368656453697a655a000564697274795a000b696e697469616c697a65645a000d697354656d7053657373696f6e4c00036b65797400164c6a6176612f696f2f53657269616c697a61626c653b4c00056f776e657271007e00054c0004726f6c6571007e000f4c001273657373696f6e466163746f72795575696471007e000f4c000e73746f726564536e617073686f7471007e0058787000ffffffff00010071007e001371007e0055740039696f2e6a617661627261696e732e737072696e67626f6f74737461727465722e73656375726974792e557365722e617574686f726974696573707371007e000b0000000977040000000971007e001071007e001571007e001871007e001b71007e001e71007e002171007e002471007e002771007e002a787371007e000b0000000977040000000971007e001071007e001571007e001871007e001b71007e001e71007e002171007e002471007e002771007e002a7871007e001374003c243261243038247176727a515a376a4a376f7932702f6d734c344d302e6c38334364306a4e735836414a55697462675258477a6765346a30333568617372002d696f2e6a617661627261696e732e737072696e67626f6f74737461727465722e646f6d61696e2e506572736f6e275dc007fb1e22180200034c000c46616d696c794e616d65456e71007e000f4c000b476976656e4e616d65456e71007e000f4c00064e616d65436e71007e000f78707400064d61636b696574000644616e69656c74000fe4b8b9e5b0bce788bee9baa5e59fba74000561646d696e
3710d75a6f389ef019a5b97406f74d28	\\xaced00057372004c6f72672e737072696e676672616d65776f726b2e73656375726974792e6f61757468322e636f6d6d6f6e2e44656661756c744578706972696e674f417574683252656672657368546f6b656e2fdf47639dd0c9b70200014c000a65787069726174696f6e7400104c6a6176612f7574696c2f446174653b787200446f72672e737072696e676672616d65776f726b2e73656375726974792e6f61757468322e636f6d6d6f6e2e44656661756c744f417574683252656672657368546f6b656e73e10e0a6354d45e0200014c000576616c75657400124c6a6176612f6c616e672f537472696e673b787074002432373066343962372d393134312d343564352d613662312d3533343162613230346533307372000e6a6176612e7574696c2e44617465686a81014b59741903000078707708000001673e86c8cf78	\\xaced0005737200416f72672e737072696e676672616d65776f726b2e73656375726974792e6f61757468322e70726f76696465722e4f417574683241757468656e7469636174696f6ebd400b02166252130200024c000d73746f7265645265717565737474003c4c6f72672f737072696e676672616d65776f726b2f73656375726974792f6f61757468322f70726f76696465722f4f4175746832526571756573743b4c00127573657241757468656e7469636174696f6e7400324c6f72672f737072696e676672616d65776f726b2f73656375726974792f636f72652f41757468656e7469636174696f6e3b787200476f72672e737072696e676672616d65776f726b2e73656375726974792e61757468656e7469636174696f6e2e416273747261637441757468656e7469636174696f6e546f6b656ed3aa287e6e47640e0200035a000d61757468656e746963617465644c000b617574686f7269746965737400164c6a6176612f7574696c2f436f6c6c656374696f6e3b4c000764657461696c737400124c6a6176612f6c616e672f4f626a6563743b787000737200266a6176612e7574696c2e436f6c6c656374696f6e7324556e6d6f6469666961626c654c697374fc0f2531b5ec8e100200014c00046c6973747400104c6a6176612f7574696c2f4c6973743b7872002c6a6176612e7574696c2e436f6c6c656374696f6e7324556e6d6f6469666961626c65436f6c6c656374696f6e19420080cb5ef71e0200014c00016371007e00047870737200136a6176612e7574696c2e41727261794c6973747881d21d99c7619d03000149000473697a6578700000000977040000000973720032696f2e6a617661627261696e732e737072696e67626f6f74737461727465722e73656375726974792e417574686f726974796993924ba02fc6530200024c000269647400104c6a6176612f6c616e672f4c6f6e673b4c00046e616d657400124c6a6176612f6c616e672f537472696e673b78707372000e6a6176612e6c616e672e4c6f6e673b8be490cc8f23df0200014a000576616c7565787200106a6176612e6c616e672e4e756d62657286ac951d0b94e08b0200007870000000000000000174000f435553544f4d45525f4352454154457371007e000d7371007e0011000000000000000274000d435553544f4d45525f524541447371007e000d7371007e0011000000000000000374000f435553544f4d45525f5550444154457371007e000d7371007e0011000000000000000474000f435553544f4d45525f44454c4554457371007e000d7371007e0011000000000000000574000e50524f445543545f4352454154457371007e000d7371007e0011000000000000000674000c50524f445543545f524541447371007e000d7371007e0011000000000000000774000e50524f445543545f5550444154457371007e000d7371007e0011000000000000000874000e50524f445543545f44454c4554457371007e000d7371007e00110000000000000009740013524f4c455f50524f445543545f5245414445527871007e000c707372003a6f72672e737072696e676672616d65776f726b2e73656375726974792e6f61757468322e70726f76696465722e4f41757468325265717565737400000000000000010200075a0008617070726f7665644c000b617574686f72697469657371007e00044c000a657874656e73696f6e7374000f4c6a6176612f7574696c2f4d61703b4c000b726564697265637455726971007e000f4c00077265667265736874003b4c6f72672f737072696e676672616d65776f726b2f73656375726974792f6f61757468322f70726f76696465722f546f6b656e526571756573743b4c000b7265736f7572636549647374000f4c6a6176612f7574696c2f5365743b4c000d726573706f6e7365547970657371007e0030787200386f72672e737072696e676672616d65776f726b2e73656375726974792e6f61757468322e70726f76696465722e426173655265717565737436287a3ea37169bd0200034c0008636c69656e74496471007e000f4c001172657175657374506172616d657465727371007e002e4c000573636f706571007e00307870740028737072696e672d73656375726974792d6f61757468322d726561642d77726974652d636c69656e74737200256a6176612e7574696c2e436f6c6c656374696f6e7324556e6d6f6469666961626c654d6170f1a5a8fe74f507420200014c00016d71007e002e7870737200116a6176612e7574696c2e486173684d61700507dac1c31660d103000246000a6c6f6164466163746f724900097468726573686f6c6478703f400000000000067708000000080000000374000a6772616e745f7479706574000870617373776f7264740009636c69656e745f6964740028737072696e672d73656375726974792d6f61757468322d726561642d77726974652d636c69656e74740008757365726e616d6574000561646d696e78737200256a6176612e7574696c2e436f6c6c656374696f6e7324556e6d6f6469666961626c65536574801d92d18f9b80550200007871007e0009737200176a6176612e7574696c2e4c696e6b656448617368536574d86cd75a95dd2a1e020000787200116a6176612e7574696c2e48617368536574ba44859596b8b7340300007870770c000000103f4000000000000274000472656164740005777269746578017371007e0041770c000000103f40000000000001737200426f72672e737072696e676672616d65776f726b2e73656375726974792e636f72652e617574686f726974792e53696d706c654772616e746564417574686f7269747900000000000001f40200014c0004726f6c6571007e000f787074000455534552787371007e00363f40000000000000770800000010000000007870707371007e0041770c000000103f400000000000017400187265736f757263652d7365727665722d726573742d617069787371007e0041770c000000103f40000000000000787372004f6f72672e737072696e676672616d65776f726b2e73656375726974792e61757468656e7469636174696f6e2e557365726e616d6550617373776f726441757468656e7469636174696f6e546f6b656e00000000000001f40200024c000b63726564656e7469616c7371007e00054c00097072696e636970616c71007e00057871007e0003017371007e00077371007e000b0000000977040000000971007e001071007e001571007e001871007e001b71007e001e71007e002171007e002471007e002771007e002a7871007e0050737200176a6176612e7574696c2e4c696e6b6564486173684d617034c04e5c106cc0fb0200015a000b6163636573734f726465727871007e00363f400000000000067708000000080000000371007e003871007e003971007e003a71007e003b71007e003c71007e003d7800707372002d696f2e6a617661627261696e732e737072696e67626f6f74737461727465722e73656375726974792e5573657254e600169b6219310200095a000e6163636f756e74457870697265645a000d6163636f756e744c6f636b65645a001263726564656e7469616c73457870697265645a0007656e61626c65644c0002496471007e000e4c000b617574686f72697469657371007e00044c000870617373776f726471007e000f4c000975736572506172747974002e4c696f2f6a617661627261696e732f737072696e67626f6f74737461727465722f646f6d61696e2f50617274793b4c0008757365726e616d6571007e000f78700000000171007e00137372002f6f72672e68696265726e6174652e636f6c6c656374696f6e2e696e7465726e616c2e50657273697374656e744261676563fd3f2082000c0200014c000362616771007e00087872003e6f72672e68696265726e6174652e636f6c6c656374696f6e2e696e7465726e616c2e416273747261637450657273697374656e74436f6c6c656374696f6ee9d3dc4da9113ba502000a5a001b616c6c6f774c6f61644f7574736964655472616e73616374696f6e49000a63616368656453697a655a000564697274795a000b696e697469616c697a65645a000d697354656d7053657373696f6e4c00036b65797400164c6a6176612f696f2f53657269616c697a61626c653b4c00056f776e657271007e00054c0004726f6c6571007e000f4c001273657373696f6e466163746f72795575696471007e000f4c000e73746f726564536e617073686f7471007e0058787000ffffffff00010071007e001371007e0055740039696f2e6a617661627261696e732e737072696e67626f6f74737461727465722e73656375726974792e557365722e617574686f726974696573707371007e000b0000000977040000000971007e001071007e001571007e001871007e001b71007e001e71007e002171007e002471007e002771007e002a787371007e000b0000000977040000000971007e001071007e001571007e001871007e001b71007e001e71007e002171007e002471007e002771007e002a7874003c243261243038247176727a515a376a4a376f7932702f6d734c344d302e6c38334364306a4e735836414a55697462675258477a6765346a30333568617372002d696f2e6a617661627261696e732e737072696e67626f6f74737461727465722e646f6d61696e2e506572736f6e275dc007fb1e22180200034c000c46616d696c794e616d65456e71007e000f4c000b476976656e4e616d65456e71007e000f4c00064e616d65436e71007e000f78707400064d61636b696574000644616e69656c74000fe4b8b9e5b0bce788bee9baa5e59fba74000561646d696e
abaaece31eeb9d83efd169367f1e0618	\\xaced00057372004c6f72672e737072696e676672616d65776f726b2e73656375726974792e6f61757468322e636f6d6d6f6e2e44656661756c744578706972696e674f417574683252656672657368546f6b656e2fdf47639dd0c9b70200014c000a65787069726174696f6e7400104c6a6176612f7574696c2f446174653b787200446f72672e737072696e676672616d65776f726b2e73656375726974792e6f61757468322e636f6d6d6f6e2e44656661756c744f417574683252656672657368546f6b656e73e10e0a6354d45e0200014c000576616c75657400124c6a6176612f6c616e672f537472696e673b787074002434313339623030312d653335372d343738612d626531632d3138666565303139306635327372000e6a6176612e7574696c2e44617465686a81014b59741903000078707708000001673e91f18e78	\\xaced0005737200416f72672e737072696e676672616d65776f726b2e73656375726974792e6f61757468322e70726f76696465722e4f417574683241757468656e7469636174696f6ebd400b02166252130200024c000d73746f7265645265717565737474003c4c6f72672f737072696e676672616d65776f726b2f73656375726974792f6f61757468322f70726f76696465722f4f4175746832526571756573743b4c00127573657241757468656e7469636174696f6e7400324c6f72672f737072696e676672616d65776f726b2f73656375726974792f636f72652f41757468656e7469636174696f6e3b787200476f72672e737072696e676672616d65776f726b2e73656375726974792e61757468656e7469636174696f6e2e416273747261637441757468656e7469636174696f6e546f6b656ed3aa287e6e47640e0200035a000d61757468656e746963617465644c000b617574686f7269746965737400164c6a6176612f7574696c2f436f6c6c656374696f6e3b4c000764657461696c737400124c6a6176612f6c616e672f4f626a6563743b787000737200266a6176612e7574696c2e436f6c6c656374696f6e7324556e6d6f6469666961626c654c697374fc0f2531b5ec8e100200014c00046c6973747400104c6a6176612f7574696c2f4c6973743b7872002c6a6176612e7574696c2e436f6c6c656374696f6e7324556e6d6f6469666961626c65436f6c6c656374696f6e19420080cb5ef71e0200014c00016371007e00047870737200136a6176612e7574696c2e41727261794c6973747881d21d99c7619d03000149000473697a6578700000000977040000000973720032696f2e6a617661627261696e732e737072696e67626f6f74737461727465722e73656375726974792e417574686f726974796993924ba02fc6530200024c000269647400104c6a6176612f6c616e672f4c6f6e673b4c00046e616d657400124c6a6176612f6c616e672f537472696e673b78707372000e6a6176612e6c616e672e4c6f6e673b8be490cc8f23df0200014a000576616c7565787200106a6176612e6c616e672e4e756d62657286ac951d0b94e08b0200007870000000000000000174000f435553544f4d45525f4352454154457371007e000d7371007e0011000000000000000274000d435553544f4d45525f524541447371007e000d7371007e0011000000000000000374000f435553544f4d45525f5550444154457371007e000d7371007e0011000000000000000474000f435553544f4d45525f44454c4554457371007e000d7371007e0011000000000000000574000e50524f445543545f4352454154457371007e000d7371007e0011000000000000000674000c50524f445543545f524541447371007e000d7371007e0011000000000000000774000e50524f445543545f5550444154457371007e000d7371007e0011000000000000000874000e50524f445543545f44454c4554457371007e000d7371007e00110000000000000009740013524f4c455f50524f445543545f5245414445527871007e000c707372003a6f72672e737072696e676672616d65776f726b2e73656375726974792e6f61757468322e70726f76696465722e4f41757468325265717565737400000000000000010200075a0008617070726f7665644c000b617574686f72697469657371007e00044c000a657874656e73696f6e7374000f4c6a6176612f7574696c2f4d61703b4c000b726564697265637455726971007e000f4c00077265667265736874003b4c6f72672f737072696e676672616d65776f726b2f73656375726974792f6f61757468322f70726f76696465722f546f6b656e526571756573743b4c000b7265736f7572636549647374000f4c6a6176612f7574696c2f5365743b4c000d726573706f6e7365547970657371007e0030787200386f72672e737072696e676672616d65776f726b2e73656375726974792e6f61757468322e70726f76696465722e426173655265717565737436287a3ea37169bd0200034c0008636c69656e74496471007e000f4c001172657175657374506172616d657465727371007e002e4c000573636f706571007e00307870740028737072696e672d73656375726974792d6f61757468322d726561642d77726974652d636c69656e74737200256a6176612e7574696c2e436f6c6c656374696f6e7324556e6d6f6469666961626c654d6170f1a5a8fe74f507420200014c00016d71007e002e7870737200116a6176612e7574696c2e486173684d61700507dac1c31660d103000246000a6c6f6164466163746f724900097468726573686f6c6478703f400000000000067708000000080000000374000a6772616e745f7479706574000870617373776f7264740009636c69656e745f6964740028737072696e672d73656375726974792d6f61757468322d726561642d77726974652d636c69656e74740008757365726e616d6574000561646d696e78737200256a6176612e7574696c2e436f6c6c656374696f6e7324556e6d6f6469666961626c65536574801d92d18f9b80550200007871007e0009737200176a6176612e7574696c2e4c696e6b656448617368536574d86cd75a95dd2a1e020000787200116a6176612e7574696c2e48617368536574ba44859596b8b7340300007870770c000000103f4000000000000274000472656164740005777269746578017371007e0041770c000000103f40000000000001737200426f72672e737072696e676672616d65776f726b2e73656375726974792e636f72652e617574686f726974792e53696d706c654772616e746564417574686f7269747900000000000001f40200014c0004726f6c6571007e000f787074000455534552787371007e00363f40000000000000770800000010000000007870707371007e0041770c000000103f400000000000017400187265736f757263652d7365727665722d726573742d617069787371007e0041770c000000103f40000000000000787372004f6f72672e737072696e676672616d65776f726b2e73656375726974792e61757468656e7469636174696f6e2e557365726e616d6550617373776f726441757468656e7469636174696f6e546f6b656e00000000000001f40200024c000b63726564656e7469616c7371007e00054c00097072696e636970616c71007e00057871007e0003017371007e00077371007e000b0000000977040000000971007e001071007e001571007e001871007e001b71007e001e71007e002171007e002471007e002771007e002a7871007e0050737200176a6176612e7574696c2e4c696e6b6564486173684d617034c04e5c106cc0fb0200015a000b6163636573734f726465727871007e00363f400000000000067708000000080000000371007e003871007e003971007e003a71007e003b71007e003c71007e003d7800707372002d696f2e6a617661627261696e732e737072696e67626f6f74737461727465722e73656375726974792e55736572f7bb8d57e70c8ffb0200085a000e6163636f756e74457870697265645a000d6163636f756e744c6f636b65645a001263726564656e7469616c73457870697265645a0007656e61626c65644c0002496471007e000e4c000b617574686f72697469657371007e00044c000870617373776f726471007e000f4c0008757365726e616d6571007e000f78700000000171007e00137372002f6f72672e68696265726e6174652e636f6c6c656374696f6e2e696e7465726e616c2e50657273697374656e744261676563fd3f2082000c0200014c000362616771007e00087872003e6f72672e68696265726e6174652e636f6c6c656374696f6e2e696e7465726e616c2e416273747261637450657273697374656e74436f6c6c656374696f6ee9d3dc4da9113ba502000a5a001b616c6c6f774c6f61644f7574736964655472616e73616374696f6e49000a63616368656453697a655a000564697274795a000b696e697469616c697a65645a000d697354656d7053657373696f6e4c00036b65797400164c6a6176612f696f2f53657269616c697a61626c653b4c00056f776e657271007e00054c0004726f6c6571007e000f4c001273657373696f6e466163746f72795575696471007e000f4c000e73746f726564536e617073686f7471007e0057787000ffffffff00010071007e001371007e0054740039696f2e6a617661627261696e732e737072696e67626f6f74737461727465722e73656375726974792e557365722e617574686f726974696573707371007e000b0000000977040000000971007e001071007e001571007e001871007e001b71007e001e71007e002171007e002471007e002771007e002a787371007e000b0000000977040000000971007e001071007e001571007e001871007e001b71007e001e71007e002171007e002471007e002771007e002a7874003c243261243038247176727a515a376a4a376f7932702f6d734c344d302e6c38334364306a4e735836414a55697462675258477a6765346a303335686174000561646d696e
8652665dedf0cd0febcd0dbe921b536c	\\xaced00057372004c6f72672e737072696e676672616d65776f726b2e73656375726974792e6f61757468322e636f6d6d6f6e2e44656661756c744578706972696e674f417574683252656672657368546f6b656e2fdf47639dd0c9b70200014c000a65787069726174696f6e7400104c6a6176612f7574696c2f446174653b787200446f72672e737072696e676672616d65776f726b2e73656375726974792e6f61757468322e636f6d6d6f6e2e44656661756c744f417574683252656672657368546f6b656e73e10e0a6354d45e0200014c000576616c75657400124c6a6176612f6c616e672f537472696e673b787074002464356432626530342d333766372d346237352d623062382d3532616231643338353363327372000e6a6176612e7574696c2e44617465686a81014b59741903000078707708000001673e9b809578	\\xaced0005737200416f72672e737072696e676672616d65776f726b2e73656375726974792e6f61757468322e70726f76696465722e4f417574683241757468656e7469636174696f6ebd400b02166252130200024c000d73746f7265645265717565737474003c4c6f72672f737072696e676672616d65776f726b2f73656375726974792f6f61757468322f70726f76696465722f4f4175746832526571756573743b4c00127573657241757468656e7469636174696f6e7400324c6f72672f737072696e676672616d65776f726b2f73656375726974792f636f72652f41757468656e7469636174696f6e3b787200476f72672e737072696e676672616d65776f726b2e73656375726974792e61757468656e7469636174696f6e2e416273747261637441757468656e7469636174696f6e546f6b656ed3aa287e6e47640e0200035a000d61757468656e746963617465644c000b617574686f7269746965737400164c6a6176612f7574696c2f436f6c6c656374696f6e3b4c000764657461696c737400124c6a6176612f6c616e672f4f626a6563743b787000737200266a6176612e7574696c2e436f6c6c656374696f6e7324556e6d6f6469666961626c654c697374fc0f2531b5ec8e100200014c00046c6973747400104c6a6176612f7574696c2f4c6973743b7872002c6a6176612e7574696c2e436f6c6c656374696f6e7324556e6d6f6469666961626c65436f6c6c656374696f6e19420080cb5ef71e0200014c00016371007e00047870737200136a6176612e7574696c2e41727261794c6973747881d21d99c7619d03000149000473697a6578700000000977040000000973720032696f2e6a617661627261696e732e737072696e67626f6f74737461727465722e73656375726974792e417574686f726974796993924ba02fc6530200024c000269647400104c6a6176612f6c616e672f4c6f6e673b4c00046e616d657400124c6a6176612f6c616e672f537472696e673b78707372000e6a6176612e6c616e672e4c6f6e673b8be490cc8f23df0200014a000576616c7565787200106a6176612e6c616e672e4e756d62657286ac951d0b94e08b0200007870000000000000000174000f435553544f4d45525f4352454154457371007e000d7371007e0011000000000000000274000d435553544f4d45525f524541447371007e000d7371007e0011000000000000000374000f435553544f4d45525f5550444154457371007e000d7371007e0011000000000000000474000f435553544f4d45525f44454c4554457371007e000d7371007e0011000000000000000574000e50524f445543545f4352454154457371007e000d7371007e0011000000000000000674000c50524f445543545f524541447371007e000d7371007e0011000000000000000774000e50524f445543545f5550444154457371007e000d7371007e0011000000000000000874000e50524f445543545f44454c4554457371007e000d7371007e00110000000000000009740013524f4c455f50524f445543545f5245414445527871007e000c707372003a6f72672e737072696e676672616d65776f726b2e73656375726974792e6f61757468322e70726f76696465722e4f41757468325265717565737400000000000000010200075a0008617070726f7665644c000b617574686f72697469657371007e00044c000a657874656e73696f6e7374000f4c6a6176612f7574696c2f4d61703b4c000b726564697265637455726971007e000f4c00077265667265736874003b4c6f72672f737072696e676672616d65776f726b2f73656375726974792f6f61757468322f70726f76696465722f546f6b656e526571756573743b4c000b7265736f7572636549647374000f4c6a6176612f7574696c2f5365743b4c000d726573706f6e7365547970657371007e0030787200386f72672e737072696e676672616d65776f726b2e73656375726974792e6f61757468322e70726f76696465722e426173655265717565737436287a3ea37169bd0200034c0008636c69656e74496471007e000f4c001172657175657374506172616d657465727371007e002e4c000573636f706571007e00307870740028737072696e672d73656375726974792d6f61757468322d726561642d77726974652d636c69656e74737200256a6176612e7574696c2e436f6c6c656374696f6e7324556e6d6f6469666961626c654d6170f1a5a8fe74f507420200014c00016d71007e002e7870737200116a6176612e7574696c2e486173684d61700507dac1c31660d103000246000a6c6f6164466163746f724900097468726573686f6c6478703f400000000000067708000000080000000374000a6772616e745f7479706574000870617373776f7264740009636c69656e745f6964740028737072696e672d73656375726974792d6f61757468322d726561642d77726974652d636c69656e74740008757365726e616d6574000561646d696e78737200256a6176612e7574696c2e436f6c6c656374696f6e7324556e6d6f6469666961626c65536574801d92d18f9b80550200007871007e0009737200176a6176612e7574696c2e4c696e6b656448617368536574d86cd75a95dd2a1e020000787200116a6176612e7574696c2e48617368536574ba44859596b8b7340300007870770c000000103f4000000000000274000472656164740005777269746578017371007e0041770c000000103f40000000000001737200426f72672e737072696e676672616d65776f726b2e73656375726974792e636f72652e617574686f726974792e53696d706c654772616e746564417574686f7269747900000000000001f40200014c0004726f6c6571007e000f787074000455534552787371007e00363f40000000000000770800000010000000007870707371007e0041770c000000103f400000000000017400187265736f757263652d7365727665722d726573742d617069787371007e0041770c000000103f40000000000000787372004f6f72672e737072696e676672616d65776f726b2e73656375726974792e61757468656e7469636174696f6e2e557365726e616d6550617373776f726441757468656e7469636174696f6e546f6b656e00000000000001f40200024c000b63726564656e7469616c7371007e00054c00097072696e636970616c71007e00057871007e0003017371007e00077371007e000b0000000977040000000971007e001071007e001571007e001871007e001b71007e001e71007e002171007e002471007e002771007e002a7871007e0050737200176a6176612e7574696c2e4c696e6b6564486173684d617034c04e5c106cc0fb0200015a000b6163636573734f726465727871007e00363f400000000000067708000000080000000371007e003871007e003971007e003a71007e003b71007e003c71007e003d7800707372002d696f2e6a617661627261696e732e737072696e67626f6f74737461727465722e73656375726974792e5573657254e600169b6219310200095a000e6163636f756e74457870697265645a000d6163636f756e744c6f636b65645a001263726564656e7469616c73457870697265645a0007656e61626c65644c0002496471007e000e4c000b617574686f72697469657371007e00044c000870617373776f726471007e000f4c000975736572506172747974002e4c696f2f6a617661627261696e732f737072696e67626f6f74737461727465722f646f6d61696e2f50617274793b4c0008757365726e616d6571007e000f78700000000171007e00137372002f6f72672e68696265726e6174652e636f6c6c656374696f6e2e696e7465726e616c2e50657273697374656e744261676563fd3f2082000c0200014c000362616771007e00087872003e6f72672e68696265726e6174652e636f6c6c656374696f6e2e696e7465726e616c2e416273747261637450657273697374656e74436f6c6c656374696f6ee9d3dc4da9113ba502000a5a001b616c6c6f774c6f61644f7574736964655472616e73616374696f6e49000a63616368656453697a655a000564697274795a000b696e697469616c697a65645a000d697354656d7053657373696f6e4c00036b65797400164c6a6176612f696f2f53657269616c697a61626c653b4c00056f776e657271007e00054c0004726f6c6571007e000f4c001273657373696f6e466163746f72795575696471007e000f4c000e73746f726564536e617073686f7471007e0058787000ffffffff00010071007e001371007e0055740039696f2e6a617661627261696e732e737072696e67626f6f74737461727465722e73656375726974792e557365722e617574686f726974696573707371007e000b0000000977040000000971007e001071007e001571007e001871007e001b71007e001e71007e002171007e002471007e002771007e002a787371007e000b0000000977040000000971007e001071007e001571007e001871007e001b71007e001e71007e002171007e002471007e002771007e002a7874003c243261243038247176727a515a376a4a376f7932702f6d734c344d302e6c38334364306a4e735836414a55697462675258477a6765346a30333568617372002d696f2e6a617661627261696e732e737072696e67626f6f74737461727465722e646f6d61696e2e506572736f6e275dc007fb1e22180200034c000c46616d696c794e616d65456e71007e000f4c000b476976656e4e616d65456e71007e000f4c00064e616d65436e71007e000f78707400064d61636b696574000644616e69656c74000fe4b8b9e5b0bce788bee9baa5e59fba74000561646d696e
cdc1afc70bac5fe356a573bab73e2202	\\xaced00057372004c6f72672e737072696e676672616d65776f726b2e73656375726974792e6f61757468322e636f6d6d6f6e2e44656661756c744578706972696e674f417574683252656672657368546f6b656e2fdf47639dd0c9b70200014c000a65787069726174696f6e7400104c6a6176612f7574696c2f446174653b787200446f72672e737072696e676672616d65776f726b2e73656375726974792e6f61757468322e636f6d6d6f6e2e44656661756c744f417574683252656672657368546f6b656e73e10e0a6354d45e0200014c000576616c75657400124c6a6176612f6c616e672f537472696e673b787074002464663737323035642d636633352d343130312d393864352d3138376238393131346362347372000e6a6176612e7574696c2e44617465686a81014b59741903000078707708000001673ea99f3678	\\xaced0005737200416f72672e737072696e676672616d65776f726b2e73656375726974792e6f61757468322e70726f76696465722e4f417574683241757468656e7469636174696f6ebd400b02166252130200024c000d73746f7265645265717565737474003c4c6f72672f737072696e676672616d65776f726b2f73656375726974792f6f61757468322f70726f76696465722f4f4175746832526571756573743b4c00127573657241757468656e7469636174696f6e7400324c6f72672f737072696e676672616d65776f726b2f73656375726974792f636f72652f41757468656e7469636174696f6e3b787200476f72672e737072696e676672616d65776f726b2e73656375726974792e61757468656e7469636174696f6e2e416273747261637441757468656e7469636174696f6e546f6b656ed3aa287e6e47640e0200035a000d61757468656e746963617465644c000b617574686f7269746965737400164c6a6176612f7574696c2f436f6c6c656374696f6e3b4c000764657461696c737400124c6a6176612f6c616e672f4f626a6563743b787000737200266a6176612e7574696c2e436f6c6c656374696f6e7324556e6d6f6469666961626c654c697374fc0f2531b5ec8e100200014c00046c6973747400104c6a6176612f7574696c2f4c6973743b7872002c6a6176612e7574696c2e436f6c6c656374696f6e7324556e6d6f6469666961626c65436f6c6c656374696f6e19420080cb5ef71e0200014c00016371007e00047870737200136a6176612e7574696c2e41727261794c6973747881d21d99c7619d03000149000473697a6578700000000977040000000973720032696f2e6a617661627261696e732e737072696e67626f6f74737461727465722e73656375726974792e417574686f726974796993924ba02fc6530200024c000269647400104c6a6176612f6c616e672f4c6f6e673b4c00046e616d657400124c6a6176612f6c616e672f537472696e673b78707372000e6a6176612e6c616e672e4c6f6e673b8be490cc8f23df0200014a000576616c7565787200106a6176612e6c616e672e4e756d62657286ac951d0b94e08b0200007870000000000000000174000f435553544f4d45525f4352454154457371007e000d7371007e0011000000000000000274000d435553544f4d45525f524541447371007e000d7371007e0011000000000000000374000f435553544f4d45525f5550444154457371007e000d7371007e0011000000000000000474000f435553544f4d45525f44454c4554457371007e000d7371007e0011000000000000000574000e50524f445543545f4352454154457371007e000d7371007e0011000000000000000674000c50524f445543545f524541447371007e000d7371007e0011000000000000000774000e50524f445543545f5550444154457371007e000d7371007e0011000000000000000874000e50524f445543545f44454c4554457371007e000d7371007e00110000000000000009740013524f4c455f50524f445543545f5245414445527871007e000c707372003a6f72672e737072696e676672616d65776f726b2e73656375726974792e6f61757468322e70726f76696465722e4f41757468325265717565737400000000000000010200075a0008617070726f7665644c000b617574686f72697469657371007e00044c000a657874656e73696f6e7374000f4c6a6176612f7574696c2f4d61703b4c000b726564697265637455726971007e000f4c00077265667265736874003b4c6f72672f737072696e676672616d65776f726b2f73656375726974792f6f61757468322f70726f76696465722f546f6b656e526571756573743b4c000b7265736f7572636549647374000f4c6a6176612f7574696c2f5365743b4c000d726573706f6e7365547970657371007e0030787200386f72672e737072696e676672616d65776f726b2e73656375726974792e6f61757468322e70726f76696465722e426173655265717565737436287a3ea37169bd0200034c0008636c69656e74496471007e000f4c001172657175657374506172616d657465727371007e002e4c000573636f706571007e00307870740028737072696e672d73656375726974792d6f61757468322d726561642d77726974652d636c69656e74737200256a6176612e7574696c2e436f6c6c656374696f6e7324556e6d6f6469666961626c654d6170f1a5a8fe74f507420200014c00016d71007e002e7870737200116a6176612e7574696c2e486173684d61700507dac1c31660d103000246000a6c6f6164466163746f724900097468726573686f6c6478703f400000000000067708000000080000000374000a6772616e745f7479706574000870617373776f7264740009636c69656e745f6964740028737072696e672d73656375726974792d6f61757468322d726561642d77726974652d636c69656e74740008757365726e616d6574000561646d696e78737200256a6176612e7574696c2e436f6c6c656374696f6e7324556e6d6f6469666961626c65536574801d92d18f9b80550200007871007e0009737200176a6176612e7574696c2e4c696e6b656448617368536574d86cd75a95dd2a1e020000787200116a6176612e7574696c2e48617368536574ba44859596b8b7340300007870770c000000103f4000000000000274000472656164740005777269746578017371007e0041770c000000103f40000000000001737200426f72672e737072696e676672616d65776f726b2e73656375726974792e636f72652e617574686f726974792e53696d706c654772616e746564417574686f7269747900000000000001f40200014c0004726f6c6571007e000f787074000455534552787371007e00363f40000000000000770800000010000000007870707371007e0041770c000000103f400000000000017400187265736f757263652d7365727665722d726573742d617069787371007e0041770c000000103f40000000000000787372004f6f72672e737072696e676672616d65776f726b2e73656375726974792e61757468656e7469636174696f6e2e557365726e616d6550617373776f726441757468656e7469636174696f6e546f6b656e00000000000001f40200024c000b63726564656e7469616c7371007e00054c00097072696e636970616c71007e00057871007e0003017371007e00077371007e000b0000000977040000000971007e001071007e001571007e001871007e001b71007e001e71007e002171007e002471007e002771007e002a7871007e0050737200176a6176612e7574696c2e4c696e6b6564486173684d617034c04e5c106cc0fb0200015a000b6163636573734f726465727871007e00363f400000000000067708000000080000000371007e003871007e003971007e003a71007e003b71007e003c71007e003d7800707372002d696f2e6a617661627261696e732e737072696e67626f6f74737461727465722e73656375726974792e55736572db67e9ecd22024160200095a000e6163636f756e74457870697265645a000d6163636f756e744c6f636b65645a001263726564656e7469616c73457870697265645a0007656e61626c65644c0002496471007e000e4c000b617574686f72697469657371007e00044c000870617373776f726471007e000f4c000975736572506172747974002e4c696f2f6a617661627261696e732f737072696e67626f6f74737461727465722f646f6d61696e2f50617274793b4c0008757365726e616d6571007e000f78700000000171007e00137372002f6f72672e68696265726e6174652e636f6c6c656374696f6e2e696e7465726e616c2e50657273697374656e744261676563fd3f2082000c0200014c000362616771007e00087872003e6f72672e68696265726e6174652e636f6c6c656374696f6e2e696e7465726e616c2e416273747261637450657273697374656e74436f6c6c656374696f6ee9d3dc4da9113ba502000a5a001b616c6c6f774c6f61644f7574736964655472616e73616374696f6e49000a63616368656453697a655a000564697274795a000b696e697469616c697a65645a000d697354656d7053657373696f6e4c00036b65797400164c6a6176612f696f2f53657269616c697a61626c653b4c00056f776e657271007e00054c0004726f6c6571007e000f4c001273657373696f6e466163746f72795575696471007e000f4c000e73746f726564536e617073686f7471007e0058787000ffffffff00010071007e001371007e0055740039696f2e6a617661627261696e732e737072696e67626f6f74737461727465722e73656375726974792e557365722e617574686f726974696573707371007e000b0000000977040000000971007e001071007e001571007e001871007e001b71007e001e71007e002171007e002471007e002771007e002a787371007e000b0000000977040000000971007e001071007e001571007e001871007e001b71007e001e71007e002171007e002471007e002771007e002a7874003c243261243038247176727a515a376a4a376f7932702f6d734c344d302e6c38334364306a4e735836414a55697462675258477a6765346a30333568617372002d696f2e6a617661627261696e732e737072696e67626f6f74737461727465722e646f6d61696e2e506572736f6e275dc007fb1e22180200034c000c46616d696c794e616d65456e71007e000f4c000b476976656e4e616d65456e71007e000f4c00064e616d65436e71007e000f78707400064d61636b696574000644616e69656c74000fe4b8b9e5b0bce788bee9baa5e59fba74000561646d696e
\.


--
-- Data for Name: user_; Type: TABLE DATA; Schema: security; Owner: security_owner
--

COPY security.user_ (pty_id, account_expired, account_locked, credentials_expired, enabled, password, user_name, id) FROM stdin;
1	f	f	f	t	$2a$08$qvrzQZ7jJ7oy2p/msL4M0.l83Cd0jNsX6AJUitbgRXGzge4j035ha	admin	1
2	f	f	f	t	$2a$08$dwYz8O.qtUXboGosJFsS4u19LHKW7aCQ0LXXuNlRfjjGKwj5NfKSe	reader	2
663	f	f	f	t	$2a$08$qvrzQZ7jJ7oy2p/msL4M0.l83Cd0jNsX65AJUitbgRXGzge4j035ha	asdef	664
\.


--
-- Name: user__id_seq; Type: SEQUENCE SET; Schema: security; Owner: security_owner
--

SELECT pg_catalog.setval('security.user__id_seq', 2, true);


--
-- Data for Name: users_authorities; Type: TABLE DATA; Schema: security; Owner: security_owner
--

COPY security.users_authorities (user_id, authority_id) FROM stdin;
1	1
1	2
1	3
1	4
1	5
1	6
1	7
1	8
1	9
2	2
2	6
\.


--
-- Name: customer_cst_id_key; Type: CONSTRAINT; Schema: mochi; Owner: mochidb_owner
--

ALTER TABLE ONLY mochi.customer
    ADD CONSTRAINT customer_cst_id_key UNIQUE (cst_id);


--
-- Name: customer_pkey; Type: CONSTRAINT; Schema: mochi; Owner: mochidb_owner
--

ALTER TABLE ONLY mochi.customer
    ADD CONSTRAINT customer_pkey PRIMARY KEY (rle_id);


--
-- Name: order_line_ord_id_key; Type: CONSTRAINT; Schema: mochi; Owner: mochidb_owner
--

ALTER TABLE ONLY mochi.order_line
    ADD CONSTRAINT order_line_ord_id_key UNIQUE (ord_id);


--
-- Name: order_line_pkey; Type: CONSTRAINT; Schema: mochi; Owner: mochidb_owner
--

ALTER TABLE ONLY mochi.order_line
    ADD CONSTRAINT order_line_pkey PRIMARY KEY (ord_id, prd_id, ord_lne_no);


--
-- Name: order_line_prd_id_key; Type: CONSTRAINT; Schema: mochi; Owner: mochidb_owner
--

ALTER TABLE ONLY mochi.order_line
    ADD CONSTRAINT order_line_prd_id_key UNIQUE (prd_id);


--
-- Name: orders_pkey; Type: CONSTRAINT; Schema: mochi; Owner: mochidb_owner
--

ALTER TABLE ONLY mochi.orders
    ADD CONSTRAINT orders_pkey PRIMARY KEY (ord_id);


--
-- Name: orders_pty_id_key; Type: CONSTRAINT; Schema: mochi; Owner: mochidb_owner
--

ALTER TABLE ONLY mochi.orders
    ADD CONSTRAINT orders_pty_id_key UNIQUE (pty_id);


--
-- Name: organisation_org_id_key; Type: CONSTRAINT; Schema: mochi; Owner: mochidb_owner
--

ALTER TABLE ONLY mochi.organisation
    ADD CONSTRAINT organisation_org_id_key UNIQUE (org_id);


--
-- Name: party_pkey; Type: CONSTRAINT; Schema: mochi; Owner: mochidb_owner
--

ALTER TABLE ONLY mochi.party
    ADD CONSTRAINT party_pkey PRIMARY KEY (pty_id);


--
-- Name: party_type_pkey; Type: CONSTRAINT; Schema: mochi; Owner: mochidb_owner
--

ALTER TABLE ONLY mochi.party_type
    ADD CONSTRAINT party_type_pkey PRIMARY KEY (pty_typ_id);


--
-- Name: party_type_pty_typ_desc_key; Type: CONSTRAINT; Schema: mochi; Owner: mochidb_owner
--

ALTER TABLE ONLY mochi.party_type
    ADD CONSTRAINT party_type_pty_typ_desc_key UNIQUE (pty_typ_desc);


--
-- Name: person_psn_id_key; Type: CONSTRAINT; Schema: mochi; Owner: mochidb_owner
--

ALTER TABLE ONLY mochi.person
    ADD CONSTRAINT person_psn_id_key UNIQUE (psn_id);


--
-- Name: person_role_person_role_desc_key; Type: CONSTRAINT; Schema: mochi; Owner: mochidb_owner
--

ALTER TABLE ONLY mochi.person_role
    ADD CONSTRAINT person_role_person_role_desc_key UNIQUE (person_role_desc);


--
-- Name: person_role_pkey; Type: CONSTRAINT; Schema: mochi; Owner: mochidb_owner
--

ALTER TABLE ONLY mochi.person_role
    ADD CONSTRAINT person_role_pkey PRIMARY KEY (person_role_id);


--
-- Name: poi_pkey; Type: CONSTRAINT; Schema: mochi; Owner: mochidb_owner
--

ALTER TABLE ONLY mochi.point_of_interest
    ADD CONSTRAINT poi_pkey PRIMARY KEY (point_of_interest_id);


--
-- Name: product_attr_lcl_pkey; Type: CONSTRAINT; Schema: mochi; Owner: mochidb_owner
--

ALTER TABLE ONLY mochi.product_attr_lcl
    ADD CONSTRAINT product_attr_lcl_pkey PRIMARY KEY (prd_lcl_id);


--
-- Name: product_pkey; Type: CONSTRAINT; Schema: mochi; Owner: mochidb_owner
--

ALTER TABLE ONLY mochi.product
    ADD CONSTRAINT product_pkey PRIMARY KEY (prd_id);


--
-- Name: role_pkey; Type: CONSTRAINT; Schema: mochi; Owner: mochidb_owner
--

ALTER TABLE ONLY mochi.role
    ADD CONSTRAINT role_pkey PRIMARY KEY (rle_id);


--
-- Name: role_pty_id_key; Type: CONSTRAINT; Schema: mochi; Owner: mochidb_owner
--

ALTER TABLE ONLY mochi.role
    ADD CONSTRAINT role_pty_id_key UNIQUE (pty_id);


--
-- Name: role_type_pkey; Type: CONSTRAINT; Schema: mochi; Owner: mochidb_owner
--

ALTER TABLE ONLY mochi.role_type
    ADD CONSTRAINT role_type_pkey PRIMARY KEY (rle_typ_id);


--
-- Name: role_type_rle_typ_desc_key; Type: CONSTRAINT; Schema: mochi; Owner: mochidb_owner
--

ALTER TABLE ONLY mochi.role_type
    ADD CONSTRAINT role_type_rle_typ_desc_key UNIQUE (rle_typ_desc);


--
-- Name: spring_session_attributes_pk; Type: CONSTRAINT; Schema: mochi; Owner: mochidb_owner
--

ALTER TABLE ONLY mochi.spring_session_attributes
    ADD CONSTRAINT spring_session_attributes_pk PRIMARY KEY (session_id, attribute_name);


--
-- Name: spring_session_pk; Type: CONSTRAINT; Schema: mochi; Owner: mochidb_owner
--

ALTER TABLE ONLY mochi.spring_session
    ADD CONSTRAINT spring_session_pk PRIMARY KEY (session_id);


--
-- Name: uc_prd_lcl_1; Type: CONSTRAINT; Schema: mochi; Owner: mochidb_owner
--

ALTER TABLE ONLY mochi.product_attr_lcl
    ADD CONSTRAINT uc_prd_lcl_1 UNIQUE (prd_id, lcl_cd);


--
-- Name: authority_name; Type: CONSTRAINT; Schema: security; Owner: security_owner
--

ALTER TABLE ONLY security.authority
    ADD CONSTRAINT authority_name UNIQUE (name);


--
-- Name: authority_pkey; Type: CONSTRAINT; Schema: security; Owner: security_owner
--

ALTER TABLE ONLY security.authority
    ADD CONSTRAINT authority_pkey PRIMARY KEY (id);


--
-- Name: clientdetails_pkey; Type: CONSTRAINT; Schema: security; Owner: security_owner
--

ALTER TABLE ONLY security.clientdetails
    ADD CONSTRAINT clientdetails_pkey PRIMARY KEY (appid);


--
-- Name: oauth_access_token_pkey; Type: CONSTRAINT; Schema: security; Owner: security_owner
--

ALTER TABLE ONLY security.oauth_access_token
    ADD CONSTRAINT oauth_access_token_pkey PRIMARY KEY (authentication_id);


--
-- Name: oauth_client_details_pkey; Type: CONSTRAINT; Schema: security; Owner: security_owner
--

ALTER TABLE ONLY security.oauth_client_details
    ADD CONSTRAINT oauth_client_details_pkey PRIMARY KEY (client_id);


--
-- Name: oauth_client_token_pkey; Type: CONSTRAINT; Schema: security; Owner: security_owner
--

ALTER TABLE ONLY security.oauth_client_token
    ADD CONSTRAINT oauth_client_token_pkey PRIMARY KEY (authentication_id);


--
-- Name: user__pkey; Type: CONSTRAINT; Schema: security; Owner: security_owner
--

ALTER TABLE ONLY security.user_
    ADD CONSTRAINT user__pkey PRIMARY KEY (id);


--
-- Name: user_user_name; Type: CONSTRAINT; Schema: security; Owner: security_owner
--

ALTER TABLE ONLY security.user_
    ADD CONSTRAINT user_user_name UNIQUE (user_name);


--
-- Name: users_authorities_pkey; Type: CONSTRAINT; Schema: security; Owner: security_owner
--

ALTER TABLE ONLY security.users_authorities
    ADD CONSTRAINT users_authorities_pkey PRIMARY KEY (user_id, authority_id);


--
-- Name: role_role_typ_id_role_start_dttm_party_id_key; Type: INDEX; Schema: mochi; Owner: mochidb_owner
--

CREATE UNIQUE INDEX role_role_typ_id_role_start_dttm_party_id_key ON mochi.role USING btree (rle_typ_id, rle_start_dttm, pty_id);


--
-- Name: spring_session_ix1; Type: INDEX; Schema: mochi; Owner: mochidb_owner
--

CREATE INDEX spring_session_ix1 ON mochi.spring_session USING btree (last_access_time);


--
-- Name: customer_role_id_fkey; Type: FK CONSTRAINT; Schema: mochi; Owner: mochidb_owner
--

ALTER TABLE ONLY mochi.customer
    ADD CONSTRAINT customer_role_id_fkey FOREIGN KEY (rle_id) REFERENCES mochi.role(rle_id) ON UPDATE RESTRICT ON DELETE RESTRICT;


--
-- Name: order_line_order_id_fkey; Type: FK CONSTRAINT; Schema: mochi; Owner: mochidb_owner
--

ALTER TABLE ONLY mochi.order_line
    ADD CONSTRAINT order_line_order_id_fkey FOREIGN KEY (ord_id) REFERENCES mochi.orders(ord_id) ON UPDATE RESTRICT ON DELETE RESTRICT;


--
-- Name: order_line_product_id_fkey; Type: FK CONSTRAINT; Schema: mochi; Owner: mochidb_owner
--

ALTER TABLE ONLY mochi.order_line
    ADD CONSTRAINT order_line_product_id_fkey FOREIGN KEY (prd_id) REFERENCES mochi.product(prd_id) ON UPDATE RESTRICT ON DELETE RESTRICT;


--
-- Name: orders_party_id_fkey; Type: FK CONSTRAINT; Schema: mochi; Owner: mochidb_owner
--

ALTER TABLE ONLY mochi.orders
    ADD CONSTRAINT orders_party_id_fkey FOREIGN KEY (pty_id) REFERENCES mochi.party(pty_id) ON UPDATE RESTRICT ON DELETE RESTRICT;


--
-- Name: organisation_org_id_fkey; Type: FK CONSTRAINT; Schema: mochi; Owner: mochidb_owner
--

ALTER TABLE ONLY mochi.organisation
    ADD CONSTRAINT organisation_org_id_fkey FOREIGN KEY (org_id) REFERENCES mochi.party(pty_id) ON UPDATE RESTRICT ON DELETE RESTRICT;


--
-- Name: party_pty_typ_id_fkey; Type: FK CONSTRAINT; Schema: mochi; Owner: mochidb_owner
--

ALTER TABLE ONLY mochi.party
    ADD CONSTRAINT party_pty_typ_id_fkey FOREIGN KEY (pty_typ_id) REFERENCES mochi.party_type(pty_typ_id) ON UPDATE RESTRICT ON DELETE RESTRICT;


--
-- Name: person_person_id_fkey; Type: FK CONSTRAINT; Schema: mochi; Owner: mochidb_owner
--

ALTER TABLE ONLY mochi.person
    ADD CONSTRAINT person_person_id_fkey FOREIGN KEY (psn_id) REFERENCES mochi.party(pty_id) ON UPDATE RESTRICT ON DELETE RESTRICT;


--
-- Name: role_party_id_fkey; Type: FK CONSTRAINT; Schema: mochi; Owner: mochidb_owner
--

ALTER TABLE ONLY mochi.role
    ADD CONSTRAINT role_party_id_fkey FOREIGN KEY (pty_id) REFERENCES mochi.party(pty_id) ON UPDATE RESTRICT ON DELETE RESTRICT;


--
-- Name: role_role_typ_id_fkey; Type: FK CONSTRAINT; Schema: mochi; Owner: mochidb_owner
--

ALTER TABLE ONLY mochi.role
    ADD CONSTRAINT role_role_typ_id_fkey FOREIGN KEY (rle_typ_id) REFERENCES mochi.role_type(rle_typ_id) ON UPDATE RESTRICT ON DELETE RESTRICT;


--
-- Name: spring_session_attributes_fk; Type: FK CONSTRAINT; Schema: mochi; Owner: mochidb_owner
--

ALTER TABLE ONLY mochi.spring_session_attributes
    ADD CONSTRAINT spring_session_attributes_fk FOREIGN KEY (session_id) REFERENCES mochi.spring_session(session_id) ON DELETE CASCADE;


--
-- Name: user__users_authorities; Type: FK CONSTRAINT; Schema: security; Owner: security_owner
--

ALTER TABLE ONLY security.users_authorities
    ADD CONSTRAINT user__users_authorities FOREIGN KEY (user_id) REFERENCES security.user_(id);


--
-- Name: users__party; Type: FK CONSTRAINT; Schema: security; Owner: security_owner
--

ALTER TABLE ONLY security.user_
    ADD CONSTRAINT users__party FOREIGN KEY (pty_id) REFERENCES mochi.party(pty_id);


--
-- Name: users_authorities_authority; Type: FK CONSTRAINT; Schema: security; Owner: security_owner
--

ALTER TABLE ONLY security.users_authorities
    ADD CONSTRAINT users_authorities_authority FOREIGN KEY (authority_id) REFERENCES security.authority(id);


--
-- Name: SCHEMA mochi; Type: ACL; Schema: -; Owner: mochidb_owner
--

REVOKE ALL ON SCHEMA mochi FROM PUBLIC;
REVOKE ALL ON SCHEMA mochi FROM mochidb_owner;
GRANT ALL ON SCHEMA mochi TO mochidb_owner;
GRANT USAGE ON SCHEMA mochi TO mochi_app;
GRANT ALL ON SCHEMA mochi TO security_owner;
GRANT USAGE ON SCHEMA mochi TO security_app;


--
-- Name: SCHEMA public; Type: ACL; Schema: -; Owner: postgres
--

REVOKE ALL ON SCHEMA public FROM PUBLIC;
REVOKE ALL ON SCHEMA public FROM postgres;
GRANT ALL ON SCHEMA public TO postgres;
GRANT ALL ON SCHEMA public TO PUBLIC;


--
-- Name: SCHEMA security; Type: ACL; Schema: -; Owner: security_owner
--

REVOKE ALL ON SCHEMA security FROM PUBLIC;
REVOKE ALL ON SCHEMA security FROM security_owner;
GRANT ALL ON SCHEMA security TO security_owner;
GRANT USAGE ON SCHEMA security TO security_app;
GRANT USAGE ON SCHEMA security TO mochi_app;


--
-- Name: TABLE customer; Type: ACL; Schema: mochi; Owner: mochidb_owner
--

REVOKE ALL ON TABLE mochi.customer FROM PUBLIC;
REVOKE ALL ON TABLE mochi.customer FROM mochidb_owner;
GRANT ALL ON TABLE mochi.customer TO mochidb_owner;
GRANT SELECT,INSERT,DELETE,UPDATE ON TABLE mochi.customer TO mochi_app;
GRANT SELECT ON TABLE mochi.customer TO security_app;


--
-- Name: SEQUENCE hibernate_sequence; Type: ACL; Schema: mochi; Owner: mochidb_owner
--

REVOKE ALL ON SEQUENCE mochi.hibernate_sequence FROM PUBLIC;
REVOKE ALL ON SEQUENCE mochi.hibernate_sequence FROM mochidb_owner;
GRANT ALL ON SEQUENCE mochi.hibernate_sequence TO mochidb_owner;
GRANT SELECT,USAGE ON SEQUENCE mochi.hibernate_sequence TO mochi_app;


--
-- Name: TABLE order_line; Type: ACL; Schema: mochi; Owner: mochidb_owner
--

REVOKE ALL ON TABLE mochi.order_line FROM PUBLIC;
REVOKE ALL ON TABLE mochi.order_line FROM mochidb_owner;
GRANT ALL ON TABLE mochi.order_line TO mochidb_owner;
GRANT SELECT,INSERT,DELETE,UPDATE ON TABLE mochi.order_line TO mochi_app;


--
-- Name: TABLE orders; Type: ACL; Schema: mochi; Owner: mochidb_owner
--

REVOKE ALL ON TABLE mochi.orders FROM PUBLIC;
REVOKE ALL ON TABLE mochi.orders FROM mochidb_owner;
GRANT ALL ON TABLE mochi.orders TO mochidb_owner;
GRANT SELECT,INSERT,DELETE,UPDATE ON TABLE mochi.orders TO mochi_app;


--
-- Name: TABLE organisation; Type: ACL; Schema: mochi; Owner: mochidb_owner
--

REVOKE ALL ON TABLE mochi.organisation FROM PUBLIC;
REVOKE ALL ON TABLE mochi.organisation FROM mochidb_owner;
GRANT ALL ON TABLE mochi.organisation TO mochidb_owner;
GRANT SELECT,INSERT,DELETE,UPDATE ON TABLE mochi.organisation TO mochi_app;
GRANT SELECT ON TABLE mochi.organisation TO security_app;


--
-- Name: TABLE party; Type: ACL; Schema: mochi; Owner: mochidb_owner
--

REVOKE ALL ON TABLE mochi.party FROM PUBLIC;
REVOKE ALL ON TABLE mochi.party FROM mochidb_owner;
GRANT ALL ON TABLE mochi.party TO mochidb_owner;
GRANT SELECT,INSERT,DELETE,UPDATE ON TABLE mochi.party TO mochi_app;
GRANT SELECT ON TABLE mochi.party TO security_app;


--
-- Name: SEQUENCE party_party_id_seq; Type: ACL; Schema: mochi; Owner: mochidb_owner
--

REVOKE ALL ON SEQUENCE mochi.party_party_id_seq FROM PUBLIC;
REVOKE ALL ON SEQUENCE mochi.party_party_id_seq FROM mochidb_owner;
GRANT ALL ON SEQUENCE mochi.party_party_id_seq TO mochidb_owner;
GRANT SELECT,USAGE ON SEQUENCE mochi.party_party_id_seq TO mochi_app;


--
-- Name: SEQUENCE party_pty_id_seq; Type: ACL; Schema: mochi; Owner: mochidb_owner
--

REVOKE ALL ON SEQUENCE mochi.party_pty_id_seq FROM PUBLIC;
REVOKE ALL ON SEQUENCE mochi.party_pty_id_seq FROM mochidb_owner;
GRANT ALL ON SEQUENCE mochi.party_pty_id_seq TO mochidb_owner;
GRANT SELECT,USAGE ON SEQUENCE mochi.party_pty_id_seq TO mochi_app;


--
-- Name: TABLE party_type; Type: ACL; Schema: mochi; Owner: mochidb_owner
--

REVOKE ALL ON TABLE mochi.party_type FROM PUBLIC;
REVOKE ALL ON TABLE mochi.party_type FROM mochidb_owner;
GRANT ALL ON TABLE mochi.party_type TO mochidb_owner;
GRANT SELECT,INSERT,DELETE,UPDATE ON TABLE mochi.party_type TO mochi_app;
GRANT SELECT ON TABLE mochi.party_type TO security_app;


--
-- Name: SEQUENCE party_type_pty_typ_id_seq; Type: ACL; Schema: mochi; Owner: mochidb_owner
--

REVOKE ALL ON SEQUENCE mochi.party_type_pty_typ_id_seq FROM PUBLIC;
REVOKE ALL ON SEQUENCE mochi.party_type_pty_typ_id_seq FROM mochidb_owner;
GRANT ALL ON SEQUENCE mochi.party_type_pty_typ_id_seq TO mochidb_owner;
GRANT SELECT,USAGE ON SEQUENCE mochi.party_type_pty_typ_id_seq TO mochi_app;


--
-- Name: TABLE person; Type: ACL; Schema: mochi; Owner: mochidb_owner
--

REVOKE ALL ON TABLE mochi.person FROM PUBLIC;
REVOKE ALL ON TABLE mochi.person FROM mochidb_owner;
GRANT ALL ON TABLE mochi.person TO mochidb_owner;
GRANT SELECT,INSERT,DELETE,UPDATE ON TABLE mochi.person TO mochi_app;
GRANT SELECT ON TABLE mochi.person TO security_app;


--
-- Name: SEQUENCE person_id_seq; Type: ACL; Schema: mochi; Owner: mochidb_owner
--

REVOKE ALL ON SEQUENCE mochi.person_id_seq FROM PUBLIC;
REVOKE ALL ON SEQUENCE mochi.person_id_seq FROM mochidb_owner;
GRANT ALL ON SEQUENCE mochi.person_id_seq TO mochidb_owner;
GRANT SELECT,USAGE ON SEQUENCE mochi.person_id_seq TO mochi_app;


--
-- Name: TABLE person_role; Type: ACL; Schema: mochi; Owner: mochidb_owner
--

REVOKE ALL ON TABLE mochi.person_role FROM PUBLIC;
REVOKE ALL ON TABLE mochi.person_role FROM mochidb_owner;
GRANT ALL ON TABLE mochi.person_role TO mochidb_owner;
GRANT SELECT,INSERT,DELETE,UPDATE ON TABLE mochi.person_role TO mochi_app;


--
-- Name: TABLE point_of_interest; Type: ACL; Schema: mochi; Owner: mochidb_owner
--

REVOKE ALL ON TABLE mochi.point_of_interest FROM PUBLIC;
REVOKE ALL ON TABLE mochi.point_of_interest FROM mochidb_owner;
GRANT ALL ON TABLE mochi.point_of_interest TO mochidb_owner;
GRANT SELECT,INSERT,DELETE,UPDATE ON TABLE mochi.point_of_interest TO mochi_app;


--
-- Name: TABLE product; Type: ACL; Schema: mochi; Owner: mochidb_owner
--

REVOKE ALL ON TABLE mochi.product FROM PUBLIC;
REVOKE ALL ON TABLE mochi.product FROM mochidb_owner;
GRANT ALL ON TABLE mochi.product TO mochidb_owner;
GRANT SELECT,INSERT,DELETE,UPDATE ON TABLE mochi.product TO mochi_app;


--
-- Name: TABLE product_attr_lcl; Type: ACL; Schema: mochi; Owner: mochidb_owner
--

REVOKE ALL ON TABLE mochi.product_attr_lcl FROM PUBLIC;
REVOKE ALL ON TABLE mochi.product_attr_lcl FROM mochidb_owner;
GRANT ALL ON TABLE mochi.product_attr_lcl TO mochidb_owner;
GRANT SELECT,INSERT,DELETE,UPDATE ON TABLE mochi.product_attr_lcl TO mochi_app;


--
-- Name: TABLE role; Type: ACL; Schema: mochi; Owner: mochidb_owner
--

REVOKE ALL ON TABLE mochi.role FROM PUBLIC;
REVOKE ALL ON TABLE mochi.role FROM mochidb_owner;
GRANT ALL ON TABLE mochi.role TO mochidb_owner;
GRANT SELECT,INSERT,DELETE,UPDATE ON TABLE mochi.role TO mochi_app;
GRANT SELECT ON TABLE mochi.role TO security_app;


--
-- Name: TABLE role_type; Type: ACL; Schema: mochi; Owner: mochidb_owner
--

REVOKE ALL ON TABLE mochi.role_type FROM PUBLIC;
REVOKE ALL ON TABLE mochi.role_type FROM mochidb_owner;
GRANT ALL ON TABLE mochi.role_type TO mochidb_owner;
GRANT SELECT,INSERT,DELETE,UPDATE ON TABLE mochi.role_type TO mochi_app;
GRANT SELECT ON TABLE mochi.role_type TO security_app;


--
-- Name: SEQUENCE role_type_rle_typ_id_seq; Type: ACL; Schema: mochi; Owner: mochidb_owner
--

REVOKE ALL ON SEQUENCE mochi.role_type_rle_typ_id_seq FROM PUBLIC;
REVOKE ALL ON SEQUENCE mochi.role_type_rle_typ_id_seq FROM mochidb_owner;
GRANT ALL ON SEQUENCE mochi.role_type_rle_typ_id_seq TO mochidb_owner;
GRANT SELECT,USAGE ON SEQUENCE mochi.role_type_rle_typ_id_seq TO mochi_app;


--
-- Name: SEQUENCE role_type_role_typ_id_seq; Type: ACL; Schema: mochi; Owner: mochidb_owner
--

REVOKE ALL ON SEQUENCE mochi.role_type_role_typ_id_seq FROM PUBLIC;
REVOKE ALL ON SEQUENCE mochi.role_type_role_typ_id_seq FROM mochidb_owner;
GRANT ALL ON SEQUENCE mochi.role_type_role_typ_id_seq TO mochidb_owner;
GRANT SELECT,USAGE ON SEQUENCE mochi.role_type_role_typ_id_seq TO mochi_app;


--
-- Name: TABLE spring_session; Type: ACL; Schema: mochi; Owner: mochidb_owner
--

REVOKE ALL ON TABLE mochi.spring_session FROM PUBLIC;
REVOKE ALL ON TABLE mochi.spring_session FROM mochidb_owner;
GRANT ALL ON TABLE mochi.spring_session TO mochidb_owner;
GRANT SELECT,INSERT,DELETE,UPDATE ON TABLE mochi.spring_session TO mochi_app;


--
-- Name: TABLE spring_session_attributes; Type: ACL; Schema: mochi; Owner: mochidb_owner
--

REVOKE ALL ON TABLE mochi.spring_session_attributes FROM PUBLIC;
REVOKE ALL ON TABLE mochi.spring_session_attributes FROM mochidb_owner;
GRANT ALL ON TABLE mochi.spring_session_attributes TO mochidb_owner;
GRANT SELECT,INSERT,DELETE,UPDATE ON TABLE mochi.spring_session_attributes TO mochi_app;


--
-- Name: SEQUENCE thing_id_seq; Type: ACL; Schema: mochi; Owner: mochidb_owner
--

REVOKE ALL ON SEQUENCE mochi.thing_id_seq FROM PUBLIC;
REVOKE ALL ON SEQUENCE mochi.thing_id_seq FROM mochidb_owner;
GRANT ALL ON SEQUENCE mochi.thing_id_seq TO mochidb_owner;
GRANT SELECT,USAGE ON SEQUENCE mochi.thing_id_seq TO mochi_app;


--
-- Name: TABLE authority; Type: ACL; Schema: security; Owner: security_owner
--

REVOKE ALL ON TABLE security.authority FROM PUBLIC;
REVOKE ALL ON TABLE security.authority FROM security_owner;
GRANT ALL ON TABLE security.authority TO security_owner;
GRANT SELECT,INSERT,DELETE,UPDATE ON TABLE security.authority TO security_app;


--
-- Name: SEQUENCE authority_id_seq; Type: ACL; Schema: security; Owner: security_owner
--

REVOKE ALL ON SEQUENCE security.authority_id_seq FROM PUBLIC;
REVOKE ALL ON SEQUENCE security.authority_id_seq FROM security_owner;
GRANT ALL ON SEQUENCE security.authority_id_seq TO security_owner;
GRANT SELECT,USAGE ON SEQUENCE security.authority_id_seq TO mochi_app;


--
-- Name: TABLE clientdetails; Type: ACL; Schema: security; Owner: security_owner
--

REVOKE ALL ON TABLE security.clientdetails FROM PUBLIC;
REVOKE ALL ON TABLE security.clientdetails FROM security_owner;
GRANT ALL ON TABLE security.clientdetails TO security_owner;
GRANT SELECT,INSERT,DELETE,UPDATE ON TABLE security.clientdetails TO security_app;


--
-- Name: TABLE oauth_access_token; Type: ACL; Schema: security; Owner: security_owner
--

REVOKE ALL ON TABLE security.oauth_access_token FROM PUBLIC;
REVOKE ALL ON TABLE security.oauth_access_token FROM security_owner;
GRANT ALL ON TABLE security.oauth_access_token TO security_owner;
GRANT SELECT,INSERT,DELETE,UPDATE ON TABLE security.oauth_access_token TO security_app;


--
-- Name: TABLE oauth_approvals; Type: ACL; Schema: security; Owner: security_owner
--

REVOKE ALL ON TABLE security.oauth_approvals FROM PUBLIC;
REVOKE ALL ON TABLE security.oauth_approvals FROM security_owner;
GRANT ALL ON TABLE security.oauth_approvals TO security_owner;
GRANT SELECT,INSERT,DELETE,UPDATE ON TABLE security.oauth_approvals TO security_app;


--
-- Name: TABLE oauth_client_details; Type: ACL; Schema: security; Owner: security_owner
--

REVOKE ALL ON TABLE security.oauth_client_details FROM PUBLIC;
REVOKE ALL ON TABLE security.oauth_client_details FROM security_owner;
GRANT ALL ON TABLE security.oauth_client_details TO security_owner;
GRANT SELECT,INSERT,DELETE,UPDATE ON TABLE security.oauth_client_details TO security_app;


--
-- Name: TABLE oauth_client_token; Type: ACL; Schema: security; Owner: security_owner
--

REVOKE ALL ON TABLE security.oauth_client_token FROM PUBLIC;
REVOKE ALL ON TABLE security.oauth_client_token FROM security_owner;
GRANT ALL ON TABLE security.oauth_client_token TO security_owner;
GRANT SELECT,INSERT,DELETE,UPDATE ON TABLE security.oauth_client_token TO security_app;


--
-- Name: TABLE oauth_code; Type: ACL; Schema: security; Owner: security_owner
--

REVOKE ALL ON TABLE security.oauth_code FROM PUBLIC;
REVOKE ALL ON TABLE security.oauth_code FROM security_owner;
GRANT ALL ON TABLE security.oauth_code TO security_owner;
GRANT SELECT,INSERT,DELETE,UPDATE ON TABLE security.oauth_code TO security_app;


--
-- Name: TABLE oauth_refresh_token; Type: ACL; Schema: security; Owner: security_owner
--

REVOKE ALL ON TABLE security.oauth_refresh_token FROM PUBLIC;
REVOKE ALL ON TABLE security.oauth_refresh_token FROM security_owner;
GRANT ALL ON TABLE security.oauth_refresh_token TO security_owner;
GRANT SELECT,INSERT,DELETE,UPDATE ON TABLE security.oauth_refresh_token TO security_app;


--
-- Name: TABLE user_; Type: ACL; Schema: security; Owner: security_owner
--

REVOKE ALL ON TABLE security.user_ FROM PUBLIC;
REVOKE ALL ON TABLE security.user_ FROM security_owner;
GRANT ALL ON TABLE security.user_ TO security_owner;
GRANT SELECT,INSERT,DELETE,UPDATE ON TABLE security.user_ TO security_app;
GRANT SELECT,INSERT,UPDATE ON TABLE security.user_ TO mochi_app;


--
-- Name: TABLE users_authorities; Type: ACL; Schema: security; Owner: security_owner
--

REVOKE ALL ON TABLE security.users_authorities FROM PUBLIC;
REVOKE ALL ON TABLE security.users_authorities FROM security_owner;
GRANT ALL ON TABLE security.users_authorities TO security_owner;
GRANT SELECT,INSERT,DELETE,UPDATE ON TABLE security.users_authorities TO security_app;


--
-- PostgreSQL database dump complete
--

