--
-- PostgreSQL database cluster dump
--

SET default_transaction_read_only = off;

SET client_encoding = 'UTF8';
SET standard_conforming_strings = on;

--
-- Drop databases
--

DROP DATABASE mochidb;




--
-- Drop roles
--

DROP ROLE danielmackie;
DROP ROLE hibernatedb_owner;
DROP ROLE mochi_app;
DROP ROLE mochidb_owner;
DROP ROLE oauth_owner;
DROP ROLE postgres;
DROP ROLE security_app;
DROP ROLE security_owner;


--
-- Roles
--

CREATE ROLE danielmackie;
ALTER ROLE danielmackie WITH SUPERUSER INHERIT CREATEROLE CREATEDB LOGIN REPLICATION BYPASSRLS;
CREATE ROLE hibernatedb_owner;
ALTER ROLE hibernatedb_owner WITH NOSUPERUSER INHERIT NOCREATEROLE NOCREATEDB LOGIN NOREPLICATION NOBYPASSRLS PASSWORD 'md5f798bce66fba20690a6154c380a509b3';
CREATE ROLE mochi_app;
ALTER ROLE mochi_app WITH NOSUPERUSER INHERIT NOCREATEROLE NOCREATEDB LOGIN NOREPLICATION NOBYPASSRLS PASSWORD 'md5885c762f665502650596fd1792913fa6' VALID UNTIL 'infinity';
CREATE ROLE mochidb_owner;
ALTER ROLE mochidb_owner WITH SUPERUSER INHERIT NOCREATEROLE CREATEDB LOGIN NOREPLICATION NOBYPASSRLS PASSWORD 'md5813c2e7e6b4be34c8da989a73cfd167c' VALID UNTIL 'infinity';
CREATE ROLE oauth_owner;
ALTER ROLE oauth_owner WITH NOSUPERUSER INHERIT NOCREATEROLE NOCREATEDB LOGIN NOREPLICATION NOBYPASSRLS PASSWORD 'md51913530a962f846531bc9e710649bd9c' VALID UNTIL 'infinity';
CREATE ROLE postgres;
ALTER ROLE postgres WITH SUPERUSER INHERIT CREATEROLE CREATEDB LOGIN REPLICATION BYPASSRLS PASSWORD 'md532e12f215ba27cb750c9e093ce4b5127';
CREATE ROLE security_app;
ALTER ROLE security_app WITH NOSUPERUSER INHERIT NOCREATEROLE NOCREATEDB LOGIN NOREPLICATION NOBYPASSRLS PASSWORD 'md5fa23895ef9c700be9a0373e1c7994009' VALID UNTIL 'infinity';
CREATE ROLE security_owner;
ALTER ROLE security_owner WITH NOSUPERUSER INHERIT NOCREATEROLE NOCREATEDB LOGIN NOREPLICATION NOBYPASSRLS PASSWORD 'md52d2148746b9970a479634eefe3cd0b5a' VALID UNTIL 'infinity';






--
-- Database creation
--

CREATE DATABASE mochidb WITH TEMPLATE = template0 OWNER = mochidb_owner;
GRANT CREATE ON DATABASE mochidb TO security_owner;
REVOKE CONNECT,TEMPORARY ON DATABASE template1 FROM PUBLIC;
GRANT ALL ON DATABASE template1 TO postgres;
GRANT CONNECT ON DATABASE template1 TO PUBLIC;


\connect mochidb

SET default_transaction_read_only = off;

--
-- PostgreSQL database dump
--

-- Dumped from database version 9.6.5
-- Dumped by pg_dump version 9.6.5

SET statement_timeout = 0;
SET lock_timeout = 0;
SET idle_in_transaction_session_timeout = 0;
SET client_encoding = 'UTF8';
SET standard_conforming_strings = on;
SET check_function_bodies = false;
SET client_min_messages = warning;
SET row_security = off;

--
-- Name: mochi; Type: SCHEMA; Schema: -; Owner: mochidb_owner
--

CREATE SCHEMA mochi;


ALTER SCHEMA mochi OWNER TO mochidb_owner;

--
-- Name: security; Type: SCHEMA; Schema: -; Owner: security_owner
--

CREATE SCHEMA security;


ALTER SCHEMA security OWNER TO security_owner;

--
-- Name: plpgsql; Type: EXTENSION; Schema: -; Owner: 
--

CREATE EXTENSION IF NOT EXISTS plpgsql WITH SCHEMA pg_catalog;


--
-- Name: EXTENSION plpgsql; Type: COMMENT; Schema: -; Owner: 
--

COMMENT ON EXTENSION plpgsql IS 'PL/pgSQL procedural language';


SET search_path = mochi, pg_catalog;

--
-- Name: ft_brand_categories(text, text); Type: FUNCTION; Schema: mochi; Owner: mochidb_owner
--

CREATE FUNCTION ft_brand_categories(text, text) RETURNS TABLE(cat_id bigint, cat_cd text, cat_lvl bigint, hir_id bigint, cat_prnt_id bigint, cat_typ_id bigint, product_count bigint, child_cat_count bigint, max_price numeric)
    LANGUAGE sql
    AS $_$















 SELECT p.cat_id,















    p.cat_cd,















    p.cat_lvl,















    p.hir_id,















    p.cat_typ_id,















    p.cat_prnt_id,















    count(DISTINCT prd.upc_cd) AS product_count,















    count(DISTINCT cc.cat_cd) AS child_cat_count,















    coalesce(















    max(CASE















	WHEN pt.prc_typ_cd = 'MKD01'















	THEN prc.prc_val















	END),















    max(CASE















	WHEN pt.prc_typ_cd = 'RET01'















	THEN prc.prc_val















	END)) as max_price















   FROM mochi.category p















     JOIN LATERAL mochi.ft_categories(p.cat_cd::text) cc(cat_id, cat_cd, cat_prnt_id, cat_typ_id) ON 1 = 1















     LEFT JOIN mochi.brand_category pc ON cc.cat_id = pc.cat_id















     LEFT JOIN mochi.brand bnd ON pc.bnd_id = bnd.bnd_id















     LEFT JOIN mochi.product prd ON pc.bnd_id = prd.bnd_id















     LEFT JOIN mochi.price prc ON prd.prd_id = prc.prd_id AND now() between prc.prc_st_dt and prc.prc_en_dt















     LEFT JOIN mochi.currency curr ON prc.ccy_id = curr.ccy_id 















     LEFT JOIN mochi.price_type pt ON prc.prc_typ_id = pt.prc_typ_id 















  WHERE cc.cat_typ_id = 2















  AND p.cat_cd = $1















  AND ccy_cd = $2















  GROUP BY p.cat_id, p.cat_cd, p.cat_lvl, p.hir_id, p.cat_typ_id, p.cat_prnt_id;















$_$;


ALTER FUNCTION mochi.ft_brand_categories(text, text) OWNER TO mochidb_owner;

--
-- Name: ft_categories(text); Type: FUNCTION; Schema: mochi; Owner: mochidb_owner
--

CREATE FUNCTION ft_categories(text) RETURNS TABLE(cat_id bigint, cat_cd text, cat_prnt_id bigint, cat_typ_id bigint)
    LANGUAGE sql
    AS $_$











WITH RECURSIVE 











    -- starting node(s)











    starting (cat_id, cat_cd, cat_prnt_id, cat_typ_id) AS











    (











      SELECT t.cat_id, t.cat_cd, t.cat_prnt_id, t.cat_typ_id











      FROM mochi.category AS t











      WHERE t.cat_cd = $1        











    ),











    descendants (cat_id, cat_cd, cat_prnt_id, cat_typ_id) AS











    (











      SELECT t.cat_id, t.cat_cd, t.cat_prnt_id, t.cat_typ_id











      FROM mochi.category AS t











      WHERE t.cat_cd = $1











      UNION ALL











      SELECT t.cat_id, t.cat_cd, t.cat_prnt_id, t.cat_typ_id











      FROM mochi.category AS t 











		JOIN descendants AS d 











		ON t.cat_prnt_id = d.cat_id











    )























SELECT 	descendants.cat_id,











		descendants.cat_cd,











		descendants.cat_prnt_id,











		descendants.cat_typ_id











FROM  starting 











		cross join descendants $_$;


ALTER FUNCTION mochi.ft_categories(text) OWNER TO mochidb_owner;

--
-- Name: ft_product_categories(text, text); Type: FUNCTION; Schema: mochi; Owner: mochidb_owner
--

CREATE FUNCTION ft_product_categories(text, text) RETURNS TABLE(cat_id bigint, cat_cd text, cat_lvl bigint, hir_id bigint, cat_prnt_id bigint, cat_typ_id bigint, product_count bigint, child_cat_count bigint, max_price numeric)
    LANGUAGE sql
    AS $_$















 SELECT p.cat_id,















    p.cat_cd,















    p.cat_lvl,















    p.hir_id,















    p.cat_typ_id,















    p.cat_prnt_id,















    count(DISTINCT prd.upc_cd) AS product_count,















    count(DISTINCT cc.cat_cd) AS child_cat_count,















    coalesce(















    max(CASE















	WHEN pt.prc_typ_cd = 'MKD01'















	THEN prc.prc_val















	END),















    max(CASE















	WHEN pt.prc_typ_cd = 'RET01'















	THEN prc.prc_val















	END)) as max_price















   FROM mochi.category p















     JOIN LATERAL mochi.ft_categories(p.cat_cd::text) cc(cat_id, cat_cd, cat_prnt_id, cat_typ_id) ON 1 = 1















     LEFT JOIN mochi.product_category pc ON cc.cat_id = pc.cat_id















     LEFT JOIN mochi.product prd ON pc.prd_id = prd.prd_id















     LEFT JOIN mochi.price prc ON prd.prd_id = prc.prd_id AND now() between prc.prc_st_dt and prc.prc_en_dt















     LEFT JOIN mochi.currency curr ON prc.ccy_id = curr.ccy_id 















     LEFT JOIN mochi.price_type pt ON prc.prc_typ_id = pt.prc_typ_id 















  WHERE cc.cat_typ_id = 1















  AND p.cat_cd = $1















  AND ccy_cd = $2















  GROUP BY p.cat_id, p.cat_cd, p.cat_lvl, p.hir_id, p.cat_typ_id, p.cat_prnt_id;















$_$;


ALTER FUNCTION mochi.ft_product_categories(text, text) OWNER TO mochidb_owner;

SET search_path = public, pg_catalog;

--
-- Name: random_between(integer, integer); Type: FUNCTION; Schema: public; Owner: postgres
--

CREATE FUNCTION random_between(low integer, high integer) RETURNS integer
    LANGUAGE plpgsql STRICT
    AS $$
BEGIN
   RETURN floor(random()* (high-low + 1) + low);
END;
$$;


ALTER FUNCTION public.random_between(low integer, high integer) OWNER TO postgres;

SET search_path = mochi, pg_catalog;

SET default_tablespace = '';

SET default_with_oids = false;

--
-- Name: accessories_attr_lcl; Type: TABLE; Schema: mochi; Owner: mochidb_owner
--

CREATE TABLE accessories_attr_lcl (
    prd_lcl_id bigint NOT NULL,
    prd_id bigint NOT NULL,
    primary_metal_type character varying(100),
    primary_stone_type character varying(100),
    lcl_cd character varying(5) NOT NULL
);


ALTER TABLE accessories_attr_lcl OWNER TO mochidb_owner;

--
-- Name: address; Type: TABLE; Schema: mochi; Owner: mochidb_owner
--

CREATE TABLE address (
);


ALTER TABLE address OWNER TO mochidb_owner;

--
-- Name: address_type; Type: TABLE; Schema: mochi; Owner: mochidb_owner
--

CREATE TABLE address_type (
);


ALTER TABLE address_type OWNER TO mochidb_owner;

--
-- Name: bag_bag_id_seq; Type: SEQUENCE; Schema: mochi; Owner: mochidb_owner
--

CREATE SEQUENCE bag_bag_id_seq
    START WITH 1
    INCREMENT BY 1
    NO MINVALUE
    NO MAXVALUE
    CACHE 1;


ALTER TABLE bag_bag_id_seq OWNER TO mochidb_owner;

--
-- Name: bag; Type: TABLE; Schema: mochi; Owner: mochidb_owner
--

CREATE TABLE bag (
    bag_id bigint DEFAULT nextval('bag_bag_id_seq'::regclass) NOT NULL,
    pty_id bigint NOT NULL,
    bag_crd_dt timestamp with time zone NOT NULL,
    bag_upd_dt timestamp with time zone NOT NULL
);


ALTER TABLE bag OWNER TO mochidb_owner;

--
-- Name: bag_item; Type: TABLE; Schema: mochi; Owner: mochidb_owner
--

CREATE TABLE bag_item (
    bag_item_id bigint NOT NULL,
    bag_id bigint NOT NULL,
    prd_id bigint NOT NULL,
    qty smallint NOT NULL,
    bag_item_sts_id bigint NOT NULL
);


ALTER TABLE bag_item OWNER TO mochidb_owner;

--
-- Name: bag_status_bag_sts_id_seq; Type: SEQUENCE; Schema: mochi; Owner: mochidb_owner
--

CREATE SEQUENCE bag_status_bag_sts_id_seq
    START WITH 1
    INCREMENT BY 1
    NO MINVALUE
    NO MAXVALUE
    CACHE 1;


ALTER TABLE bag_status_bag_sts_id_seq OWNER TO mochidb_owner;

--
-- Name: bag_item_status; Type: TABLE; Schema: mochi; Owner: mochidb_owner
--

CREATE TABLE bag_item_status (
    bag_item_sts_id bigint DEFAULT nextval('bag_status_bag_sts_id_seq'::regclass) NOT NULL,
    bag_item_sts_cd character varying(5) NOT NULL,
    bag_item_sts_desc character varying(20)
);


ALTER TABLE bag_item_status OWNER TO mochidb_owner;

--
-- Name: brand_bnd_id_seq; Type: SEQUENCE; Schema: mochi; Owner: mochidb_owner
--

CREATE SEQUENCE brand_bnd_id_seq
    START WITH 6
    INCREMENT BY 1
    NO MINVALUE
    NO MAXVALUE
    CACHE 1;


ALTER TABLE brand_bnd_id_seq OWNER TO mochidb_owner;

--
-- Name: brand; Type: TABLE; Schema: mochi; Owner: mochidb_owner
--

CREATE TABLE brand (
    bnd_id bigint DEFAULT nextval('brand_bnd_id_seq'::regclass) NOT NULL,
    bnd_cd character(5)
);


ALTER TABLE brand OWNER TO mochidb_owner;

--
-- Name: brand_attr_lcl_bnd_id_seq; Type: SEQUENCE; Schema: mochi; Owner: mochidb_owner
--

CREATE SEQUENCE brand_attr_lcl_bnd_id_seq
    START WITH 19
    INCREMENT BY 1
    NO MINVALUE
    NO MAXVALUE
    CACHE 1;


ALTER TABLE brand_attr_lcl_bnd_id_seq OWNER TO mochidb_owner;

--
-- Name: brand_attr_lcl; Type: TABLE; Schema: mochi; Owner: mochidb_owner
--

CREATE TABLE brand_attr_lcl (
    bnd_lcl_id bigint DEFAULT nextval('brand_attr_lcl_bnd_id_seq'::regclass) NOT NULL,
    bnd_id bigint NOT NULL,
    bnd_desc character varying(100),
    bnd_img_pth character varying(100),
    lcl_cd character varying(5) NOT NULL
);


ALTER TABLE brand_attr_lcl OWNER TO mochidb_owner;

--
-- Name: brand_category_bnd_cat_id_seq; Type: SEQUENCE; Schema: mochi; Owner: mochidb_owner
--

CREATE SEQUENCE brand_category_bnd_cat_id_seq
    START WITH 1
    INCREMENT BY 1
    NO MINVALUE
    NO MAXVALUE
    CACHE 1;


ALTER TABLE brand_category_bnd_cat_id_seq OWNER TO mochidb_owner;

--
-- Name: brand_category; Type: TABLE; Schema: mochi; Owner: mochidb_owner
--

CREATE TABLE brand_category (
    bnd_cat_id bigint DEFAULT nextval('brand_category_bnd_cat_id_seq'::regclass) NOT NULL,
    bnd_id bigint,
    cat_id bigint
);


ALTER TABLE brand_category OWNER TO mochidb_owner;

--
-- Name: brand_promotion; Type: TABLE; Schema: mochi; Owner: mochidb_owner
--

CREATE TABLE brand_promotion (
    bnd_id bigint NOT NULL,
    prm_id bigint NOT NULL
);


ALTER TABLE brand_promotion OWNER TO mochidb_owner;

--
-- Name: category_cat_id_seq; Type: SEQUENCE; Schema: mochi; Owner: mochidb_owner
--

CREATE SEQUENCE category_cat_id_seq
    START WITH 1
    INCREMENT BY 1
    NO MINVALUE
    NO MAXVALUE
    CACHE 1;


ALTER TABLE category_cat_id_seq OWNER TO mochidb_owner;

--
-- Name: category; Type: TABLE; Schema: mochi; Owner: mochidb_owner
--

CREATE TABLE category (
    cat_id bigint DEFAULT nextval('category_cat_id_seq'::regclass) NOT NULL,
    cat_cd character(5) NOT NULL,
    cat_typ_id bigint,
    cat_lvl bigint,
    cat_prnt_cd character(5),
    cat_prnt_id bigint
);


ALTER TABLE category OWNER TO mochidb_owner;

--
-- Name: category_attr_lcl_cat_id_seq; Type: SEQUENCE; Schema: mochi; Owner: mochidb_owner
--

CREATE SEQUENCE category_attr_lcl_cat_id_seq
    START WITH 4
    INCREMENT BY 1
    NO MINVALUE
    NO MAXVALUE
    CACHE 1;


ALTER TABLE category_attr_lcl_cat_id_seq OWNER TO mochidb_owner;

--
-- Name: category_attr_lcl; Type: TABLE; Schema: mochi; Owner: mochidb_owner
--

CREATE TABLE category_attr_lcl (
    cat_lcl_id bigint DEFAULT nextval('category_attr_lcl_cat_id_seq'::regclass) NOT NULL,
    cat_id bigint NOT NULL,
    cat_desc character varying(100),
    cat_img_pth character varying(100),
    lcl_cd character varying(5) NOT NULL
);


ALTER TABLE category_attr_lcl OWNER TO mochidb_owner;

--
-- Name: category_brand; Type: TABLE; Schema: mochi; Owner: mochidb_owner
--

CREATE TABLE category_brand (
    cat_id bigint DEFAULT nextval('category_cat_id_seq'::regclass) NOT NULL
);


ALTER TABLE category_brand OWNER TO mochidb_owner;

--
-- Name: category_product; Type: TABLE; Schema: mochi; Owner: mochidb_owner
--

CREATE TABLE category_product (
    cat_id bigint DEFAULT nextval('category_cat_id_seq'::regclass) NOT NULL
);


ALTER TABLE category_product OWNER TO mochidb_owner;

--
-- Name: category_promotion; Type: TABLE; Schema: mochi; Owner: mochidb_owner
--

CREATE TABLE category_promotion (
    cat_id bigint NOT NULL,
    prm_id bigint NOT NULL
);


ALTER TABLE category_promotion OWNER TO mochidb_owner;

--
-- Name: category_type_cat_typ_id_seq; Type: SEQUENCE; Schema: mochi; Owner: mochidb_owner
--

CREATE SEQUENCE category_type_cat_typ_id_seq
    START WITH 1
    INCREMENT BY 1
    NO MINVALUE
    NO MAXVALUE
    CACHE 1;


ALTER TABLE category_type_cat_typ_id_seq OWNER TO mochidb_owner;

--
-- Name: category_type; Type: TABLE; Schema: mochi; Owner: mochidb_owner
--

CREATE TABLE category_type (
    cat_typ_id bigint DEFAULT nextval('category_type_cat_typ_id_seq'::regclass) NOT NULL,
    cat_typ_cd character varying(5) NOT NULL,
    cat_typ_desc character varying(20)
);


ALTER TABLE category_type OWNER TO mochidb_owner;

--
-- Name: currency; Type: TABLE; Schema: mochi; Owner: mochidb_owner
--

CREATE TABLE currency (
    ccy_id bigint NOT NULL,
    ccy_cd character(3)
);


ALTER TABLE currency OWNER TO mochidb_owner;

--
-- Name: customer_cst_num_seq; Type: SEQUENCE; Schema: mochi; Owner: mochidb_owner
--

CREATE SEQUENCE customer_cst_num_seq
    START WITH 1
    INCREMENT BY 1
    NO MINVALUE
    NO MAXVALUE
    CACHE 1;


ALTER TABLE customer_cst_num_seq OWNER TO mochidb_owner;

--
-- Name: customer; Type: TABLE; Schema: mochi; Owner: mochidb_owner
--

CREATE TABLE customer (
    rle_id bigint NOT NULL,
    cst_num character(10) DEFAULT nextval('customer_cst_num_seq'::regclass) NOT NULL
);


ALTER TABLE customer OWNER TO mochidb_owner;

--
-- Name: product_type_prd_typ_id_seq; Type: SEQUENCE; Schema: mochi; Owner: mochidb_owner
--

CREATE SEQUENCE product_type_prd_typ_id_seq
    START WITH 1
    INCREMENT BY 1
    NO MINVALUE
    NO MAXVALUE
    CACHE 1;


ALTER TABLE product_type_prd_typ_id_seq OWNER TO mochidb_owner;

--
-- Name: department; Type: TABLE; Schema: mochi; Owner: mochidb_owner
--

CREATE TABLE department (
    dept_id bigint DEFAULT nextval('product_type_prd_typ_id_seq'::regclass) NOT NULL,
    dept_cd character varying(5) NOT NULL,
    dept_class character varying(20)
);


ALTER TABLE department OWNER TO mochidb_owner;

--
-- Name: department_attr_lcl; Type: TABLE; Schema: mochi; Owner: mochidb_owner
--

CREATE TABLE department_attr_lcl (
    dept_lcl_id bigint NOT NULL,
    dept_id bigint NOT NULL,
    dept_desc character varying(100),
    lcl_cd character varying(5) NOT NULL
);


ALTER TABLE department_attr_lcl OWNER TO mochidb_owner;

--
-- Name: discount; Type: TABLE; Schema: mochi; Owner: mochidb_owner
--

CREATE TABLE discount (
    dis_id bigint NOT NULL,
    dis_cd character(5),
    prm_id bigint,
    dis_typ_id bigint NOT NULL,
    dis_val numeric
);


ALTER TABLE discount OWNER TO mochidb_owner;

--
-- Name: discount_type; Type: TABLE; Schema: mochi; Owner: mochidb_owner
--

CREATE TABLE discount_type (
    dis_typ_id bigint NOT NULL,
    dis_typ_desc character varying NOT NULL
);


ALTER TABLE discount_type OWNER TO mochidb_owner;

--
-- Name: hibernate_sequence; Type: SEQUENCE; Schema: mochi; Owner: mochidb_owner
--

CREATE SEQUENCE hibernate_sequence
    START WITH 232134
    INCREMENT BY 1
    NO MINVALUE
    NO MAXVALUE
    CACHE 1;


ALTER TABLE hibernate_sequence OWNER TO mochidb_owner;

--
-- Name: hierarchy_hir_id_seq; Type: SEQUENCE; Schema: mochi; Owner: mochidb_owner
--

CREATE SEQUENCE hierarchy_hir_id_seq
    START WITH 41
    INCREMENT BY 1
    NO MINVALUE
    NO MAXVALUE
    CACHE 1;


ALTER TABLE hierarchy_hir_id_seq OWNER TO mochidb_owner;

--
-- Name: inventory_location; Type: TABLE; Schema: mochi; Owner: mochidb_owner
--

CREATE TABLE inventory_location (
    inv_loc_id bigint NOT NULL,
    inv_loc_cd character(5) NOT NULL,
    inv_loc_desc character varying(50) NOT NULL,
    inv_loc_act boolean NOT NULL
);


ALTER TABLE inventory_location OWNER TO mochidb_owner;

--
-- Name: inventory_transaction_inv_trx_id_seq; Type: SEQUENCE; Schema: mochi; Owner: mochidb_owner
--

CREATE SEQUENCE inventory_transaction_inv_trx_id_seq
    START WITH 1
    INCREMENT BY 1
    NO MINVALUE
    NO MAXVALUE
    CACHE 1;


ALTER TABLE inventory_transaction_inv_trx_id_seq OWNER TO mochidb_owner;

--
-- Name: inventory_transaction; Type: TABLE; Schema: mochi; Owner: mochidb_owner
--

CREATE TABLE inventory_transaction (
    inv_trx_id bigint DEFAULT nextval('inventory_transaction_inv_trx_id_seq'::regclass) NOT NULL,
    inv_loc_id bigint NOT NULL,
    inv_prd_id bigint NOT NULL,
    inv_qty bigint NOT NULL,
    inv_prc numeric NOT NULL,
    inv_ccy_id bigint NOT NULL,
    inv_trx_typ_id bigint NOT NULL,
    inv_pty_id bigint NOT NULL,
    inv_trx_dt timestamp(4) with time zone NOT NULL
);


ALTER TABLE inventory_transaction OWNER TO mochidb_owner;

--
-- Name: inventory_transaction_type; Type: TABLE; Schema: mochi; Owner: mochidb_owner
--

CREATE TABLE inventory_transaction_type (
    inv_trx_typ_id bigint NOT NULL,
    inv_trx_typ_cd character varying(10) NOT NULL
);


ALTER TABLE inventory_transaction_type OWNER TO mochidb_owner;

--
-- Name: layout_category_lay_cat_id_seq; Type: SEQUENCE; Schema: mochi; Owner: mochidb_owner
--

CREATE SEQUENCE layout_category_lay_cat_id_seq
    START WITH 1
    INCREMENT BY 1
    NO MINVALUE
    NO MAXVALUE
    CACHE 1;


ALTER TABLE layout_category_lay_cat_id_seq OWNER TO mochidb_owner;

--
-- Name: layout_lay_id_seq; Type: SEQUENCE; Schema: mochi; Owner: mochidb_owner
--

CREATE SEQUENCE layout_lay_id_seq
    START WITH 1
    INCREMENT BY 1
    NO MINVALUE
    NO MAXVALUE
    CACHE 1;


ALTER TABLE layout_lay_id_seq OWNER TO mochidb_owner;

--
-- Name: locale; Type: TABLE; Schema: mochi; Owner: mochidb_owner
--

CREATE TABLE locale (
    lcl_cd character varying(20) NOT NULL
);


ALTER TABLE locale OWNER TO mochidb_owner;

--
-- Name: order; Type: TABLE; Schema: mochi; Owner: mochidb_owner
--

CREATE TABLE "order" (
    ord_id bigint NOT NULL,
    pty_id bigint NOT NULL
);


ALTER TABLE "order" OWNER TO mochidb_owner;

--
-- Name: order_line; Type: TABLE; Schema: mochi; Owner: mochidb_owner
--

CREATE TABLE order_line (
    ord_id bigint NOT NULL,
    prd_id bigint NOT NULL,
    ord_lne_no bigint NOT NULL,
    qty smallint NOT NULL,
    prm_id bigint NOT NULL,
    amt money NOT NULL
);


ALTER TABLE order_line OWNER TO mochidb_owner;

--
-- Name: organisation; Type: TABLE; Schema: mochi; Owner: mochidb_owner
--

CREATE TABLE organisation (
    org_id bigint NOT NULL,
    org_nme character varying(100) NOT NULL,
    org_reg_no character varying(50) NOT NULL
);


ALTER TABLE organisation OWNER TO mochidb_owner;

--
-- Name: party; Type: TABLE; Schema: mochi; Owner: mochidb_owner
--

CREATE TABLE party (
    pty_id bigint NOT NULL,
    pty_typ_id bigint NOT NULL
);


ALTER TABLE party OWNER TO mochidb_owner;

--
-- Name: party_party_id_seq; Type: SEQUENCE; Schema: mochi; Owner: mochidb_owner
--

CREATE SEQUENCE party_party_id_seq
    START WITH 1
    INCREMENT BY 1
    NO MINVALUE
    NO MAXVALUE
    CACHE 1;


ALTER TABLE party_party_id_seq OWNER TO mochidb_owner;

--
-- Name: party_pty_id_seq; Type: SEQUENCE; Schema: mochi; Owner: mochidb_owner
--

CREATE SEQUENCE party_pty_id_seq
    START WITH 1
    INCREMENT BY 1
    NO MINVALUE
    NO MAXVALUE
    CACHE 1;


ALTER TABLE party_pty_id_seq OWNER TO mochidb_owner;

--
-- Name: party_pty_id_seq; Type: SEQUENCE OWNED BY; Schema: mochi; Owner: mochidb_owner
--

ALTER SEQUENCE party_pty_id_seq OWNED BY party.pty_id;


--
-- Name: party_type; Type: TABLE; Schema: mochi; Owner: mochidb_owner
--

CREATE TABLE party_type (
    pty_typ_id bigint NOT NULL,
    pty_typ_desc character varying NOT NULL
);


ALTER TABLE party_type OWNER TO mochidb_owner;

--
-- Name: party_type_pty_typ_id_seq; Type: SEQUENCE; Schema: mochi; Owner: mochidb_owner
--

CREATE SEQUENCE party_type_pty_typ_id_seq
    START WITH 1
    INCREMENT BY 1
    NO MINVALUE
    NO MAXVALUE
    CACHE 1;


ALTER TABLE party_type_pty_typ_id_seq OWNER TO mochidb_owner;

--
-- Name: party_type_pty_typ_id_seq; Type: SEQUENCE OWNED BY; Schema: mochi; Owner: mochidb_owner
--

ALTER SEQUENCE party_type_pty_typ_id_seq OWNED BY party_type.pty_typ_id;


--
-- Name: person; Type: TABLE; Schema: mochi; Owner: mochidb_owner
--

CREATE TABLE person (
    psn_id bigint NOT NULL,
    psn_gvn_nm character varying NOT NULL,
    psn_fml_nm character varying NOT NULL,
    enb boolean NOT NULL
);


ALTER TABLE person OWNER TO mochidb_owner;

--
-- Name: person_id_seq; Type: SEQUENCE; Schema: mochi; Owner: mochidb_owner
--

CREATE SEQUENCE person_id_seq
    START WITH 6
    INCREMENT BY 1
    NO MINVALUE
    NO MAXVALUE
    CACHE 1;


ALTER TABLE person_id_seq OWNER TO mochidb_owner;

--
-- Name: price_prc_id_seq; Type: SEQUENCE; Schema: mochi; Owner: mochidb_owner
--

CREATE SEQUENCE price_prc_id_seq
    START WITH 1
    INCREMENT BY 1
    NO MINVALUE
    NO MAXVALUE
    CACHE 1;


ALTER TABLE price_prc_id_seq OWNER TO mochidb_owner;

--
-- Name: price; Type: TABLE; Schema: mochi; Owner: mochidb_owner
--

CREATE TABLE price (
    prc_id bigint DEFAULT nextval('price_prc_id_seq'::regclass) NOT NULL,
    prc_typ_id bigint NOT NULL,
    prd_id bigint NOT NULL,
    prc_val numeric NOT NULL,
    ccy_id bigint NOT NULL
);


ALTER TABLE price OWNER TO mochidb_owner;

--
-- Name: price_type; Type: TABLE; Schema: mochi; Owner: mochidb_owner
--

CREATE TABLE price_type (
    prc_typ_id bigint NOT NULL,
    prc_typ_desc character varying,
    prc_typ_cd character varying
);


ALTER TABLE price_type OWNER TO mochidb_owner;

--
-- Name: product; Type: TABLE; Schema: mochi; Owner: mochidb_owner
--

CREATE TABLE product (
    prd_id bigint NOT NULL,
    upc_cd character varying(12) NOT NULL,
    prd_crtd_dt timestamp(4) with time zone NOT NULL,
    bnd_id bigint NOT NULL,
    dept_id bigint NOT NULL,
    prd_sts_id bigint NOT NULL
);


ALTER TABLE product OWNER TO mochidb_owner;

--
-- Name: product_attr_lcl; Type: TABLE; Schema: mochi; Owner: mochidb_owner
--

CREATE TABLE product_attr_lcl (
    prd_lcl_id bigint NOT NULL,
    prd_id bigint NOT NULL,
    prd_desc character varying(100),
    prd_img_pth character varying(100),
    lcl_cd character varying(5) NOT NULL,
    prd_lng_desc character varying(500)
);


ALTER TABLE product_attr_lcl OWNER TO mochidb_owner;

--
-- Name: product_basic; Type: TABLE; Schema: mochi; Owner: mochidb_owner
--

CREATE TABLE product_basic (
    prd_id bigint NOT NULL
);


ALTER TABLE product_basic OWNER TO mochidb_owner;

--
-- Name: product_category_prd_cat_id_seq; Type: SEQUENCE; Schema: mochi; Owner: mochidb_owner
--

CREATE SEQUENCE product_category_prd_cat_id_seq
    START WITH 1
    INCREMENT BY 1
    NO MINVALUE
    NO MAXVALUE
    CACHE 1;


ALTER TABLE product_category_prd_cat_id_seq OWNER TO mochidb_owner;

--
-- Name: product_category; Type: TABLE; Schema: mochi; Owner: mochidb_owner
--

CREATE TABLE product_category (
    prd_cat_id bigint DEFAULT nextval('product_category_prd_cat_id_seq'::regclass) NOT NULL,
    prd_id bigint,
    cat_id bigint
);


ALTER TABLE product_category OWNER TO mochidb_owner;

--
-- Name: product_promotion; Type: TABLE; Schema: mochi; Owner: mochidb_owner
--

CREATE TABLE product_promotion (
    prd_id bigint NOT NULL,
    prm_id bigint NOT NULL
);


ALTER TABLE product_promotion OWNER TO mochidb_owner;

--
-- Name: product_rating_prd_rat_id_seq; Type: SEQUENCE; Schema: mochi; Owner: mochidb_owner
--

CREATE SEQUENCE product_rating_prd_rat_id_seq
    START WITH 1
    INCREMENT BY 1
    NO MINVALUE
    NO MAXVALUE
    CACHE 1;


ALTER TABLE product_rating_prd_rat_id_seq OWNER TO mochidb_owner;

--
-- Name: product_rating; Type: TABLE; Schema: mochi; Owner: mochidb_owner
--

CREATE TABLE product_rating (
    prd_rat_id bigint DEFAULT nextval('product_rating_prd_rat_id_seq'::regclass) NOT NULL,
    prd_id bigint NOT NULL,
    rat_id bigint NOT NULL,
    pty_id bigint NOT NULL,
    prd_rat_dt timestamp with time zone NOT NULL
);


ALTER TABLE product_rating OWNER TO mochidb_owner;

--
-- Name: product_shipping; Type: TABLE; Schema: mochi; Owner: mochidb_owner
--

CREATE TABLE product_shipping (
    prd_id bigint NOT NULL
);


ALTER TABLE product_shipping OWNER TO mochidb_owner;

--
-- Name: product_status_prd_sts_id_seq; Type: SEQUENCE; Schema: mochi; Owner: mochidb_owner
--

CREATE SEQUENCE product_status_prd_sts_id_seq
    START WITH 1
    INCREMENT BY 1
    NO MINVALUE
    NO MAXVALUE
    CACHE 1;


ALTER TABLE product_status_prd_sts_id_seq OWNER TO mochidb_owner;

--
-- Name: product_status; Type: TABLE; Schema: mochi; Owner: mochidb_owner
--

CREATE TABLE product_status (
    prd_sts_id bigint DEFAULT nextval('product_status_prd_sts_id_seq'::regclass) NOT NULL,
    prd_sts_cd character varying(5) NOT NULL,
    prd_sts_desc character varying(20)
);


ALTER TABLE product_status OWNER TO mochidb_owner;

--
-- Name: product_supplier; Type: TABLE; Schema: mochi; Owner: mochidb_owner
--

CREATE TABLE product_supplier (
);


ALTER TABLE product_supplier OWNER TO mochidb_owner;

--
-- Name: product_tag_prd_tag_id_seq; Type: SEQUENCE; Schema: mochi; Owner: mochidb_owner
--

CREATE SEQUENCE product_tag_prd_tag_id_seq
    START WITH 25
    INCREMENT BY 1
    NO MINVALUE
    NO MAXVALUE
    CACHE 1;


ALTER TABLE product_tag_prd_tag_id_seq OWNER TO mochidb_owner;

--
-- Name: product_tag; Type: TABLE; Schema: mochi; Owner: mochidb_owner
--

CREATE TABLE product_tag (
    prd_tag_id bigint DEFAULT nextval('product_tag_prd_tag_id_seq'::regclass) NOT NULL,
    prd_id bigint,
    tag_id bigint
);


ALTER TABLE product_tag OWNER TO mochidb_owner;

--
-- Name: product_tag_attr_lcl_tag_id_seq; Type: SEQUENCE; Schema: mochi; Owner: mochidb_owner
--

CREATE SEQUENCE product_tag_attr_lcl_tag_id_seq
    START WITH 1
    INCREMENT BY 1
    NO MINVALUE
    NO MAXVALUE
    CACHE 1;


ALTER TABLE product_tag_attr_lcl_tag_id_seq OWNER TO mochidb_owner;

--
-- Name: promotion; Type: TABLE; Schema: mochi; Owner: mochidb_owner
--

CREATE TABLE promotion (
    prm_id bigint NOT NULL,
    prm_cd character(5) NOT NULL,
    prm_st_dt timestamp(4) with time zone NOT NULL,
    prm_en_dt timestamp(4) with time zone NOT NULL,
    prm_mec_id bigint NOT NULL,
    prm_act boolean NOT NULL
);


ALTER TABLE promotion OWNER TO mochidb_owner;

--
-- Name: promotion_attr_lcl; Type: TABLE; Schema: mochi; Owner: mochidb_owner
--

CREATE TABLE promotion_attr_lcl (
    prm_lcl_id bigint NOT NULL,
    prm_id bigint NOT NULL,
    prm_desc character varying(100),
    lcl_cd character varying(5) NOT NULL
);


ALTER TABLE promotion_attr_lcl OWNER TO mochidb_owner;

--
-- Name: promotion_bngnpct; Type: TABLE; Schema: mochi; Owner: mochidb_owner
--

CREATE TABLE promotion_bngnpct (
    prm_id bigint NOT NULL,
    buy_qty smallint NOT NULL,
    pct_disc numeric(8,0) NOT NULL
);


ALTER TABLE promotion_bngnpct OWNER TO mochidb_owner;

--
-- Name: promotion_category_prm_cat_id_seq; Type: SEQUENCE; Schema: mochi; Owner: mochidb_owner
--

CREATE SEQUENCE promotion_category_prm_cat_id_seq
    START WITH 1
    INCREMENT BY 1
    NO MINVALUE
    NO MAXVALUE
    CACHE 1;


ALTER TABLE promotion_category_prm_cat_id_seq OWNER TO mochidb_owner;

--
-- Name: promotion_mechanic; Type: TABLE; Schema: mochi; Owner: mochidb_owner
--

CREATE TABLE promotion_mechanic (
    prm_mec_id bigint NOT NULL,
    prm_mec_cd character varying(10) NOT NULL,
    prm_mec_desc character varying
);


ALTER TABLE promotion_mechanic OWNER TO mochidb_owner;

--
-- Name: promotion_pctmkd; Type: TABLE; Schema: mochi; Owner: mochidb_owner
--

CREATE TABLE promotion_pctmkd (
    prm_id bigint NOT NULL,
    mkd_pct smallint NOT NULL
);


ALTER TABLE promotion_pctmkd OWNER TO mochidb_owner;

--
-- Name: rating; Type: TABLE; Schema: mochi; Owner: mochidb_owner
--

CREATE TABLE rating (
    rat_id bigint NOT NULL,
    rat_desc character varying(50),
    rat_val smallint
);


ALTER TABLE rating OWNER TO mochidb_owner;

--
-- Name: role_rle_id_seq; Type: SEQUENCE; Schema: mochi; Owner: mochidb_owner
--

CREATE SEQUENCE role_rle_id_seq
    START WITH 1
    INCREMENT BY 1
    NO MINVALUE
    NO MAXVALUE
    CACHE 1;


ALTER TABLE role_rle_id_seq OWNER TO mochidb_owner;

--
-- Name: role; Type: TABLE; Schema: mochi; Owner: mochidb_owner
--

CREATE TABLE role (
    rle_id bigint DEFAULT nextval('role_rle_id_seq'::regclass) NOT NULL,
    rle_typ_id bigint NOT NULL,
    rle_start_dt timestamp(4) with time zone DEFAULT now() NOT NULL,
    pty_id bigint NOT NULL
);


ALTER TABLE role OWNER TO mochidb_owner;

--
-- Name: role_type; Type: TABLE; Schema: mochi; Owner: mochidb_owner
--

CREATE TABLE role_type (
    rle_typ_id bigint NOT NULL,
    rle_typ_desc character varying NOT NULL
);


ALTER TABLE role_type OWNER TO mochidb_owner;

--
-- Name: role_type_rle_typ_id_seq; Type: SEQUENCE; Schema: mochi; Owner: mochidb_owner
--

CREATE SEQUENCE role_type_rle_typ_id_seq
    START WITH 1
    INCREMENT BY 1
    NO MINVALUE
    NO MAXVALUE
    CACHE 1;


ALTER TABLE role_type_rle_typ_id_seq OWNER TO mochidb_owner;

--
-- Name: role_type_rle_typ_id_seq; Type: SEQUENCE OWNED BY; Schema: mochi; Owner: mochidb_owner
--

ALTER SEQUENCE role_type_rle_typ_id_seq OWNED BY role_type.rle_typ_id;


--
-- Name: role_type_role_typ_id_seq; Type: SEQUENCE; Schema: mochi; Owner: mochidb_owner
--

CREATE SEQUENCE role_type_role_typ_id_seq
    START WITH 1
    INCREMENT BY 1
    NO MINVALUE
    NO MAXVALUE
    CACHE 1;


ALTER TABLE role_type_role_typ_id_seq OWNER TO mochidb_owner;

--
-- Name: stock_on_hand; Type: TABLE; Schema: mochi; Owner: mochidb_owner
--

CREATE TABLE stock_on_hand (
    soh_id bigint NOT NULL,
    soh_prd_id bigint NOT NULL,
    soh_qty bigint NOT NULL
);


ALTER TABLE stock_on_hand OWNER TO mochidb_owner;

--
-- Name: supplier_sup_num_seq; Type: SEQUENCE; Schema: mochi; Owner: mochidb_owner
--

CREATE SEQUENCE supplier_sup_num_seq
    START WITH 1000000001
    INCREMENT BY 1
    NO MINVALUE
    NO MAXVALUE
    CACHE 1;


ALTER TABLE supplier_sup_num_seq OWNER TO mochidb_owner;

--
-- Name: supplier; Type: TABLE; Schema: mochi; Owner: mochidb_owner
--

CREATE TABLE supplier (
    rle_id bigint NOT NULL,
    sup_num character(10) DEFAULT nextval('supplier_sup_num_seq'::regclass) NOT NULL
);


ALTER TABLE supplier OWNER TO mochidb_owner;

--
-- Name: tag_tag_id_seq; Type: SEQUENCE; Schema: mochi; Owner: mochidb_owner
--

CREATE SEQUENCE tag_tag_id_seq
    START WITH 15
    INCREMENT BY 1
    NO MINVALUE
    NO MAXVALUE
    CACHE 1;


ALTER TABLE tag_tag_id_seq OWNER TO mochidb_owner;

--
-- Name: tag; Type: TABLE; Schema: mochi; Owner: mochidb_owner
--

CREATE TABLE tag (
    tag_id bigint DEFAULT nextval('tag_tag_id_seq'::regclass) NOT NULL,
    tag_cd character(5) NOT NULL
);


ALTER TABLE tag OWNER TO mochidb_owner;

--
-- Name: tag_attr_lcl_tag_id_seq; Type: SEQUENCE; Schema: mochi; Owner: mochidb_owner
--

CREATE SEQUENCE tag_attr_lcl_tag_id_seq
    START WITH 1
    INCREMENT BY 1
    NO MINVALUE
    NO MAXVALUE
    CACHE 1;


ALTER TABLE tag_attr_lcl_tag_id_seq OWNER TO mochidb_owner;

--
-- Name: tag_attr_lcl; Type: TABLE; Schema: mochi; Owner: mochidb_owner
--

CREATE TABLE tag_attr_lcl (
    tag_lcl_id bigint DEFAULT nextval('tag_attr_lcl_tag_id_seq'::regclass) NOT NULL,
    tag_id bigint NOT NULL,
    tag_desc character varying(100),
    tag_img_pth character varying(100),
    lcl_cd character varying(5) NOT NULL
);


ALTER TABLE tag_attr_lcl OWNER TO mochidb_owner;

SET search_path = security, pg_catalog;

--
-- Name: permission; Type: TABLE; Schema: security; Owner: security_owner
--

CREATE TABLE permission (
    id bigint NOT NULL,
    name character varying(255)
);


ALTER TABLE permission OWNER TO security_owner;

--
-- Name: authority_id_seq; Type: SEQUENCE; Schema: security; Owner: security_owner
--

CREATE SEQUENCE authority_id_seq
    START WITH 1
    INCREMENT BY 1
    NO MINVALUE
    NO MAXVALUE
    CACHE 1;


ALTER TABLE authority_id_seq OWNER TO security_owner;

--
-- Name: authority_id_seq; Type: SEQUENCE OWNED BY; Schema: security; Owner: security_owner
--

ALTER SEQUENCE authority_id_seq OWNED BY permission.id;


--
-- Name: clientdetails; Type: TABLE; Schema: security; Owner: security_owner
--

CREATE TABLE clientdetails (
    appid character varying(256) NOT NULL,
    resourceids character varying(256),
    appsecret character varying(256),
    scope character varying(256),
    granttypes character varying(256),
    redirecturl character varying(256),
    authorities character varying(256),
    access_token_validity integer,
    refresh_token_validity integer,
    additionalinformation character varying(4096),
    autoapprovescopes character varying(256)
);


ALTER TABLE clientdetails OWNER TO security_owner;

--
-- Name: device_metadata; Type: TABLE; Schema: security; Owner: security_owner
--

CREATE TABLE device_metadata (
    id bigint NOT NULL,
    device_details character varying(255),
    last_logged_in timestamp without time zone,
    location character varying(255),
    user_id bigint
);


ALTER TABLE device_metadata OWNER TO security_owner;

--
-- Name: hibernate_sequence; Type: SEQUENCE; Schema: security; Owner: security_owner
--

CREATE SEQUENCE hibernate_sequence
    START WITH 1
    INCREMENT BY 1
    NO MINVALUE
    NO MAXVALUE
    CACHE 1;


ALTER TABLE hibernate_sequence OWNER TO security_owner;

--
-- Name: new_location_token; Type: TABLE; Schema: security; Owner: security_owner
--

CREATE TABLE new_location_token (
    id bigint NOT NULL,
    token character varying(255),
    user_location_id bigint NOT NULL
);


ALTER TABLE new_location_token OWNER TO security_owner;

--
-- Name: oauth_access_token; Type: TABLE; Schema: security; Owner: security_owner
--

CREATE TABLE oauth_access_token (
    token_id character varying(256),
    token bytea,
    authentication_id character varying(256) NOT NULL,
    user_name character varying(256),
    client_id character varying(256),
    authentication bytea,
    refresh_token character varying(256)
);


ALTER TABLE oauth_access_token OWNER TO security_owner;

--
-- Name: oauth_approvals; Type: TABLE; Schema: security; Owner: security_owner
--

CREATE TABLE oauth_approvals (
    userid character varying(256),
    clientid character varying(256),
    scope character varying(256),
    status character varying(10),
    expiresat timestamp without time zone,
    lastmodifiedat timestamp without time zone
);


ALTER TABLE oauth_approvals OWNER TO security_owner;

--
-- Name: oauth_client_details; Type: TABLE; Schema: security; Owner: security_owner
--

CREATE TABLE oauth_client_details (
    client_id character varying(256) NOT NULL,
    resource_ids character varying(256),
    client_secret character varying(256),
    scope character varying(256),
    authorized_grant_types character varying(256),
    web_server_redirect_uri character varying(256),
    authorities character varying(256),
    access_token_validity integer,
    refresh_token_validity integer,
    additional_information character varying(4096),
    autoapprove character varying(256)
);


ALTER TABLE oauth_client_details OWNER TO security_owner;

--
-- Name: oauth_client_token; Type: TABLE; Schema: security; Owner: security_owner
--

CREATE TABLE oauth_client_token (
    token_id character varying(256),
    token bytea,
    authentication_id character varying(256) NOT NULL,
    user_name character varying(256),
    client_id character varying(256)
);


ALTER TABLE oauth_client_token OWNER TO security_owner;

--
-- Name: oauth_code; Type: TABLE; Schema: security; Owner: security_owner
--

CREATE TABLE oauth_code (
    code character varying(256),
    authentication bytea
);


ALTER TABLE oauth_code OWNER TO security_owner;

--
-- Name: oauth_refresh_token; Type: TABLE; Schema: security; Owner: security_owner
--

CREATE TABLE oauth_refresh_token (
    token_id character varying(256),
    token bytea,
    authentication bytea
);


ALTER TABLE oauth_refresh_token OWNER TO security_owner;

--
-- Name: password_reset_token; Type: TABLE; Schema: security; Owner: security_owner
--

CREATE TABLE password_reset_token (
    id bigint NOT NULL,
    expiry_date timestamp without time zone,
    token character varying(255),
    pty_id bigint NOT NULL
);


ALTER TABLE password_reset_token OWNER TO security_owner;

--
-- Name: role_id_seq; Type: SEQUENCE; Schema: security; Owner: security_owner
--

CREATE SEQUENCE role_id_seq
    START WITH 1
    INCREMENT BY 1
    NO MINVALUE
    NO MAXVALUE
    CACHE 1;


ALTER TABLE role_id_seq OWNER TO security_owner;

--
-- Name: role; Type: TABLE; Schema: security; Owner: security_owner
--

CREATE TABLE role (
    id bigint DEFAULT nextval('role_id_seq'::regclass) NOT NULL,
    name character varying(40)
);


ALTER TABLE role OWNER TO security_owner;

--
-- Name: role_permission_id_seq; Type: SEQUENCE; Schema: security; Owner: security_owner
--

CREATE SEQUENCE role_permission_id_seq
    START WITH 1
    INCREMENT BY 1
    NO MINVALUE
    NO MAXVALUE
    CACHE 1;


ALTER TABLE role_permission_id_seq OWNER TO security_owner;

--
-- Name: role_permission; Type: TABLE; Schema: security; Owner: security_owner
--

CREATE TABLE role_permission (
    id bigint DEFAULT nextval('role_permission_id_seq'::regclass) NOT NULL,
    role_id bigint NOT NULL,
    permission_id bigint NOT NULL
);


ALTER TABLE role_permission OWNER TO security_owner;

--
-- Name: user_; Type: TABLE; Schema: security; Owner: security_owner
--

CREATE TABLE user_ (
    pty_id bigint NOT NULL,
    account_expired boolean,
    account_locked boolean,
    credentials_expired boolean,
    enabled boolean,
    password character varying(255),
    user_name character varying(255),
    is_using2fa boolean,
    secret character varying(255)
);


ALTER TABLE user_ OWNER TO security_owner;

--
-- Name: user_location; Type: TABLE; Schema: security; Owner: security_owner
--

CREATE TABLE user_location (
    id bigint NOT NULL,
    country character varying(255),
    enabled boolean NOT NULL,
    pty_id bigint NOT NULL
);


ALTER TABLE user_location OWNER TO security_owner;

--
-- Name: user_role_id_seq; Type: SEQUENCE; Schema: security; Owner: security_owner
--

CREATE SEQUENCE user_role_id_seq
    START WITH 1
    INCREMENT BY 1
    NO MINVALUE
    NO MAXVALUE
    CACHE 1;


ALTER TABLE user_role_id_seq OWNER TO security_owner;

--
-- Name: user_role; Type: TABLE; Schema: security; Owner: security_owner
--

CREATE TABLE user_role (
    id bigint DEFAULT nextval('user_role_id_seq'::regclass) NOT NULL,
    pty_id bigint NOT NULL,
    role_id bigint NOT NULL
);


ALTER TABLE user_role OWNER TO security_owner;

--
-- Name: verification_token; Type: TABLE; Schema: security; Owner: security_owner
--

CREATE TABLE verification_token (
    id bigint NOT NULL,
    expiry_date timestamp without time zone,
    token character varying(255),
    pty_id bigint NOT NULL
);


ALTER TABLE verification_token OWNER TO security_owner;

SET search_path = mochi, pg_catalog;

--
-- Name: party pty_id; Type: DEFAULT; Schema: mochi; Owner: mochidb_owner
--

ALTER TABLE ONLY party ALTER COLUMN pty_id SET DEFAULT nextval('party_pty_id_seq'::regclass);


--
-- Name: party_type pty_typ_id; Type: DEFAULT; Schema: mochi; Owner: mochidb_owner
--

ALTER TABLE ONLY party_type ALTER COLUMN pty_typ_id SET DEFAULT nextval('party_type_pty_typ_id_seq'::regclass);


--
-- Name: role_type rle_typ_id; Type: DEFAULT; Schema: mochi; Owner: mochidb_owner
--

ALTER TABLE ONLY role_type ALTER COLUMN rle_typ_id SET DEFAULT nextval('role_type_rle_typ_id_seq'::regclass);


SET search_path = security, pg_catalog;

--
-- Name: permission id; Type: DEFAULT; Schema: security; Owner: security_owner
--

ALTER TABLE ONLY permission ALTER COLUMN id SET DEFAULT nextval('authority_id_seq'::regclass);


SET search_path = mochi, pg_catalog;

--
-- Data for Name: accessories_attr_lcl; Type: TABLE DATA; Schema: mochi; Owner: mochidb_owner
--

COPY accessories_attr_lcl (prd_lcl_id, prd_id, primary_metal_type, primary_stone_type, lcl_cd) FROM stdin;
6	5	\N	\N	en-GB
8	7	\N	\N	en-GB
10	9	\N	\N	en-GB
14	13	\N	\N	en-GB
22	21	\N	\N	en-GB
24	23	\N	\N	en-GB
26	25	\N	\N	en-GB
27	26	\N	\N	en-GB
29	28	\N	\N	en-GB
31	30	\N	\N	en-GB
3	2	\N	\N	en-GB
9	8	\N	\N	en-GB
18	17	\N	\N	en-GB
4	3	\N	\N	en-GB
5	4	\N	\N	en-GB
7	6	\N	\N	en-GB
13	12	\N	\N	en-GB
17	16	\N	\N	en-GB
11	10	\N	\N	en-GB
12	11	\N	\N	en-GB
15	14	\N	\N	en-GB
16	15	\N	\N	en-GB
20	19	\N	\N	en-GB
21	20	\N	\N	en-GB
23	22	\N	\N	en-GB
25	24	\N	\N	en-GB
28	27	\N	\N	en-GB
30	29	\N	\N	en-GB
2	1	\N	\N	en-GB
19	18	\N	\N	en-GB
45	5	\N	\N	zh-HK
47	7	\N	\N	zh-HK
49	9	\N	\N	zh-HK
53	13	\N	\N	zh-HK
61	21	\N	\N	zh-HK
63	23	\N	\N	zh-HK
65	25	\N	\N	zh-HK
66	26	\N	\N	zh-HK
68	28	\N	\N	zh-HK
70	30	\N	\N	zh-HK
42	2	\N	\N	zh-HK
48	8	\N	\N	zh-HK
57	17	\N	\N	zh-HK
43	3	\N	\N	zh-HK
44	4	\N	\N	zh-HK
46	6	\N	\N	zh-HK
52	12	\N	\N	zh-HK
56	16	\N	\N	zh-HK
50	10	\N	\N	zh-HK
51	11	\N	\N	zh-HK
54	14	\N	\N	zh-HK
55	15	\N	\N	zh-HK
59	19	\N	\N	zh-HK
60	20	\N	\N	zh-HK
62	22	\N	\N	zh-HK
64	24	\N	\N	zh-HK
67	27	\N	\N	zh-HK
69	29	\N	\N	zh-HK
41	1	\N	\N	zh-HK
58	18	\N	\N	zh-HK
\.


--
-- Data for Name: address; Type: TABLE DATA; Schema: mochi; Owner: mochidb_owner
--

COPY address  FROM stdin;
\.


--
-- Data for Name: address_type; Type: TABLE DATA; Schema: mochi; Owner: mochidb_owner
--

COPY address_type  FROM stdin;
\.


--
-- Data for Name: bag; Type: TABLE DATA; Schema: mochi; Owner: mochidb_owner
--

COPY bag (bag_id, pty_id, bag_crd_dt, bag_upd_dt) FROM stdin;
234473	232304	2020-12-01 21:33:14.43+08	2020-12-01 21:33:14.431+08
233760	233024	2020-09-19 11:20:11.58+08	2020-12-01 21:33:31.939+08
\.


--
-- Name: bag_bag_id_seq; Type: SEQUENCE SET; Schema: mochi; Owner: mochidb_owner
--

SELECT pg_catalog.setval('bag_bag_id_seq', 1, false);


--
-- Data for Name: bag_item; Type: TABLE DATA; Schema: mochi; Owner: mochidb_owner
--

COPY bag_item (bag_item_id, bag_id, prd_id, qty, bag_item_sts_id) FROM stdin;
234474	233760	20	1	1
234475	233760	1	1	1
\.


--
-- Data for Name: bag_item_status; Type: TABLE DATA; Schema: mochi; Owner: mochidb_owner
--

COPY bag_item_status (bag_item_sts_id, bag_item_sts_cd, bag_item_sts_desc) FROM stdin;
1	NEW01	New
2	PRO01	Processed
3	PND01	Pending
\.


--
-- Name: bag_status_bag_sts_id_seq; Type: SEQUENCE SET; Schema: mochi; Owner: mochidb_owner
--

SELECT pg_catalog.setval('bag_status_bag_sts_id_seq', 3, true);


--
-- Data for Name: brand; Type: TABLE DATA; Schema: mochi; Owner: mochidb_owner
--

COPY brand (bnd_id, bnd_cd) FROM stdin;
32	DLE01
33	ENZ01
34	DIV01
35	DRI01
36	WON01
37	PLA01
38	GLO01
39	ADO01
40	GOL01
41	SHI01
233191	LAYLA
233194	WILOW
233197	MARLY
233200	SCOTI
233203	IPSY 
233206	LBS  
233209	LINSY
233212	PHONY
233215	HLEAF
\.


--
-- Data for Name: brand_attr_lcl; Type: TABLE DATA; Schema: mochi; Owner: mochidb_owner
--

COPY brand_attr_lcl (bnd_lcl_id, bnd_id, bnd_desc, bnd_img_pth, lcl_cd) FROM stdin;
59	32	Dole	\N	en-GB
60	32	Dole	\N	zh-HK
61	33	Enza	\N	en-GB
62	33	Enza	\N	zh-HK
63	34	Diva	\N	en-GB
64	34	Diva	\N	zh-HK
65	35	Driscolls	\N	en-GB
66	35	Driscolls	\N	zh-HK
67	36	Wonderful	\N	en-GB
68	36	Wonderful	\N	zh-HK
69	37	Planters	\N	en-GB
70	37	Planters	\N	zh-HK
71	38	Glorys	\N	en-GB
72	38	Glorys	\N	zh-HK
73	39	Adora	\N	en-GB
74	39	Adora	\N	zh-HK
75	40	Gold	\N	en-GB
76	40	Gold	\N	zh-HK
77	41	Shine	\N	en-GB
78	41	Shine	\N	zh-HK
233192	233191	LAYLA	\N	en-GB
233193	233191	Layla萊拉	\N	zh-HK
233195	233194	WILLOW	\N	en-GB
233196	233194	Willow小柳	\N	zh-HK
233198	233197	MARLEY 	\N	en-GB
233199	233197	Marley馬利	\N	zh-HK
233201	233200	Scottish  Hendoz 	\N	en-GB
233202	233200	Scottish Hendoz蘇格蘭亨多斯	\N	zh-HK
233204	233203	Ipsy	\N	en-GB
233205	233203	Ipsy葉子	\N	zh-HK
233207	233206	Little Bag	\N	en-GB
233208	233206	Little Bat小包包	\N	zh-HK
233210	233209	LINSY	\N	en-GB
233211	233209	Linsy連斯	\N	zh-HK
233213	233212	Phoney 	\N	en-GB
233214	233212	Phoney 	\N	zh-HK
233216	233215	HAPPYLEAF	\N	en-GB
233217	233215	開心葉	\N	zh-HK
\.


--
-- Name: brand_attr_lcl_bnd_id_seq; Type: SEQUENCE SET; Schema: mochi; Owner: mochidb_owner
--

SELECT pg_catalog.setval('brand_attr_lcl_bnd_id_seq', 78, true);


--
-- Name: brand_bnd_id_seq; Type: SEQUENCE SET; Schema: mochi; Owner: mochidb_owner
--

SELECT pg_catalog.setval('brand_bnd_id_seq', 41, true);


--
-- Data for Name: brand_category; Type: TABLE DATA; Schema: mochi; Owner: mochidb_owner
--

COPY brand_category (bnd_cat_id, bnd_id, cat_id) FROM stdin;
11	32	45
12	33	45
13	34	45
14	35	45
\.


--
-- Name: brand_category_bnd_cat_id_seq; Type: SEQUENCE SET; Schema: mochi; Owner: mochidb_owner
--

SELECT pg_catalog.setval('brand_category_bnd_cat_id_seq', 14, true);


--
-- Data for Name: brand_promotion; Type: TABLE DATA; Schema: mochi; Owner: mochidb_owner
--

COPY brand_promotion (bnd_id, prm_id) FROM stdin;
\.


--
-- Data for Name: category; Type: TABLE DATA; Schema: mochi; Owner: mochidb_owner
--

COPY category (cat_id, cat_cd, cat_typ_id, cat_lvl, cat_prnt_cd, cat_prnt_id) FROM stdin;
45	FBR01	2	0	\N	\N
39	PRM02	1	0	\N	\N
40	BND01	1	0	\N	\N
2	PRM01	1	0	\N	\N
38	FET01	1	1	PRM02	39
25	OFT01	1	2	FRT01	3
31	DUM05	1	1	PRM01	2
33	DUM07	1	1	PRM01	2
4	VEG01	1	1	PRM01	2
13	MEL01	1	2	FRT01	3
11	DRU01	1	2	FRT01	3
36	REV01	1	3	ROV01	6
22	PEC01	1	2	NUT01	16
28	DUM02	1	1	PRM01	2
10	POM01	1	2	FRT01	3
42	OTH02	1	1	BND01	40
17	PIS01	1	2	NUT01	16
34	DUM08	1	1	PRM01	2
5	DGV01	1	2	VEG01	4
15	TRO01	1	2	FRT01	3
32	DUM06	1	1	PRM01	2
30	DUM04	1	1	PRM01	2
6	ROV01	1	2	VEG01	4
12	BER01	1	2	FRT01	3
43	BSP01	1	1	PRM02	39
8	SVG01	1	2	VEG01	4
16	NUT01	1	1	PRM01	2
18	HAZ01	1	2	NUT01	16
26	ONT01	1	2	NUT01	16
7	BAP01	1	2	VEG01	4
29	DUM03	1	1	PRM01	2
27	DUM01	1	1	PRM01	2
14	CIT01	1	2	FRT01	3
44	UNK01	1	1	PRM02	39
21	PEA01	1	2	NUT01	16
24	MAC01	1	2	NUT01	16
23	BRA01	1	2	NUT01	16
19	CAS01	1	2	NUT01	16
35	DUM09	1	4	REV01	36
9	OTH01	1	2	VEG01	4
3	FRT01	1	1	PRM01	2
20	ALM01	1	2	NUT01	16
37	ORV01	1	3	ROV01	6
233095	PRM05	1	0	     	\N
233131	FFSHO	1	3	FFOT1	233107
233185	HFCAR	1	3	HFLO1	233182
233059	AHAR1	1	2	ACC01	233056
233152	FCTOP	1	3	FCLO1	233116
233113	FWAT1	1	2	FAS01	233104
233155	FCBOT	1	3	FCLO1	233116
233098	AOLAN	1	3	AOTH1	233062
233134	FFSLI	1	3	FFOT1	233107
233173	FCPOC	1	3	FCOO1	233125
233101	AOPAD	1	3	AOTH1	233062
233167	FBHAN	1	3	FBAG1	233119
233065	AJEW1	1	2	ACC01	233056
233074	AHHAT	1	3	AHAR1	233059
233116	FCLO1	1	2	FAS01	233104
233107	FFOT1	1	2	FAS01	233104
233140	FBFAB	1	3	FBEL1	233110
233068	AHHAB	1	3	AHAR1	233059
233110	FBEL1	1	2	FAS01	233104
233143	FHSUN	1	3	FHEA1	233122
233071	AHHAC	1	3	AHAR1	233059
233080	AJEAR	1	3	AJEW1	233065
233137	FFSOC	1	3	FFOT1	233107
233164	FBBAC	1	3	FBAG1	233119
233092	AOKEY	1	3	AOTH1	233062
233161	FCSCA	1	3	FCLO1	233116
233122	FHEA1	1	2	FAS01	233104
233158	FCJAC	1	3	FCLO1	233116
233062	AOTH1	1	2	ACC01	233056
233119	FBAG1	1	2	FAS01	233104
233170	FBWAL	1	3	FBAG1	233119
233179	HOM01	1	1	PRM05	233095
233128	FPHO1	1	2	FAS01	233104
233104	FAS01	1	1	PRM05	233095
233089	AJBRO	1	3	AJEW1	233065
233146	FHHAT	1	3	FHEA1	233122
233188	HFCUP	1	3	HFLO1	233182
233125	FCOO1	1	2	FAS01	233104
233176	FPAPP	1	3	FPHO1	233128
233077	AJBRA	1	3	AJEW1	233065
233056	ACC01	1	1	PRM05	233095
233083	AJNEC	1	3	AJEW1	233065
233182	HFLO1	1	2	HOM01	233179
233086	AJRIN	1	3	AJEW1	233065
233149	FWWAT	1	3	FWAT1	233113
\.


--
-- Data for Name: category_attr_lcl; Type: TABLE DATA; Schema: mochi; Owner: mochidb_owner
--

COPY category_attr_lcl (cat_lcl_id, cat_id, cat_desc, cat_img_pth, lcl_cd) FROM stdin;
14	3	水果		zh-HK
17	5	深綠色蔬菜	\N	zh-HK
19	6	紅色和橙色蔬菜	\N	zh-HK
21	7	豆類和豌豆	\N	zh-HK
23	8	澱粉蔬菜	\N	zh-HK
25	9	其他蔬菜	\N	zh-HK
27	10	梨果	\N	zh-HK
29	11	核果	\N	zh-HK
31	12	漿果	\N	zh-HK
33	13	瓜	\N	zh-HK
35	14	柑橘	\N	zh-HK
37	15	熱帶	\N	zh-HK
39	16	堅果	\N	zh-HK
41	17	開心果	\N	zh-HK
43	18	榛子	\N	zh-HK
45	19	腰果	\N	zh-HK
47	20	杏仁	\N	zh-HK
49	21	花生	\N	zh-HK
51	22	胡桃	\N	zh-HK
53	23	巴西	\N	zh-HK
55	24	澳洲	\N	zh-HK
57	25	其他水果	\N	zh-HK
59	26	其他堅果	\N	zh-HK
61	27	假 1	\N	zh-HK
63	28	假 2	\N	zh-HK
65	29	假 3	\N	zh-HK
67	30	假 4	\N	zh-HK
69	31	假 5	\N	zh-HK
71	32	假 6	\N	zh-HK
73	33	假 7	\N	zh-HK
75	34	假 8	\N	zh-HK
77	35	假 9	\N	zh-HK
79	36	紅色蔬菜	\N	zh-HK
81	37	橙色蔬菜	\N	zh-HK
10	2	ALL		en-GB
11	3	Fruit		en-GB
20	7	Beans and Peas	\N	en-GB
26	10	Pomes	\N	en-GB
28	11	Drupes	\N	en-GB
30	12	Berries	\N	en-GB
32	13	Melons	\N	en-GB
34	14	Citrus	\N	en-GB
36	15	Tropical	\N	en-GB
38	16	Nuts	\N	en-GB
15	4	蔬菜	VEG01.jpg	zh-HK
12	4	Vegetables	VEG01.jpg	en-GB
40	17	Pistachios	\N	en-GB
42	18	Hazelnuts	\N	en-GB
44	19	Cashews	\N	en-GB
46	20	Almonds	\N	en-GB
48	21	Peanuts	\N	en-GB
50	22	Pecans	\N	en-GB
52	23	Brazil	\N	en-GB
54	24	Macadamia	\N	en-GB
56	25	Other Fruit	\N	en-GB
58	26	Other Nuts	\N	en-GB
60	27	DUMMY 1	\N	en-GB
62	28	DUMMY 2	\N	en-GB
64	29	DUMMY 3	\N	en-GB
66	30	DUMMY 4	\N	en-GB
68	31	DUMMY 5	\N	en-GB
70	32	DUMMY 6	\N	en-GB
72	33	DUMMY 7	\N	en-GB
74	34	DUMMY 8	\N	en-GB
76	35	DUMMY 9	\N	en-GB
82	38	Featured	\N	en-GB
83	38	精選	\N	zh-HK
84	39	MISC	\N	en-GB
85	39	雜	\N	zh-HK
86	40	All Brands	\N	en-GB
87	40	所有品牌	\N	zh-HK
90	42	Other Brands	\N	en-GB
99	42	其他品牌	\N	zh-HK
100	43	Best Sellers	\N	en-GB
101	43	最暢銷	\N	zh-HK
16	5	Dark Green	\N	en-GB
18	6	Red and Orange	\N	en-GB
22	8	Starchy	\N	en-GB
24	9	Other	\N	en-GB
78	36	Red	\N	en-GB
80	37	Orange	\N	en-GB
102	44	Unknown	\N	en-GB
103	44	未知	\N	zh-HK
13	2	ALL		zh-HK
104	45	Featured Brands	\N	en-GB
105	45	推薦品牌	\N	zh-HK
233057	233056	Accessories	\N	en-GB
233058	233056	配件	\N	zh-HK
233060	233059	Hair Accessories	\N	en-GB
233061	233059	髮飾	\N	zh-HK
233063	233062	Other Accessories 	\N	en-GB
233064	233062	其他飾物	\N	zh-HK
233066	233065	Jewelry	\N	en-GB
233067	233065	首飾	\N	zh-HK
233069	233068	Hair Bands	\N	en-GB
233070	233068	頭箍	\N	zh-HK
233072	233071	Hair Clips	\N	en-GB
233073	233071	髮夾	\N	zh-HK
233075	233074	Hair Ties 	\N	en-GB
233076	233074	頭髮橡筋	\N	zh-HK
233078	233077	Bracelets	\N	en-GB
233079	233077	手鏈 	\N	zh-HK
233081	233080	Earrings	\N	en-GB
233082	233080	耳環	\N	zh-HK
233084	233083	Necklaces	\N	en-GB
233085	233083	項鍊	\N	zh-HK
233087	233086	Rings	\N	en-GB
233088	233086	戒指	\N	zh-HK
233090	233089	Brooch	\N	en-GB
233091	233089	胸針	\N	zh-HK
233093	233092	Keyrings	\N	en-GB
233094	233092	鎖匙扣	\N	zh-HK
233096	233095	Master Category	\N	en-GB
233097	233095	主類別	\N	zh-HK
233099	233098	Lanyards	\N	en-GB
233100	233098	頸繩	\N	zh-HK
233102	233101	Packing decorations	\N	en-GB
233103	233101	包裝裝飾物	\N	zh-HK
233105	233104	Fashion 	\N	en-GB
233106	233104	時裝	\N	zh-HK
233108	233107	Footwear	\N	en-GB
233109	233107	鞋類	\N	zh-HK
233111	233110	Belts	\N	en-GB
233112	233110	皮帶	\N	zh-HK
233114	233113	Watches	\N	en-GB
233115	233113	手錶	\N	zh-HK
233117	233116	Clothes 	\N	en-GB
233118	233116	衣服	\N	zh-HK
233120	233119	Bags and wallets	\N	en-GB
233121	233119	手袋銀包	\N	zh-HK
233123	233122	Head Accessories 	\N	en-GB
233124	233122	頭飾	\N	zh-HK
233126	233125	Cool Stationary 	\N	en-GB
233127	233125	時尚文具	\N	zh-HK
233129	233128	Phone Accessories	\N	en-GB
233130	233128	手機配件	\N	zh-HK
233132	233131	Shoes	\N	en-GB
233133	233131	鞋	\N	zh-HK
233135	233134	Slippers	\N	en-GB
233136	233134	拖鞋	\N	zh-HK
233138	233137	Socks	\N	en-GB
233139	233137	襪	\N	zh-HK
233141	233140	Fashion Belts 	\N	en-GB
233142	233140	時尚皮帶	\N	zh-HK
233144	233143	Sunglasses	\N	en-GB
233145	233143	太陽眼鏡	\N	zh-HK
233147	233146	Hats	\N	en-GB
233148	233146	帽	\N	zh-HK
233150	233149	Fashion Watches	\N	en-GB
233151	233149	時尚手錶	\N	zh-HK
233153	233152	Tops	\N	en-GB
233154	233152	上衫	\N	zh-HK
233156	233155	Bottoms 	\N	en-GB
233157	233155	外褲	\N	zh-HK
233159	233158	Jackets	\N	en-GB
233160	233158	外褸	\N	zh-HK
233162	233161	Scarfs	\N	en-GB
233163	233161	頸巾	\N	zh-HK
233165	233164	Backpacks	\N	en-GB
233166	233164	背囊	\N	zh-HK
233168	233167	Handbags	\N	en-GB
233169	233167	包包	\N	zh-HK
233171	233170	Wallet 	\N	en-GB
233172	233170	銀包	\N	zh-HK
233174	233173	Pockets 	\N	en-GB
233175	233173	文件袋	\N	zh-HK
233177	233176	Apple	\N	en-GB
233178	233176	蘋果手機配件 	\N	zh-HK
233180	233179	Home	\N	en-GB
233181	233179	家居	\N	zh-HK
233183	233182	Floor	\N	en-GB
233184	233182	地板	\N	zh-HK
233186	233185	Carpets	\N	en-GB
233187	233185	地毯	\N	zh-HK
233189	233188	Cupboards	\N	en-GB
233190	233188	收納	\N	zh-HK
\.


--
-- Name: category_attr_lcl_cat_id_seq; Type: SEQUENCE SET; Schema: mochi; Owner: mochidb_owner
--

SELECT pg_catalog.setval('category_attr_lcl_cat_id_seq', 22, true);


--
-- Data for Name: category_brand; Type: TABLE DATA; Schema: mochi; Owner: mochidb_owner
--

COPY category_brand (cat_id) FROM stdin;
45
\.


--
-- Name: category_cat_id_seq; Type: SEQUENCE SET; Schema: mochi; Owner: mochidb_owner
--

SELECT pg_catalog.setval('category_cat_id_seq', 8, true);


--
-- Data for Name: category_product; Type: TABLE DATA; Schema: mochi; Owner: mochidb_owner
--

COPY category_product (cat_id) FROM stdin;
43
39
38
40
42
8
16
28
36
15
4
30
23
20
25
26
13
22
27
21
5
11
3
14
17
33
19
31
35
37
34
32
12
10
18
9
24
6
29
2
7
44
233056
233059
233062
233065
233068
233071
233074
233077
233080
233083
233086
233089
233092
233095
233098
233101
233104
233107
233110
233113
233116
233119
233122
233125
233128
233131
233134
233137
233140
233143
233146
233149
233152
233155
233158
233161
233164
233167
233170
233173
233176
233179
233182
233185
233188
\.


--
-- Data for Name: category_promotion; Type: TABLE DATA; Schema: mochi; Owner: mochidb_owner
--

COPY category_promotion (cat_id, prm_id) FROM stdin;
10	234464
14	234467
\.


--
-- Data for Name: category_type; Type: TABLE DATA; Schema: mochi; Owner: mochidb_owner
--

COPY category_type (cat_typ_id, cat_typ_cd, cat_typ_desc) FROM stdin;
1	PRD01	product
2	BND01	brand
3	PRM01	promotion
4	LAY01	layout
\.


--
-- Name: category_type_cat_typ_id_seq; Type: SEQUENCE SET; Schema: mochi; Owner: mochidb_owner
--

SELECT pg_catalog.setval('category_type_cat_typ_id_seq', 2, true);


--
-- Data for Name: currency; Type: TABLE DATA; Schema: mochi; Owner: mochidb_owner
--

COPY currency (ccy_id, ccy_cd) FROM stdin;
1	HKD
2	USD
\.


--
-- Data for Name: customer; Type: TABLE DATA; Schema: mochi; Owner: mochidb_owner
--

COPY customer (rle_id, cst_num) FROM stdin;
1	1000000011
232217	1000000026
232221	1000000028
232231	1000000033
232233	1000000034
232235	1000000035
232237	1000000036
232239	1000000037
232241	1000000038
232243	1000000039
232245	1000000040
232247	1000000041
232249	1000000042
232251	1000000043
232253	1000000044
232255	1000000045
232257	1000000046
232259	1000000047
232261	1000000048
232263	1000000049
232305	1000000070
232311	1000000073
232313	1000000074
233017	1000000264
233019	1000000265
233021	1000000266
233023	1000000267
233025	1000000268
233055	1000000269
\.


--
-- Name: customer_cst_num_seq; Type: SEQUENCE SET; Schema: mochi; Owner: mochidb_owner
--

SELECT pg_catalog.setval('customer_cst_num_seq', 1, false);


--
-- Data for Name: department; Type: TABLE DATA; Schema: mochi; Owner: mochidb_owner
--

COPY department (dept_id, dept_cd, dept_class) FROM stdin;
1	SHP01	Shipping
2	ACC01	ProductBasic
\.


--
-- Data for Name: department_attr_lcl; Type: TABLE DATA; Schema: mochi; Owner: mochidb_owner
--

COPY department_attr_lcl (dept_lcl_id, dept_id, dept_desc, lcl_cd) FROM stdin;
1	2	Jewellery	en-GB
2	2	首飾	zh-HK
\.


--
-- Data for Name: discount; Type: TABLE DATA; Schema: mochi; Owner: mochidb_owner
--

COPY discount (dis_id, dis_cd, prm_id, dis_typ_id, dis_val) FROM stdin;
\.


--
-- Data for Name: discount_type; Type: TABLE DATA; Schema: mochi; Owner: mochidb_owner
--

COPY discount_type (dis_typ_id, dis_typ_desc) FROM stdin;
1	percentage
2	value
\.


--
-- Name: hibernate_sequence; Type: SEQUENCE SET; Schema: mochi; Owner: mochidb_owner
--

SELECT pg_catalog.setval('hibernate_sequence', 234475, true);


--
-- Name: hierarchy_hir_id_seq; Type: SEQUENCE SET; Schema: mochi; Owner: mochidb_owner
--

SELECT pg_catalog.setval('hierarchy_hir_id_seq', 43, true);


--
-- Data for Name: inventory_location; Type: TABLE DATA; Schema: mochi; Owner: mochidb_owner
--

COPY inventory_location (inv_loc_id, inv_loc_cd, inv_loc_desc, inv_loc_act) FROM stdin;
1	LCK01	Lai Chi Kok Apartment	t
\.


--
-- Data for Name: inventory_transaction; Type: TABLE DATA; Schema: mochi; Owner: mochidb_owner
--

COPY inventory_transaction (inv_trx_id, inv_loc_id, inv_prd_id, inv_qty, inv_prc, inv_ccy_id, inv_trx_typ_id, inv_pty_id, inv_trx_dt) FROM stdin;
234238	1	11	10	2.59	2	1	233055	2020-10-04 00:00:00+08
234240	1	21	10	2.59	2	1	233055	2020-10-04 00:00:00+08
234242	1	23	10	2.59	2	1	233055	2020-10-04 00:00:00+08
234244	1	25	10	2.59	2	1	233055	2020-10-04 00:00:00+08
234246	1	26	10	2.59	2	1	233055	2020-10-04 00:00:00+08
234248	1	28	10	2.59	2	1	233055	2020-10-04 00:00:00+08
234250	1	30	10	2.59	2	1	233055	2020-10-04 00:00:00+08
234252	1	17	10	2.59	2	1	233055	2020-10-04 00:00:00+08
234254	1	16	10	2.59	2	1	233055	2020-10-04 00:00:00+08
234256	1	14	10	2.59	2	1	233055	2020-10-04 00:00:00+08
234258	1	15	10	2.59	2	1	233055	2020-10-04 00:00:00+08
234260	1	19	10	2.59	2	1	233055	2020-10-04 00:00:00+08
234262	1	20	10	2.59	2	1	233055	2020-10-04 00:00:00+08
234264	1	22	10	2.59	2	1	233055	2020-10-04 00:00:00+08
234266	1	24	10	2.59	2	1	233055	2020-10-04 00:00:00+08
234268	1	27	10	2.59	2	1	233055	2020-10-04 00:00:00+08
234270	1	29	10	2.59	2	1	233055	2020-10-04 00:00:00+08
234272	1	18	10	2.59	2	1	233055	2020-10-04 00:00:00+08
234274	1	233275	10	2.59	2	1	233055	2020-10-04 00:00:00+08
234276	1	233282	10	2.59	2	1	233055	2020-10-04 00:00:00+08
234278	1	233289	10	2.59	2	1	233055	2020-10-04 00:00:00+08
234280	1	233296	10	2.59	2	1	233055	2020-10-04 00:00:00+08
234282	1	233303	10	2.59	2	1	233055	2020-10-04 00:00:00+08
234284	1	233310	10	2.59	2	1	233055	2020-10-04 00:00:00+08
234286	1	233317	10	2.59	2	1	233055	2020-10-04 00:00:00+08
234288	1	233324	10	2.59	2	1	233055	2020-10-04 00:00:00+08
234290	1	233331	10	2.59	2	1	233055	2020-10-04 00:00:00+08
234292	1	233338	10	2.59	2	1	233055	2020-10-04 00:00:00+08
234294	1	233345	10	2.59	2	1	233055	2020-10-04 00:00:00+08
234296	1	233352	10	2.59	2	1	233055	2020-10-04 00:00:00+08
234298	1	233359	10	2.59	2	1	233055	2020-10-04 00:00:00+08
234300	1	233366	10	2.59	2	1	233055	2020-10-04 00:00:00+08
234302	1	233373	10	2.59	2	1	233055	2020-10-04 00:00:00+08
234304	1	233380	10	2.59	2	1	233055	2020-10-04 00:00:00+08
234306	1	233387	10	2.59	2	1	233055	2020-10-04 00:00:00+08
234308	1	233394	10	2.59	2	1	233055	2020-10-04 00:00:00+08
234310	1	233401	10	2.59	2	1	233055	2020-10-04 00:00:00+08
234312	1	233408	10	2.59	2	1	233055	2020-10-04 00:00:00+08
234314	1	233415	10	2.59	2	1	233055	2020-10-04 00:00:00+08
234316	1	233422	10	2.59	2	1	233055	2020-10-04 00:00:00+08
234318	1	233429	10	2.59	2	1	233055	2020-10-04 00:00:00+08
234320	1	233436	10	2.59	2	1	233055	2020-10-04 00:00:00+08
234322	1	233443	10	2.59	2	1	233055	2020-10-04 00:00:00+08
234324	1	233450	10	2.59	2	1	233055	2020-10-04 00:00:00+08
234326	1	233457	10	2.59	2	1	233055	2020-10-04 00:00:00+08
234328	1	233464	10	2.59	2	1	233055	2020-10-04 00:00:00+08
234330	1	233471	10	2.59	2	1	233055	2020-10-04 00:00:00+08
234332	1	233478	10	2.59	2	1	233055	2020-10-04 00:00:00+08
234334	1	233485	10	2.59	2	1	233055	2020-10-04 00:00:00+08
234336	1	233492	10	2.59	2	1	233055	2020-10-04 00:00:00+08
234338	1	233499	10	2.59	2	1	233055	2020-10-04 00:00:00+08
234340	1	233506	10	2.59	2	1	233055	2020-10-04 00:00:00+08
234342	1	233513	10	2.59	2	1	233055	2020-10-04 00:00:00+08
234344	1	233520	10	2.59	2	1	233055	2020-10-04 00:00:00+08
234346	1	233527	10	2.59	2	1	233055	2020-10-04 00:00:00+08
234348	1	233534	10	2.59	2	1	233055	2020-10-04 00:00:00+08
234350	1	233541	10	2.59	2	1	233055	2020-10-04 00:00:00+08
234352	1	233548	10	2.59	2	1	233055	2020-10-04 00:00:00+08
234354	1	233555	10	2.59	2	1	233055	2020-10-04 00:00:00+08
234356	1	233562	10	2.59	2	1	233055	2020-10-04 00:00:00+08
234358	1	233569	10	2.59	2	1	233055	2020-10-04 00:00:00+08
234360	1	233576	10	2.59	2	1	233055	2020-10-04 00:00:00+08
234362	1	233583	10	2.59	2	1	233055	2020-10-04 00:00:00+08
234364	1	233590	10	2.59	2	1	233055	2020-10-04 00:00:00+08
234366	1	233597	10	2.59	2	1	233055	2020-10-04 00:00:00+08
234368	1	233604	10	2.59	2	1	233055	2020-10-04 00:00:00+08
234370	1	233611	10	2.59	2	1	233055	2020-10-04 00:00:00+08
234372	1	233618	10	2.59	2	1	233055	2020-10-04 00:00:00+08
234374	1	233625	10	2.59	2	1	233055	2020-10-04 00:00:00+08
234376	1	233632	10	2.59	2	1	233055	2020-10-04 00:00:00+08
234378	1	233639	10	2.59	2	1	233055	2020-10-04 00:00:00+08
234380	1	233646	10	2.59	2	1	233055	2020-10-04 00:00:00+08
234382	1	233653	10	2.59	2	1	233055	2020-10-04 00:00:00+08
234384	1	233660	10	2.59	2	1	233055	2020-10-04 00:00:00+08
234386	1	233667	10	2.59	2	1	233055	2020-10-04 00:00:00+08
234388	1	233674	10	2.59	2	1	233055	2020-10-04 00:00:00+08
234390	1	233681	10	2.59	2	1	233055	2020-10-04 00:00:00+08
234392	1	233688	10	2.59	2	1	233055	2020-10-04 00:00:00+08
234394	1	233695	10	2.59	2	1	233055	2020-10-04 00:00:00+08
234396	1	233702	10	2.59	2	1	233055	2020-10-04 00:00:00+08
234398	1	233709	10	2.59	2	1	233055	2020-10-04 00:00:00+08
234400	1	233716	10	2.59	2	1	233055	2020-10-04 00:00:00+08
234402	1	233723	10	2.59	2	1	233055	2020-10-04 00:00:00+08
234404	1	233730	10	2.59	2	1	233055	2020-10-04 00:00:00+08
234406	1	13	10	2.59	2	1	233055	2020-10-04 00:00:00+08
234408	1	4	10	2.59	2	1	233055	2020-10-04 00:00:00+08
234410	1	7	10	2.59	2	1	233055	2020-10-04 00:00:00+08
234412	1	9	10	2.59	2	1	233055	2020-10-04 00:00:00+08
234414	1	12	10	2.59	2	1	233055	2020-10-04 00:00:00+08
234416	1	1	10	2.59	2	1	233055	2020-10-04 00:00:00+08
234418	1	10	10	2.59	2	1	233055	2020-10-04 00:00:00+08
234420	1	8	10	2.59	2	1	233055	2020-10-04 00:00:00+08
234422	1	6	10	2.59	2	1	233055	2020-10-04 00:00:00+08
234424	1	2	10	2.59	2	1	233055	2020-10-04 00:00:00+08
234426	1	3	10	2.59	2	1	233055	2020-10-04 00:00:00+08
234428	1	5	10	2.59	2	1	233055	2020-10-04 00:00:00+08
\.


--
-- Name: inventory_transaction_inv_trx_id_seq; Type: SEQUENCE SET; Schema: mochi; Owner: mochidb_owner
--

SELECT pg_catalog.setval('inventory_transaction_inv_trx_id_seq', 1, false);


--
-- Data for Name: inventory_transaction_type; Type: TABLE DATA; Schema: mochi; Owner: mochidb_owner
--

COPY inventory_transaction_type (inv_trx_typ_id, inv_trx_typ_cd) FROM stdin;
1	IN
2	OUT
\.


--
-- Name: layout_category_lay_cat_id_seq; Type: SEQUENCE SET; Schema: mochi; Owner: mochidb_owner
--

SELECT pg_catalog.setval('layout_category_lay_cat_id_seq', 22, true);


--
-- Name: layout_lay_id_seq; Type: SEQUENCE SET; Schema: mochi; Owner: mochidb_owner
--

SELECT pg_catalog.setval('layout_lay_id_seq', 4, true);


--
-- Data for Name: locale; Type: TABLE DATA; Schema: mochi; Owner: mochidb_owner
--

COPY locale (lcl_cd) FROM stdin;
af-ZA
am-ET
ar-AE
ar-BH
ar-DZ
ar-EG
ar-IQ
ar-JO
ar-KW
ar-LB
ar-LY
ar-MA
arn-CL
ar-OM
ar-QA
ar-SA
ar-SY
ar-TN
ar-YE
as-IN
az-Cyrl-AZ
az-Latn-AZ
ba-RU
be-BY
bg-BG
bn-BD
bn-IN
bo-CN
br-FR
bs-Cyrl-BA
bs-Latn-BA
ca-ES
co-FR
cs-CZ
cy-GB
da-DK
de-AT
de-CH
de-DE
de-LI
de-LU
dsb-DE
dv-MV
el-GR
en-029
en-AU
en-BZ
en-CA
en-GB
en-IE
en-IN
en-JM
en-MY
en-NZ
en-PH
en-SG
en-TT
en-US
en-ZA
en-ZW
es-AR
es-BO
es-CL
es-CO
es-CR
es-DO
es-EC
es-ES
es-GT
es-HN
es-MX
es-NI
es-PA
es-PE
es-PR
es-PY
es-SV
es-US
es-UY
es-VE
et-EE
eu-ES
fa-IR
fi-FI
fil-PH
fo-FO
fr-BE
fr-CA
fr-CH
fr-FR
fr-LU
fr-MC
fy-NL
ga-IE
gd-GB
gl-ES
gsw-FR
gu-IN
ha-Latn-NG
he-IL
hi-IN
hr-BA
hr-HR
hsb-DE
hu-HU
hy-AM
id-ID
ig-NG
ii-CN
is-IS
it-CH
it-IT
iu-Cans-CA
iu-Latn-CA
ja-JP
ka-GE
kk-KZ
kl-GL
km-KH
kn-IN
kok-IN
ko-KR
ky-KG
lb-LU
lo-LA
lt-LT
lv-LV
mi-NZ
mk-MK
ml-IN
mn-MN
mn-Mong-CN
moh-CA
mr-IN
ms-BN
ms-MY
mt-MT
nb-NO
ne-NP
nl-BE
nl-NL
nn-NO
nso-ZA
oc-FR
or-IN
pa-IN
pl-PL
prs-AF
ps-AF
pt-BR
pt-PT
qut-GT
quz-BO
quz-EC
quz-PE
rm-CH
ro-RO
ru-RU
rw-RW
sah-RU
sa-IN
se-FI
se-NO
se-SE
si-LK
sk-SK
sl-SI
sma-NO
sma-SE
smj-NO
smj-SE
smn-FI
sms-FI
sq-AL
sr-Cyrl-BA
sr-Cyrl-CS
sr-Cyrl-ME
sr-Cyrl-RS
sr-Latn-BA
sr-Latn-CS
sr-Latn-ME
sr-Latn-RS
sv-FI
sv-SE
sw-KE
syr-SY
ta-IN
te-IN
tg-Cyrl-TJ
th-TH
tk-TM
tn-ZA
tr-TR
tt-RU
tzm-Latn-DZ
ug-CN
uk-UA
ur-PK
uz-Cyrl-UZ
uz-Latn-UZ
vi-VN
wo-SN
xh-ZA
yo-NG
zh-CN
zh-HK
zh-MO
zh-SG
zh-TW
zu-ZA
\.


--
-- Data for Name: order; Type: TABLE DATA; Schema: mochi; Owner: mochidb_owner
--

COPY "order" (ord_id, pty_id) FROM stdin;
\.


--
-- Data for Name: order_line; Type: TABLE DATA; Schema: mochi; Owner: mochidb_owner
--

COPY order_line (ord_id, prd_id, ord_lne_no, qty, prm_id, amt) FROM stdin;
\.


--
-- Data for Name: organisation; Type: TABLE DATA; Schema: mochi; Owner: mochidb_owner
--

COPY organisation (org_id, org_nme, org_reg_no) FROM stdin;
233055	Taobao	NA
\.


--
-- Data for Name: party; Type: TABLE DATA; Schema: mochi; Owner: mochidb_owner
--

COPY party (pty_id, pty_typ_id) FROM stdin;
1	1
232216	1
232220	1
232230	1
232232	1
232234	1
232236	1
232238	1
232240	1
232242	1
232244	1
232246	1
232248	1
232250	1
232252	1
232254	1
232256	1
232258	1
232260	1
232262	1
232304	1
232310	1
232312	1
233016	1
233018	1
233020	1
233022	1
233024	1
233054	1
233055	2
\.


--
-- Name: party_party_id_seq; Type: SEQUENCE SET; Schema: mochi; Owner: mochidb_owner
--

SELECT pg_catalog.setval('party_party_id_seq', 1, false);


--
-- Name: party_pty_id_seq; Type: SEQUENCE SET; Schema: mochi; Owner: mochidb_owner
--

SELECT pg_catalog.setval('party_pty_id_seq', 1, true);


--
-- Data for Name: party_type; Type: TABLE DATA; Schema: mochi; Owner: mochidb_owner
--

COPY party_type (pty_typ_id, pty_typ_desc) FROM stdin;
1	Person
2	Organisation
\.


--
-- Name: party_type_pty_typ_id_seq; Type: SEQUENCE SET; Schema: mochi; Owner: mochidb_owner
--

SELECT pg_catalog.setval('party_type_pty_typ_id_seq', 1, false);


--
-- Data for Name: person; Type: TABLE DATA; Schema: mochi; Owner: mochidb_owner
--

COPY person (psn_id, psn_gvn_nm, psn_fml_nm, enb) FROM stdin;
1	Daniel	Mackie	t
232230	Will	Parkhouse	t
232232	Will	Parkhouse	t
232234	zoro	zoro	t
232236	j	j	t
232238	x	x	t
232240	z	z	t
232242	h	h	t
232244	i	i	t
232246	f	f	t
232248	Alexia	V	t
232250	marley	macculloch	t
232252	Layla	MacCulloch	t
232254	bill	bill	t
232256	dan	dan	t
232258	dan	dan	t
232260	nod	nod	t
232262	Daniel	Mackie	t
232304	Daniel	Mackie	t
232310	Daniel	Mackie	t
232312	Daniel	Mackie	t
232216	billy	wong	t
232220	purple	wong	t
233016	adam	apple	f
233018	barry	white	f
233020	will	parkhouse	f
233022	john	wayne	f
233024	bob	bob	f
233054	Daniel	Mackie	f
\.


--
-- Name: person_id_seq; Type: SEQUENCE SET; Schema: mochi; Owner: mochidb_owner
--

SELECT pg_catalog.setval('person_id_seq', 6, false);


--
-- Data for Name: price; Type: TABLE DATA; Schema: mochi; Owner: mochidb_owner
--

COPY price (prc_id, prc_typ_id, prd_id, prc_val, ccy_id) FROM stdin;
1	1	1	75	1
2	1	2	75	1
3	1	3	120	1
4	1	4	60	1
5	1	5	48	1
6	1	6	32	1
7	1	7	56	1
8	1	8	16	1
9	1	9	82	1
10	1	10	35	1
11	1	11	60	1
12	1	12	60	1
13	1	13	22	1
14	1	14	48	1
15	1	15	75	1
16	1	16	16	1
17	1	17	72	1
18	1	18	45	1
19	1	19	60	1
20	1	20	36	1
21	1	21	69	1
22	1	22	95	1
23	1	23	160	1
24	1	24	180	1
25	1	25	28	1
26	1	26	200	1
27	1	27	190	1
28	1	28	950	1
29	1	29	650	1
30	1	30	170	1
41	1	11	7.7	2
71	2	11	6.93	2
91	2	1	67.50	1
92	2	2	67.50	1
93	2	3	108.00	1
94	2	4	54.00	1
95	2	5	43.20	1
96	2	6	28.80	1
97	2	7	50.40	1
98	2	8	14.40	1
99	2	9	73.80	1
100	2	10	31.50	1
101	2	11	54.00	1
102	2	12	54.00	1
103	2	13	19.80	1
104	2	14	43.20	1
105	2	15	67.50	1
106	2	16	14.40	1
107	2	17	64.80	1
108	2	18	40.50	1
109	2	19	54.00	1
110	2	20	32.40	1
111	2	21	62.10	1
112	2	22	85.50	1
113	2	23	144.00	1
114	2	24	162.00	1
115	2	25	25.20	1
116	2	26	180.00	1
117	2	27	171.00	1
118	2	28	855.00	1
119	2	29	585.00	1
120	2	30	153.00	1
233277	1	233275	6.4	2
233278	2	233275	6.4	2
233280	1	233275	50	1
233281	2	233275	50	1
233284	1	233282	6.4	2
233285	2	233282	6.4	2
233287	1	233282	50	1
233288	2	233282	50	1
233291	1	233289	3.8	2
233292	2	233289	3.8	2
233294	1	233289	30	1
233295	2	233289	30	1
233298	1	233296	2.6	2
233299	2	233296	2.6	2
233301	1	233296	20	1
233302	2	233296	20	1
233305	1	233303	2.6	2
233306	2	233303	2.6	2
233308	1	233303	20	1
233309	2	233303	20	1
233312	1	233310	10.3	2
233313	2	233310	10.3	2
233315	1	233310	80	1
233316	2	233310	80	1
233319	1	233317	3.2	2
233320	2	233317	3.2	2
233322	1	233317	25	1
233323	2	233317	25	1
233326	1	233324	5.1	2
233327	2	233324	5.1	2
233329	1	233324	40	1
233330	2	233324	40	1
233333	1	233331	5.1	2
233334	2	233331	5.1	2
233336	1	233331	40	1
233337	2	233331	40	1
233340	1	233338	3.8	2
233341	2	233338	3.8	2
233343	1	233338	30	1
233344	2	233338	30	1
233347	1	233345	5.1	2
233348	2	233345	5.1	2
233350	1	233345	40	1
233351	2	233345	40	1
233354	1	233352	3.2	2
233355	2	233352	3.2	2
233357	1	233352	25	1
233358	2	233352	25	1
233361	1	233359	5.1	2
233362	2	233359	5.1	2
233364	1	233359	40	1
233365	2	233359	40	1
233368	1	233366	2.6	2
233369	2	233366	2.6	2
233371	1	233366	20	1
233372	2	233366	20	1
233375	1	233373	2.6	2
233376	2	233373	2.6	2
233378	1	233373	20	1
233379	2	233373	20	1
233382	1	233380	5.1	2
233383	2	233380	5.1	2
233385	1	233380	40	1
233386	2	233380	40	1
233389	1	233387	5.8	2
233390	2	233387	5.8	2
233392	1	233387	45	1
233393	2	233387	45	1
233396	1	233394	0.6	2
233397	2	233394	0.6	2
233399	1	233394	5	1
233400	2	233394	5	1
233403	1	233401	1.3	2
233404	2	233401	1.3	2
233406	1	233401	10	1
233407	2	233401	10	1
233410	1	233408	3.8	2
233411	2	233408	3.8	2
233413	1	233408	30	1
233414	2	233408	30	1
233417	1	233415	3.8	2
233418	2	233415	3.8	2
233420	1	233415	30	1
233421	2	233415	30	1
233424	1	233422	3.8	2
233425	2	233422	3.8	2
233427	1	233422	30	1
233428	2	233422	30	1
233431	1	233429	6.4	2
233432	2	233429	6.4	2
233434	1	233429	50	1
233435	2	233429	50	1
233438	1	233436	5.1	2
233439	2	233436	5.1	2
233441	1	233436	40	1
233442	2	233436	40	1
233445	1	233443	4.5	2
233446	2	233443	4.5	2
233448	1	233443	35	1
233449	2	233443	35	1
233452	1	233450	10.3	2
233453	2	233450	10.3	2
233455	1	233450	80	1
233456	2	233450	80	1
233459	1	233457	7.7	2
233460	2	233457	7.7	2
233462	1	233457	60	1
233463	2	233457	60	1
233466	1	233464	12.8	2
233467	2	233464	12.8	2
233469	1	233464	100	1
233470	2	233464	100	1
233473	1	233471	7.7	2
233474	2	233471	7.7	2
233476	1	233471	60	1
233477	2	233471	60	1
233480	1	233478	7.7	2
233481	2	233478	7.7	2
233483	1	233478	60	1
233484	2	233478	60	1
233487	1	233485	10.3	2
233488	2	233485	10.3	2
233490	1	233485	80	1
233491	2	233485	80	1
233494	1	233492	10.3	2
233495	2	233492	10.3	2
233497	1	233492	80	1
233498	2	233492	80	1
233501	1	233499	12.8	2
233502	2	233499	12.8	2
233504	1	233499	100	1
233505	2	233499	100	1
233508	1	233506	6.4	2
233509	2	233506	6.4	2
233511	1	233506	50	1
233512	2	233506	50	1
233515	1	233513	6.4	2
233516	2	233513	6.4	2
233518	1	233513	50	1
233519	2	233513	50	1
233522	1	233520	6.4	2
233523	2	233520	6.4	2
233525	1	233520	50	1
233526	2	233520	50	1
233529	1	233527	6.4	2
233530	2	233527	6.4	2
233532	1	233527	50	1
233533	2	233527	50	1
233536	1	233534	3.8	2
233537	2	233534	3.8	2
233539	1	233534	30	1
233540	2	233534	30	1
233543	1	233541	1.5	2
233544	2	233541	1.5	2
233546	1	233541	12	1
233547	2	233541	12	1
233550	1	233548	1.5	2
233551	2	233548	1.5	2
233553	1	233548	12	1
233554	2	233548	12	1
233557	1	233555	1.5	2
233558	2	233555	1.5	2
233560	1	233555	12	1
233561	2	233555	12	1
233564	1	233562	1.3	2
233565	2	233562	1.3	2
233567	1	233562	10	1
233568	2	233562	10	1
233571	1	233569	1.3	2
233572	2	233569	1.3	2
233574	1	233569	10	1
233575	2	233569	10	1
233578	1	233576	6.4	2
233579	2	233576	6.4	2
233581	1	233576	50	1
233582	2	233576	50	1
233585	1	233583	12.8	2
233586	2	233583	12.8	2
233588	1	233583	100	1
233589	2	233583	100	1
233592	1	233590	12.8	2
233593	2	233590	12.8	2
233595	1	233590	100	1
233596	2	233590	100	1
233599	1	233597	6.4	2
233600	2	233597	6.4	2
233602	1	233597	50	1
233603	2	233597	50	1
233606	1	233604	10.3	2
233607	2	233604	10.3	2
233609	1	233604	80	1
233610	2	233604	80	1
233613	1	233611	6.4	2
233614	2	233611	6.4	2
233616	1	233611	50	1
233617	2	233611	50	1
233620	1	233618	3.8	2
233621	2	233618	3.8	2
233623	1	233618	30	1
233624	2	233618	30	1
233627	1	233625	3.2	2
233628	2	233625	3.2	2
233630	1	233625	25	1
233631	2	233625	25	1
233634	1	233632	3.8	2
233635	2	233632	3.8	2
233637	1	233632	30	1
233638	2	233632	30	1
233641	1	233639	5.1	2
233642	2	233639	5.1	2
233644	1	233639	40	1
233645	2	233639	40	1
233648	1	233646	3.8	2
233649	2	233646	3.8	2
233651	1	233646	30	1
233652	2	233646	30	1
233655	1	233653	3.8	2
233656	2	233653	3.8	2
233658	1	233653	30	1
233659	2	233653	30	1
233662	1	233660	6.4	2
233663	2	233660	6.4	2
233665	1	233660	50	1
233666	2	233660	50	1
233669	1	233667	6.4	2
233670	2	233667	6.4	2
233672	1	233667	50	1
233673	2	233667	50	1
233676	1	233674	10.3	2
233677	2	233674	10.3	2
233679	1	233674	80	1
233680	2	233674	80	1
233683	1	233681	10.3	2
233684	2	233681	10.3	2
233686	1	233681	80	1
233687	2	233681	80	1
233690	1	233688	10.3	2
233691	2	233688	10.3	2
233693	1	233688	80	1
233694	2	233688	80	1
233697	1	233695	3.8	2
233698	2	233695	3.8	2
233700	1	233695	30	1
233701	2	233695	30	1
233704	1	233702	7.7	2
233705	2	233702	7.7	2
233707	1	233702	60	1
233708	2	233702	60	1
233711	1	233709	10.3	2
233712	2	233709	12.8	2
233714	1	233709	80	1
233715	2	233709	100	1
233718	1	233716	3.8	2
233719	2	233716	5.1	2
233721	1	233716	30	1
233722	2	233716	40	1
233725	1	233723	6.4	2
233726	2	233723	7.7	2
233728	1	233723	50	1
233729	2	233723	60	1
233732	1	233730	10.3	2
233733	2	233730	12.8	2
233735	1	233730	80	1
233736	2	233730	100	1
56	1	26	25.6	2
58	1	28	121.8	2
43	1	13	2.8	2
34	1	4	7.7	2
37	1	7	7.2	2
39	1	9	10.5	2
60	1	30	21.8	2
50	1	20	4.6	2
51	1	21	8.8	2
42	1	12	7.7	2
49	1	19	7.7	2
59	1	29	83.3	2
48	1	18	5.8	2
31	1	1	9.6	2
46	1	16	2.1	2
47	1	17	9.2	2
40	1	10	4.5	2
45	1	15	9.6	2
38	1	8	2.1	2
52	1	22	12.2	2
44	1	14	6.2	2
36	1	6	4.1	2
53	1	23	20.5	2
54	1	24	23.1	2
57	1	27	24.4	2
32	1	2	9.6	2
33	1	3	15.4	2
35	1	5	6.2	2
55	1	25	3.6	2
74	2	14	5.5	2
80	2	20	4.2	2
77	2	17	8.3	2
67	2	7	6.5	2
72	2	12	6.9	2
89	2	29	75	2
90	2	30	19.6	2
88	2	28	109.6	2
62	2	2	8.7	2
75	2	15	8.7	2
70	2	10	4	2
87	2	27	21.9	2
81	2	21	8	2
86	2	26	23.1	2
84	2	24	20.8	2
85	2	25	3.2	2
76	2	16	1.8	2
66	2	6	3.7	2
82	2	22	11	2
83	2	23	18.5	2
63	2	3	13.8	2
69	2	9	9.5	2
64	2	4	6.9	2
73	2	13	2.5	2
78	2	18	5.2	2
79	2	19	6.9	2
68	2	8	1.8	2
61	2	1	8.7	2
65	2	5	5.5	2
\.


--
-- Name: price_prc_id_seq; Type: SEQUENCE SET; Schema: mochi; Owner: mochidb_owner
--

SELECT pg_catalog.setval('price_prc_id_seq', 120, true);


--
-- Data for Name: price_type; Type: TABLE DATA; Schema: mochi; Owner: mochidb_owner
--

COPY price_type (prc_typ_id, prc_typ_desc, prc_typ_cd) FROM stdin;
1	retail	RET01
2	markdown	MKD01
\.


--
-- Data for Name: product; Type: TABLE DATA; Schema: mochi; Owner: mochidb_owner
--

COPY product (prd_id, upc_cd, prd_crtd_dt, bnd_id, dept_id, prd_sts_id) FROM stdin;
11	3577789	2019-01-04 00:00:00+08	32	2	1
233275	30833030	2020-03-07 00:00:00+08	233191	2	1
233282	30833031	2020-07-18 00:00:00+08	233191	2	1
233289	30833032	2020-03-07 00:00:00+08	233191	2	1
233296	30833033	2020-03-07 00:00:00+08	233191	2	1
233303	30833034	2020-03-07 00:00:00+08	233191	2	1
233310	30833035	2020-03-07 00:00:00+08	233191	2	1
233317	30833036	2020-07-18 00:00:00+08	233191	2	1
233324	30833037	2020-07-18 00:00:00+08	233191	2	1
233331	30833038	2020-07-18 00:00:00+08	233191	2	1
233338	30833039	2020-07-18 00:00:00+08	233203	2	1
233345	30833040	2020-07-18 00:00:00+08	233191	2	1
233352	30833041	2020-07-18 00:00:00+08	233191	2	1
233359	30833042	2020-07-18 00:00:00+08	233191	2	1
233366	30833043	2020-07-18 00:00:00+08	233191	2	1
233373	30833044	2020-07-18 00:00:00+08	233191	2	1
233380	30833045	2020-07-18 00:00:00+08	233191	2	1
233387	30833046	2020-07-18 00:00:00+08	233191	2	1
233394	30833047	2020-07-18 00:00:00+08	233191	2	1
233401	30833048	2020-07-18 00:00:00+08	233191	2	1
233408	30833049	2020-07-18 00:00:00+08	233200	2	1
233415	30833050	2020-07-18 00:00:00+08	233200	2	1
233422	30833051	2020-07-18 00:00:00+08	233200	2	1
233429	30833052	2020-07-18 00:00:00+08	233206	2	1
233436	30833029	2020-02-08 00:00:00+08	233206	2	1
233443	30833053	2020-07-18 00:00:00+08	233191	2	1
233450	30833054	2020-07-18 00:00:00+08	233206	2	1
233457	30833055	2020-07-18 00:00:00+08	233191	2	1
233464	30833056	2020-07-18 00:00:00+08	233206	2	1
233471	30833057	2020-07-18 00:00:00+08	233206	2	1
233478	30833058	2020-07-18 00:00:00+08	233206	2	1
233485	30833059	2020-07-18 00:00:00+08	233206	2	1
233492	30833060	2020-07-18 00:00:00+08	233206	2	1
233499	30833061	2020-07-18 00:00:00+08	233206	2	1
233506	30833062	2020-07-18 00:00:00+08	233206	2	1
233513	30833063	2020-07-18 00:00:00+08	233206	2	1
233520	30833064	2020-07-18 00:00:00+08	233206	2	1
233527	30833065	2020-07-18 00:00:00+08	233206	2	1
233534	30833066	2020-07-18 00:00:00+08	233206	2	1
233541	30833067	2020-07-18 00:00:00+08	233206	2	1
233548	30833068	2020-07-18 00:00:00+08	233206	2	1
233555	30833069	2020-07-18 00:00:00+08	233206	2	1
233562	30833070	2020-07-18 00:00:00+08	233206	2	1
233569	30833071	2020-07-18 00:00:00+08	233206	2	1
233576	30833072	2020-07-18 00:00:00+08	233206	2	1
233583	30833073	2020-07-18 00:00:00+08	233209	2	1
233590	30833074	2020-07-18 00:00:00+08	233209	2	1
233597	30833075	2020-07-18 00:00:00+08	233206	2	1
233604	30833076	2020-02-08 00:00:00+08	233206	2	1
233611	30833077	2020-02-08 00:00:00+08	233206	2	1
233618	30833078	2020-02-08 00:00:00+08	233212	2	1
233625	30833079	2020-02-08 00:00:00+08	233206	2	1
233632	30833080	2020-02-08 00:00:00+08	233206	2	1
233639	30833081	2020-02-08 00:00:00+08	233191	2	1
233646	30833082	2020-02-08 00:00:00+08	233206	2	1
233653	30833083	2020-02-08 00:00:00+08	233206	2	1
233660	30833084	2020-02-08 00:00:00+08	233206	2	1
233667	30833085	2020-02-09 00:00:00+08	233206	2	1
233674	30833086	2020-02-10 00:00:00+08	233215	2	1
233681	30833087	2020-02-11 00:00:00+08	233215	2	1
233688	30833088	2020-02-12 00:00:00+08	233215	2	1
233695	30833089	2020-02-13 00:00:00+08	233191	2	1
233702	30833090	2020-02-14 00:00:00+08	233215	2	1
233709	30833091	2020-02-15 00:00:00+08	233215	2	1
233716	30833092	2020-02-16 00:00:00+08	233191	2	1
233723	30833093	2020-02-17 00:00:00+08	233191	2	1
233730	30833094	2020-02-18 00:00:00+08	233215	2	1
14	13159658	2020-02-20 00:00:00+08	32	2	1
20	10688155	2020-02-21 00:00:00+08	37	2	1
17	18911676	2020-02-22 00:00:00+08	37	2	1
7	14445678	2020-02-23 00:00:00+08	37	2	1
12	64377789	2020-02-24 00:00:00+08	34	2	1
29	17152401	2020-02-25 00:00:00+08	33	2	1
30	16067775	2020-02-26 00:00:00+08	33	2	1
28	16153782	2020-02-27 00:00:00+08	34	2	1
2	23464789	2020-02-28 00:00:00+08	40	2	1
15	15410595	2020-02-29 00:00:00+08	38	2	1
10	23477789	2020-03-01 00:00:00+08	35	2	1
27	15946292	2020-03-02 00:00:00+08	39	2	1
21	18170258	2020-03-03 00:00:00+08	38	2	1
26	13627671	2020-03-04 00:00:00+08	35	2	1
24	19037164	2020-03-05 00:00:00+08	41	2	1
25	15483827	2020-03-06 00:00:00+08	35	2	1
16	18188784	2020-03-07 00:00:00+08	41	2	1
6	23739283	2020-03-08 00:00:00+08	38	2	1
22	17235347	2020-03-09 00:00:00+08	39	2	1
23	17236024	2020-03-10 00:00:00+08	35	2	1
3	19633678	2020-03-11 00:00:00+08	37	2	1
9	12366678	2020-03-12 00:00:00+08	32	2	1
4	23456645	2020-03-13 00:00:00+08	41	2	1
13	76477789	2020-03-14 00:00:00+08	33	2	1
18	17366878	2020-03-15 00:00:00+08	39	2	1
19	10760430	2020-03-16 00:00:00+08	33	2	1
8	25556789	2020-03-17 00:00:00+08	41	2	1
1	12345678	2020-03-18 00:00:00+08	38	2	1
5	12383658	2020-03-19 00:00:00+08	34	2	1
\.


--
-- Data for Name: product_attr_lcl; Type: TABLE DATA; Schema: mochi; Owner: mochidb_owner
--

COPY product_attr_lcl (prd_lcl_id, prd_id, prd_desc, prd_img_pth, lcl_cd, prd_lng_desc) FROM stdin;
22	11	辣椒	capsicum.jpg	zh-HK	\N
21	11	capsicum	capsicum.jpg	en-GB	\N
233276	233275	High Class See through Rose Packaging box (Leather paper)	30833030_1.jpg	en-GB	High Class See through Rose Packaging box, with 1 layer draw for earrings. Great for gifts presentation 
233279	233275	高檔花盒透明玫瑰花禮盒 ( 高質皮紙) 	30833030_1.jpg	zh-HK	高檔透明玫瑰花禮盒 有一層櫃桶裝耳環送禮一流
233283	233282	High Class See through Rose Packaging box ( Plastic)	30833031_1.jpg	en-GB	High Class See through Rose Packaging box, with 1 layer draw for earrings. Great for gifts presentation 
233286	233282	高檔花盒透明玫瑰花禮盒 (高質膠)	30833031_1.jpg	zh-HK	高檔透明玫瑰花禮盒 有一層櫃桶裝耳環送禮一流
233290	233289	Korean Big White Flowers pretty Earrings 	30833032_1.jpg	en-GB	Elegant, Pretty, Sweet Big White Flower earrings  
233293	233289	韓國大白茶花精緻耳環	30833032_1.jpg	zh-HK	高氣質,時尚,甜美大白茶花耳環
233297	233296	Korean Fashion Stripey Hairband	30833033_1.jpg	en-GB	
233300	233296	韓國時尚條紋頭箍	30833033_1.jpg	zh-HK	
233304	233303	Heart Shaped Earrings 	30833034_1.jpg	en-GB	
233307	233303	心形耳環	30833034_1.jpg	zh-HK	
233311	233310	Vintage Beige and Black Hair Clip with gold colour logo 	30833035_1.jpg	en-GB	8.8 x 1.8 cm
233314	233310	古代小香奶茶色髮夾	30833035_1.jpg	zh-HK	8.8 x 1.8 cm
233318	233317	S925 needle Korean Big Pearly dingle Earrings 	30833036_1.jpg	en-GB	
233321	233317	S925銀針韓國優雅復古珍珠耳環	30833036_1.jpg	zh-HK	
233325	233324	S925 needle Korean Spaceman Big Moon Earrings 	30833037_1.jpg	en-GB	
233328	233324	S925銀針宇宙大空人月亮耳環	30833037_1.jpg	zh-HK	
233332	233331	Korea Cute Fried Egg Necklace 	30833038_1.jpg	en-GB	
233335	233331	愛心大煎蛋項鏈(如圖包鏈) 	30833038_1.jpg	zh-HK	
233339	233338	Waterproof Outer Blue Makeup Wallet pouch 18x12cm	30833039_1.jpg	en-GB	
233342	233338	防水藍色18x12cm化妝袋,銀包仔	30833039_1.jpg	zh-HK	
233346	233345	Single Flower Clover Cosmos Necklace	30833040_1.jpg	en-GB	
233349	233345	靚靚斯文小小四葉花氣質鎖骨項鏈	30833040_1.jpg	zh-HK	
233353	233352	Rainbow colour smiley face flower Earrings 	30833041_1.jpg	en-GB	
233356	233352	彩虹花花開心笑耳環	30833041_1.jpg	zh-HK	
233360	233359	Korean Smiley face on pearly white shell Earrings 	30833042_1.jpg	en-GB	
233363	233359	韓國開心笑珍珠貝耳環	30833042_1.jpg	zh-HK	
233367	233366	Happy Yellow Flowers Clip On Earrings	30833043_1.jpg	en-GB	
233370	233366	開心大向日葵花花耳夾	30833043_1.jpg	zh-HK	
233374	233373	Happy Green Flowers Clip On Earrings	30833044_1.jpg	en-GB	
233377	233373	開心大綠花耳夾	30833044_1.jpg	zh-HK	
233381	233380	Korean white tea flower elegant pearls and crystals Earrings 	30833045_1.jpg	en-GB	
233384	233380	韓國白茶花配水晶珍珠氣質仙女耳環	30833045_1.jpg	zh-HK	
233388	233387	Korean sweet pink ribbon bunny rabbit Earrings	30833046_1.jpg	en-GB	
233391	233387	韓國甜美花朵蝴蝶可愛兔仔耳環	30833046_1.jpg	zh-HK	
233395	233394	Pretty Girl Hair Sticker 	30833047_1.jpg	en-GB	10 x 6 cm 
233398	233394	可愛美少女頭髮貼可愛	30833047_1.jpg	zh-HK	10 x 6 cm 
233402	233401	Multicolour flower Hair Bobbles 	30833048_1.jpg	en-GB	Each pack contains 6 flowery Hair bobbles in multiple colours
233405	233401	韓國可愛花花頭髮橡筋	30833048_1.jpg	zh-HK	每pack 6條不同顔色的橡筋
233409	233408	Scottish Hendoz Multi purpose Navy Blue with white dots Crossbody Bag	30833049_1.jpg	en-GB	19 x 7 x 26 cm , zipped outer pocket, hidden pocket inside. Great for café, supermarket, restaurnat outings. Bag is roomy can easily fit in wallet, umbrella, masks, tissues, handphones and keys. 
233412	233408	新款蘇格蘭亨多斯深藍色多用途斜孭包 	30833049_1.jpg	zh-HK	19 x 7 x 26 cm ,拉鏈外袋, 內有暗袋買餸食飯休閒可以百搭用可以放好多嘢㗎
233416	233415	Scottish Hendoz Multi purpose Black with pink dots Crossbody Bag	30833050_1.jpg	en-GB	19 x 7 x 26 cm , zipped outer pocket, hidden pocket inside. Great for café, supermarket, restaurnat outings. Bag is roomy can easily fit in wallet, umbrella, masks, tissues, handphones and keys. 
233419	233415	新款蘇格蘭亨多斯黑色多用途斜孭包 	30833050_1.jpg	zh-HK	19 x 7 x 26 cm ,拉鏈外袋, 內有暗袋買餸食飯休閒可以百搭用可以放好多嘢㗎
233423	233422	Scottish Hendoz Multi purpose Pink with green dots Crossbody Bag	30833051_1.jpg	en-GB	19 x 7 x 26 cm , zipped outer pocket, hidden pocket inside. Great for café, supermarket, restaurnat outings. Bag is roomy can easily fit in wallet, umbrella, masks, tissues, handphones and keys. 
233426	233422	新款蘇格蘭亨多斯粉紅色多用途斜孭包 	30833051_1.jpg	zh-HK	19 x 7 x 26 cm ,拉鏈外袋, 內有暗袋買餸食飯休閒可以百搭用可以放好多嘢㗎
233430	233429	LBS Brown small Crossbody Bag	30833052_1.jpg	en-GB	18 x 5 x 13 cm, High quality PU material Bag Weight: 160g  
233433	233429	新款啡色LBS版休閒斜孭女包	30833052_1.jpg	zh-HK	18 x 5 x 13 cm, 高質PU 重量:160g
233437	233436	LBS Brown wallet Clip Bag	30833029_1.jpg	en-GB	18.5 x 5.5 x 11 cm , High quality PU material Bag Weight: 130g 
233440	233436	新款啡色LBS金扣休閒斜孭女包	30833029_1.jpg	zh-HK	18.5 x 5.5 x 11 cm, 高質PU 重量:130g
233444	233443	Korean Cute White Rabbit FlipFlops (EU37) 	30833053_1.jpg	en-GB	Can wear outdoor or indoor 
233447	233443	韓國可愛兔兔人字拖女室內室外(EU37)	30833053_1.jpg	zh-HK	室內室外也可以
233451	233450	Korean Slim Waist Bag Fanny Pack (White) 	30833054_1.jpg	en-GB	31 x 18.5 x 8.5 cm, Adjustable body strap. Secure clasp fastening. Zip Closure  Material: Polyester 
233454	233450	韓國多功能胸包	30833054_1.jpg	zh-HK	31 x 18.5 x 8.5 cm, 
233458	233457	White 4cm Platform Slipons	30833055_1.jpg	en-GB	4cm platform, Soft sole 
233461	233457	韓國厚底4cm白色女拖鞋 (EU38)	30833055_1.jpg	zh-HK	厚底4cm
233465	233464	Unisex Korean Black Sport BackPack	30833056_1.jpg	en-GB	40 x 14 x 31 cm Can fit A4 size, laptops, water bottles. Multi-purpose bag,  great for Man and Woman 
233468	233464	中性韓版黑色運動背包	30833056_1.jpg	zh-HK	40 x 14 x 31 cm. 可以容納A4尺寸書，手提電腦，水壺。非常適合男女的多功能袋
233472	233471	Unisex Purple Sporty Student Postman Crossbody Bag	30833057_1.jpg	en-GB	16 x 10 x 25 cm, straps max length :130cm 
233475	233471	中性紫色運動學生郵差斜孭包	30833057_1.jpg	zh-HK	16 x 10 x 25 cm, 帶最大長度: 130 cm
233479	233478	Unisex Black Sporty Student Postman Crossbody Bag	30833058_1.jpg	en-GB	16 x 10 x 25 cm, straps max length :130cm 
233482	233478	中性黑色運動學生郵差斜孭包	30833058_1.jpg	zh-HK	16 x 10 x 25 cm, 帶最大長度: 130 cm
233486	233485	Black with White Text Bump Bag (Mens) 	30833059_1.jpg	en-GB	40 x 20 x 19 cm, Material: Nylon
233489	233485	黑底白字男多功能胸包	30833059_1.jpg	zh-HK	40 x 20 x 19 cm, 尼龍
233493	233492	Black with Gold Text Bump Bag (Mens) 	30833060_1.jpg	en-GB	40 x 20 x 19 cm, Material: Nylon 
233496	233492	黑底金字男多功能胸包	30833060_1.jpg	zh-HK	40 x 20 x 19 cm, 尼龍
233500	233499	Multi purpose Black checkered patten BackPack	30833061_1.jpg	en-GB	36 x 14 x 26 cm, Material: Oxford
233503	233499	多用途黑色格紋背囊	30833061_1.jpg	zh-HK	36 x 14 x 26 cm, 牛津布
233507	233506	Japanese Sukura Pretty Mama Blue background Crossbody Bag	30833062_1.jpg	en-GB	23 x 15 x 13 cm, Material:  Nylon 
233510	233506	日式花紋靚靚媽咪斜孭袋(藍色)	30833062_1.jpg	zh-HK	23 x 15 x 13 cm,  尼龍
233514	233513	Japanese Sukura Pretty Mama Purple background Crossbody Bag	30833063_1.jpg	en-GB	23 x 15 x 13 cm, Material:  Nylon 
233517	233513	日式花紋靚靚媽咪斜孭袋(紫色)	30833063_1.jpg	zh-HK	23 x 15 x 13 cm,  尼龍
233521	233520	Oxford Bag Pretty Mama Crossbody Bag (Black) 	30833064_1.jpg	en-GB	20 x 29 x 10 cm, Material: Oxford
233524	233520	牛津布靚靚媽咪防水尼龍帆布多用途斜孭袋(黑色)	30833064_1.jpg	zh-HK	20 x 29 x 10 cm, 牛津布
233528	233527	Oxford Bag Pretty Mama Crossbody Bag (Navy Blue)	30833065_1.jpg	en-GB	20 x 29 x 10 cm, Material: Oxford
233531	233527	牛津布靚靚媽咪防水尼龍帆布多用途斜孭袋(寶藍色)	30833065_1.jpg	zh-HK	20 x 29 x 10 cm, 牛津布
233535	233534	Pink Hearts Pretty Wallet 	30833066_1.jpg	en-GB	18 x 6 x 12 cm 
233538	233534	粉紅心心長銀包	30833066_1.jpg	zh-HK	18 x 6 x 12 cm 
233542	233541	A4 Sized zipped with handle File Pocket (Farting bear) 	30833067_1.jpg	en-GB	A4
233545	233541	A4放屁大能拉鍊文件袋	30833067_1.jpg	zh-HK	
233549	233548	A4 Sized zipped with handle File Pocket (Blue pigs) 	30833068_1.jpg	en-GB	A4
233552	233548	A4飛天豬仔拉鍊文件袋	30833068_1.jpg	zh-HK	
233556	233555	A4 Sized zipped with handle File Pocket (Pink pig) 	30833069_1.jpg	en-GB	A4
233559	233555	A4粉紅為食豬拉鍊文件袋	30833069_1.jpg	zh-HK	
233563	233562	A6 sized zipped pink bunny Pen Bag 	30833070_1.jpg	en-GB	A6 , Material: PU 
233566	233562	A6粉紅小兔筆袋	30833070_1.jpg	zh-HK	A6 , Material: PU 
233570	233569	A6 sized zipped yellow duckling Pen Bag 	30833071_1.jpg	en-GB	A6 , Material: PU 
233573	233569	A6黃色小鴨筆袋	30833071_1.jpg	zh-HK	A6 , Material: PU 
233577	233576	Chic Sporty Hobo underarm Bag (Black) 	30833072_1.jpg	en-GB	18 x 22 x 7 cm, 裝到好多嘢嘅潮物! 
233580	233576	少女運動腋下小手袋 (黑色)	30833072_1.jpg	zh-HK	18 x 22 x 7 cm, looks small but it can fit a lot! 
233584	233583	Circle Carpet (Black) 	30833073_1.jpg	en-GB	Diameter: 60cm High quality manmade velvet Suitable for bedroom,kitchen,toilet,front door!
233587	233583	圓圈地毯 (黑色)	30833073_1.jpg	zh-HK	直徑: 60cm 優質水晶絨 房間,化妝間,廁所,廚房門口,度度都擺得! 
233591	233590	Circle Carpet (Pink) 	30833074_1.jpg	en-GB	Diameter: 60cm High quality manmade velvet
233594	233590	圓圈地毯 (粉紅色)	30833074_1.jpg	zh-HK	直徑: 60cm 優質水晶絨
233598	233597	Little Mouse Waterproof PU material Bump Bag (White) 	30833075_1.jpg	en-GB	13 x 30 x 8 cm , PU  Perfect to wipe with disinfecting agents
233601	233597	小老鼠防水PU腰包袋白色	30833075_1.jpg	zh-HK	13 x 30 x 8 cm, 超靚, 防疫一流, 消毒濕紙巾,抹一萬次都唔怕
233605	233604	Little Mouse Waterproof PU material Cylinder Bag (Brown) 	30833076_1.jpg	en-GB	21 x 9 x 9 cm
233608	233604	小老鼠防水PU圓筒包包袋啡色	30833076_1.jpg	zh-HK	21 x 9 x 9 cm
233612	233611	Black mobile pouch with gold square twist lock 	30833077_1.jpg	en-GB	18 x 4.5 x 13 cm 
233615	233611	方形金扣PU手機袋(黑色)	30833077_1.jpg	zh-HK	18 x 4.5 x 13 cm 
233619	233618	Black Phone Cover 	30833078_1.jpg	en-GB	Suitable Apple 11 Pro
233622	233618	黑色手機套	30833078_1.jpg	zh-HK	適合 Apple 11 Pro
233626	233625	Coin Wallet With Zips ( can fit cards and coins) 	30833079_1.jpg	en-GB	10.5 x 2 x 7.5 cm
233629	233625	拉鏈錢Coin包	30833079_1.jpg	zh-HK	10.5 x 2 x 7.5 cm
233633	233632	Small D Simple Wallet 	30833080_1.jpg	en-GB	9 x 1.5 x 11.5 cm
233636	233632	小號D簡約錢包	30833080_1.jpg	zh-HK	9 x 1.5 x 11.5 cm
233640	233639	VC Lucky Flower Earrings ( Silver with white pearly shells) 	30833081_1.jpg	en-GB	
233643	233639	VC 銀色配白色珍珠貝幸運花花耳環	30833081_1.jpg	zh-HK	
233647	233646	Busy Bee Red Wallet 	30833082_1.jpg	en-GB	9 x 12 x 1.5 cm
233650	233646	忙碌小的蜜蜂高貴紅色銀包	30833082_1.jpg	zh-HK	9 x 12 x 1.5 cm
233654	233653	Busy Bee Green Wallet 	30833083_1.jpg	en-GB	9 x 12 x 1.5 cm
233657	233653	忙碌小的蜜蜂高貴綠色銀包	30833083_1.jpg	zh-HK	9 x 12 x 1.5 cm
233661	233660	Brown mobile pouch with gold square twist lock 	30833084_1.jpg	en-GB	18 x 4.5 x 13 cm , Brown
233664	233660	方形金扣PU手機袋(啡色)	30833084_1.jpg	zh-HK	18 x 4.5 x 13 cm ,啡色
233668	233667	Red mobile pouch with gold square twist lock 	30833085_1.jpg	en-GB	18 x 4.5 x 13 cm , Brown
233671	233667	方形金扣PU手機袋(红色)	30833085_1.jpg	zh-HK	18 x 4.5 x 13 cm ,红色
233675	233674	HAPPYLEAF Unisex multi colour pure cotton sport socks (gift pack of 5 pairs) 	30833086_1.jpg	en-GB	Cotton Material, Anti slippery, it is a gift box set of 5. One size fit all ( EU36-43) 
233678	233674	HAPPYLEAF男女潮流襪純棉中筒運動襪 (禮盒5對裝)	30833086_1.jpg	zh-HK	純棉, 吸汗防滑, 禮盒5對裝, 均碼36至43
233682	233681	HAPPYLEAF F* OFF Slippers (White) 	30833087_1.jpg	en-GB	Size EU40
233685	233681	HAPPYLEAF男女潮流白色運動拖鞋	30833087_1.jpg	zh-HK	EU40碼
233689	233688	HAPPYLEAF F* OFF Slippers (Black) 	30833088_1.jpg	en-GB	Size EU40
233692	233688	HAPPYLEAF男女潮流黑色運動拖鞋	30833088_1.jpg	zh-HK	EU40碼
233696	233695	Korean Style Pink Flat Slippers 	30833089_1.jpg	en-GB	Pink, Size EU39 
233699	233695	粉紅色平底韓版女拖鞋	30833089_1.jpg	zh-HK	粉紅色, Size EU39
233703	233702	Hurry Up "On my way" Red and Black Crossbody Bag	30833090_1.jpg	en-GB	Bag: 14 x 20 x 1 cm , Straps : 120cm , Material:  Oxford Cloth 
233706	233702	快D 快 D "On my way" 红黑斜孭袋	30833090_1.jpg	zh-HK	袋: 14 x 20 x 1 cm , 帶: 120cm , 布料: 牛津布
233710	233709	HAPPYLEAR Unisex White with happy green leaf BackPack  	30833091_1.jpg	en-GB	Bag: 38 x 28 x 11 cm 
233713	233709	HAPPYLEAF中性男女運動背包囊	30833091_1.jpg	zh-HK	38 x 28 x 11 cm 
233717	233716	Elegant Beach Off white flowers Flipflop 	30833092_1.jpg	en-GB	Size EU39 (24cm)
233720	233716	高雅花花米白沙灘人字拖	30833092_1.jpg	zh-HK	Size EU39 (24cm)
233724	233723	Little Mouse Waterproof PU material LIttle Tote Bag	30833093_1.jpg	en-GB	Bag: 26 x 26 x 11 cm,  Material:  PU
233727	233723	小老鼠防水PU小手袋	30833093_1.jpg	zh-HK	袋:26 x 26 x 11 cm,  料:  PU
233731	233730	HAPPYLEAF Unisex White with happy green leaf Crossbody Bag	30833094_1.jpg	en-GB	Bag: 30 x 30 x 13 cm
233734	233730	HAPPYLEAF中性男女運動斜孭袋	30833094_1.jpg	zh-HK	袋: 30 x 30 x 13 cm
27	14	Pumpkin	pumpkin.jpg	en-GB	Pumpkin
28	14	南瓜	pumpkin.jpg	zh-HK	南瓜
39	20	Musk Melon	musk-melon.jpg	en-GB	Musk Melon
40	20	麝香甜瓜	musk-melon.jpg	zh-HK	麝香甜瓜
33	17	Apple	apple.jpg	en-GB	Apple
34	17	蘋果	apple.jpg	zh-HK	蘋果
13	7	carrot	carrots.jpg	en-GB	carrot
14	7	胡萝卜	carrots.jpg	zh-HK	胡萝卜
23	12	mushroom	button-mushroom.jpg	en-GB	mushroom
24	12	蘑菇	button-mushroom.jpg	zh-HK	蘑菇
57	29	Cashews	cashews.jpg	en-GB	Cashews
58	29	腰果	cashews.jpg	zh-HK	腰果
59	30	Walnuts	walnuts.jpg	en-GB	Walnuts
60	30	核桃	walnuts.jpg	zh-HK	核桃
55	28	Nuts Mixture	nuts-mixture.jpg	en-GB	Nuts Mixture
56	28	堅果混合物	nuts-mixture.jpg	zh-HK	堅果混合物
3	2	orange	orange.jpg	en-GB	orange
4	2	橙子	orange.jpg	zh-HK	橙子
29	15	Corn	corn.jpg	en-GB	Corn
30	15	玉米	corn.jpg	zh-HK	玉米
19	10	brinjal	brinjal.jpg	en-GB	brinjal
20	10	茄子	brinjal.jpg	zh-HK	茄子
53	27	Pistachio	pistachio.jpg	en-GB	Pistachio
54	27	開心果	pistachio.jpg	zh-HK	開心果
41	21	Pears	pears.jpg	en-GB	Pears
42	21	梨	pears.jpg	zh-HK	梨
51	26	Almonds	almonds.jpg	en-GB	Almonds
52	26	杏仁	almonds.jpg	zh-HK	杏仁
47	24	Strawberry	strawberry.jpg	en-GB	Strawberry
48	24	草莓	strawberry.jpg	zh-HK	草莓
49	25	Water Melon	water-melon.jpg	en-GB	Water Melon
50	25	西瓜	water-melon.jpg	zh-HK	西瓜
31	16	Onion	onion.jpg	en-GB	Onion
32	16	洋蔥	onion.jpg	zh-HK	洋蔥
11	6	beetroot	beetroot.jpg	en-GB	beetroot
12	6	红菜头	beetroot.jpg	zh-HK	红菜头
43	22	Pomegranate	pomegranate.jpg	en-GB	Pomegranate
44	22	石榴	pomegranate.jpg	zh-HK	石榴
45	23	RaspberryDan	raspberry.jpg	en-GB	RaspberryDan
46	23	覆盆子	raspberry.jpg	zh-HK	覆盆子
5	3	brocolli	broccoli.jpg	en-GB	brocolli
6	3	西兰花	broccoli.jpg	zh-HK	西兰花
17	9	beans	beans.jpg	en-GB	beans
18	9	豆子	beans.jpg	zh-HK	豆子
7	4	cauliflower	cauliflower.jpg	en-GB	cauliflower
8	4	菜花	cauliflower.jpg	zh-HK	菜花
25	13	potato	potato.jpg	en-GB	potato
26	13	土豆	potato.jpg	zh-HK	土豆
35	18	Banana	banana.jpg	en-GB	Banana
36	18	香蕉	banana.jpg	zh-HK	香蕉
37	19	Grapes	grapes.jpg	en-GB	Grapes
38	19	葡萄	grapes.jpg	zh-HK	葡萄
15	8	tomato	tomato.jpg	en-GB	tomato
16	8	番茄	tomato.jpg	zh-HK	番茄
1	1	mango	mango.jpg	en-GB	mango
2	1	芒果	mango.jpg	zh-HK	芒果
9	5	cucumber	cucumber.jpg	en-GB	cucumber
10	5	黄瓜	cucumber.jpg	zh-HK	黄瓜
\.


--
-- Data for Name: product_basic; Type: TABLE DATA; Schema: mochi; Owner: mochidb_owner
--

COPY product_basic (prd_id) FROM stdin;
5
7
9
13
21
23
25
26
28
30
2
8
17
3
4
6
12
16
10
11
14
15
19
20
22
24
27
29
1
18
233275
233282
233289
233296
233303
233310
233317
233324
233331
233338
233345
233352
233359
233366
233373
233380
233387
233394
233401
233408
233415
233422
233429
233436
233443
233450
233457
233464
233471
233478
233485
233492
233499
233506
233513
233520
233527
233534
233541
233548
233555
233562
233569
233576
233583
233590
233597
233604
233611
233618
233625
233632
233639
233646
233653
233660
233667
233674
233681
233688
233695
233702
233709
233716
233723
233730
\.


--
-- Data for Name: product_category; Type: TABLE DATA; Schema: mochi; Owner: mochidb_owner
--

COPY product_category (prd_cat_id, prd_id, cat_id) FROM stdin;
39	1	15
40	2	14
41	3	5
42	4	8
43	5	5
44	6	6
45	7	8
46	8	14
47	9	7
48	10	9
50	12	9
51	13	8
52	14	8
53	15	9
54	16	9
55	17	10
56	18	15
57	19	14
58	20	13
59	21	10
60	22	10
61	23	12
62	24	12
63	25	13
64	26	20
65	27	17
66	28	26
67	29	19
68	30	26
69	1	38
70	10	38
71	11	38
72	14	38
73	15	38
74	18	38
75	19	38
76	20	38
77	22	38
78	24	38
79	27	38
80	29	38
81	2	43
82	14	43
83	18	43
84	22	43
85	12	43
86	16	43
87	26	43
88	6	43
89	20	43
90	5	43
123	233275	233101
124	233282	233101
125	233289	233080
126	233296	233068
127	233303	233080
128	233310	233071
129	233317	233080
130	233324	233080
131	233331	233083
132	233338	233170
133	233345	233083
134	233352	233080
135	233359	233080
136	233366	233080
137	233373	233080
138	233380	233080
139	233387	233080
140	233394	233068
141	233401	233074
142	233408	233167
143	233415	233167
144	233422	233167
145	233429	233167
146	233436	233167
147	233443	233134
148	233450	233167
149	233457	233134
150	233464	233164
151	233471	233167
152	233478	233167
153	233485	233167
154	233492	233167
155	233499	233164
156	233506	233167
157	233513	233167
158	233520	233167
159	233527	233167
160	233534	233170
161	233541	233173
162	233548	233173
163	233555	233173
164	233562	233173
165	233569	233173
166	233576	233167
167	233583	233185
168	233590	233185
169	233597	233167
170	233604	233167
171	233611	233167
172	233618	233176
173	233625	233170
174	233632	233170
175	233639	233080
176	233646	233170
177	233653	233170
178	233660	233167
179	233667	233167
180	233674	233137
181	233681	233134
182	233688	233134
183	233695	233134
184	233702	233167
185	233709	233164
186	233716	233134
187	233723	233167
188	233730	233167
\.


--
-- Name: product_category_prd_cat_id_seq; Type: SEQUENCE SET; Schema: mochi; Owner: mochidb_owner
--

SELECT pg_catalog.setval('product_category_prd_cat_id_seq', 190, true);


--
-- Data for Name: product_promotion; Type: TABLE DATA; Schema: mochi; Owner: mochidb_owner
--

COPY product_promotion (prd_id, prm_id) FROM stdin;
13	234464
25	234467
\.


--
-- Data for Name: product_rating; Type: TABLE DATA; Schema: mochi; Owner: mochidb_owner
--

COPY product_rating (prd_rat_id, prd_id, rat_id, pty_id, prd_rat_dt) FROM stdin;
1	11	6	1	2020-04-21 12:24:49.524028+08
2	5	1	1	2020-04-21 12:24:49.524028+08
3	7	5	1	2020-04-21 12:24:49.524028+08
4	9	5	1	2020-04-21 12:24:49.524028+08
5	13	2	1	2020-04-21 12:24:49.524028+08
6	21	2	1	2020-04-21 12:24:49.524028+08
7	23	4	1	2020-04-21 12:24:49.524028+08
8	25	3	1	2020-04-21 12:24:49.524028+08
9	26	5	1	2020-04-21 12:24:49.524028+08
10	28	3	1	2020-04-21 12:24:49.524028+08
11	30	3	1	2020-04-21 12:24:49.524028+08
12	2	5	1	2020-04-21 12:24:49.524028+08
13	8	4	1	2020-04-21 12:24:49.524028+08
14	17	2	1	2020-04-21 12:24:49.524028+08
15	3	3	1	2020-04-21 12:24:49.524028+08
16	4	2	1	2020-04-21 12:24:49.524028+08
17	6	5	1	2020-04-21 12:24:49.524028+08
18	12	5	1	2020-04-21 12:24:49.524028+08
19	16	5	1	2020-04-21 12:24:49.524028+08
20	10	4	1	2020-04-21 12:24:49.524028+08
21	14	5	1	2020-04-21 12:24:49.524028+08
22	15	2	1	2020-04-21 12:24:49.524028+08
23	19	3	1	2020-04-21 12:24:49.524028+08
24	20	4	1	2020-04-21 12:24:49.524028+08
25	22	2	1	2020-04-21 12:24:49.524028+08
26	24	4	1	2020-04-21 12:24:49.524028+08
27	27	4	1	2020-04-21 12:24:49.524028+08
28	29	3	1	2020-04-21 12:24:49.524028+08
29	1	5	1	2020-04-21 12:24:49.524028+08
30	18	4	1	2020-04-21 12:24:49.524028+08
31	11	1	232230	2020-04-21 12:25:18.024842+08
32	5	5	232230	2020-04-21 12:25:18.024842+08
33	7	4	232230	2020-04-21 12:25:18.024842+08
34	9	5	232230	2020-04-21 12:25:18.024842+08
35	13	4	232230	2020-04-21 12:25:18.024842+08
36	21	6	232230	2020-04-21 12:25:18.024842+08
37	23	2	232230	2020-04-21 12:25:18.024842+08
38	25	2	232230	2020-04-21 12:25:18.024842+08
39	26	2	232230	2020-04-21 12:25:18.024842+08
40	28	6	232230	2020-04-21 12:25:18.024842+08
41	30	4	232230	2020-04-21 12:25:18.024842+08
42	2	4	232230	2020-04-21 12:25:18.024842+08
43	8	5	232230	2020-04-21 12:25:18.024842+08
44	17	3	232230	2020-04-21 12:25:18.024842+08
45	3	5	232230	2020-04-21 12:25:18.024842+08
46	4	2	232230	2020-04-21 12:25:18.024842+08
47	6	4	232230	2020-04-21 12:25:18.024842+08
48	12	4	232230	2020-04-21 12:25:18.024842+08
49	16	6	232230	2020-04-21 12:25:18.024842+08
50	10	3	232230	2020-04-21 12:25:18.024842+08
51	14	2	232230	2020-04-21 12:25:18.024842+08
52	15	5	232230	2020-04-21 12:25:18.024842+08
53	19	5	232230	2020-04-21 12:25:18.024842+08
54	20	4	232230	2020-04-21 12:25:18.024842+08
55	22	3	232230	2020-04-21 12:25:18.024842+08
56	24	6	232230	2020-04-21 12:25:18.024842+08
57	27	2	232230	2020-04-21 12:25:18.024842+08
58	29	6	232230	2020-04-21 12:25:18.024842+08
59	1	2	232230	2020-04-21 12:25:18.024842+08
60	18	1	232230	2020-04-21 12:25:18.024842+08
61	11	4	232250	2020-04-21 12:25:36.451586+08
62	5	2	232250	2020-04-21 12:25:36.451586+08
63	7	5	232250	2020-04-21 12:25:36.451586+08
64	9	2	232250	2020-04-21 12:25:36.451586+08
65	13	2	232250	2020-04-21 12:25:36.451586+08
66	21	3	232250	2020-04-21 12:25:36.451586+08
67	23	2	232250	2020-04-21 12:25:36.451586+08
68	25	3	232250	2020-04-21 12:25:36.451586+08
69	26	4	232250	2020-04-21 12:25:36.451586+08
70	28	3	232250	2020-04-21 12:25:36.451586+08
71	30	2	232250	2020-04-21 12:25:36.451586+08
72	2	2	232250	2020-04-21 12:25:36.451586+08
73	8	1	232250	2020-04-21 12:25:36.451586+08
74	17	1	232250	2020-04-21 12:25:36.451586+08
75	3	4	232250	2020-04-21 12:25:36.451586+08
76	4	6	232250	2020-04-21 12:25:36.451586+08
77	6	2	232250	2020-04-21 12:25:36.451586+08
78	12	2	232250	2020-04-21 12:25:36.451586+08
79	16	4	232250	2020-04-21 12:25:36.451586+08
80	10	2	232250	2020-04-21 12:25:36.451586+08
81	14	4	232250	2020-04-21 12:25:36.451586+08
82	15	5	232250	2020-04-21 12:25:36.451586+08
83	19	5	232250	2020-04-21 12:25:36.451586+08
84	20	3	232250	2020-04-21 12:25:36.451586+08
85	22	3	232250	2020-04-21 12:25:36.451586+08
86	24	2	232250	2020-04-21 12:25:36.451586+08
87	27	2	232250	2020-04-21 12:25:36.451586+08
88	29	4	232250	2020-04-21 12:25:36.451586+08
89	1	2	232250	2020-04-21 12:25:36.451586+08
90	18	3	232250	2020-04-21 12:25:36.451586+08
91	11	4	232254	2020-04-21 12:26:01.053376+08
92	5	5	232254	2020-04-21 12:26:01.053376+08
93	7	5	232254	2020-04-21 12:26:01.053376+08
94	9	3	232254	2020-04-21 12:26:01.053376+08
95	13	2	232254	2020-04-21 12:26:01.053376+08
96	21	6	232254	2020-04-21 12:26:01.053376+08
97	23	5	232254	2020-04-21 12:26:01.053376+08
98	25	2	232254	2020-04-21 12:26:01.053376+08
99	26	3	232254	2020-04-21 12:26:01.053376+08
100	28	3	232254	2020-04-21 12:26:01.053376+08
101	30	5	232254	2020-04-21 12:26:01.053376+08
102	2	4	232254	2020-04-21 12:26:01.053376+08
103	8	5	232254	2020-04-21 12:26:01.053376+08
104	17	5	232254	2020-04-21 12:26:01.053376+08
105	3	4	232254	2020-04-21 12:26:01.053376+08
106	4	3	232254	2020-04-21 12:26:01.053376+08
107	6	5	232254	2020-04-21 12:26:01.053376+08
108	12	6	232254	2020-04-21 12:26:01.053376+08
109	16	3	232254	2020-04-21 12:26:01.053376+08
110	10	2	232254	2020-04-21 12:26:01.053376+08
111	14	1	232254	2020-04-21 12:26:01.053376+08
112	15	1	232254	2020-04-21 12:26:01.053376+08
113	19	1	232254	2020-04-21 12:26:01.053376+08
114	20	6	232254	2020-04-21 12:26:01.053376+08
115	22	3	232254	2020-04-21 12:26:01.053376+08
116	24	3	232254	2020-04-21 12:26:01.053376+08
117	27	2	232254	2020-04-21 12:26:01.053376+08
118	29	4	232254	2020-04-21 12:26:01.053376+08
119	1	1	232254	2020-04-21 12:26:01.053376+08
120	18	3	232254	2020-04-21 12:26:01.053376+08
\.


--
-- Name: product_rating_prd_rat_id_seq; Type: SEQUENCE SET; Schema: mochi; Owner: mochidb_owner
--

SELECT pg_catalog.setval('product_rating_prd_rat_id_seq', 120, true);


--
-- Data for Name: product_shipping; Type: TABLE DATA; Schema: mochi; Owner: mochidb_owner
--

COPY product_shipping (prd_id) FROM stdin;
\.


--
-- Data for Name: product_status; Type: TABLE DATA; Schema: mochi; Owner: mochidb_owner
--

COPY product_status (prd_sts_id, prd_sts_cd, prd_sts_desc) FROM stdin;
1	ACT01	active
2	INA01	inactive
\.


--
-- Name: product_status_prd_sts_id_seq; Type: SEQUENCE SET; Schema: mochi; Owner: mochidb_owner
--

SELECT pg_catalog.setval('product_status_prd_sts_id_seq', 1, false);


--
-- Data for Name: product_supplier; Type: TABLE DATA; Schema: mochi; Owner: mochidb_owner
--

COPY product_supplier  FROM stdin;
\.


--
-- Data for Name: product_tag; Type: TABLE DATA; Schema: mochi; Owner: mochidb_owner
--

COPY product_tag (prd_tag_id, prd_id, tag_id) FROM stdin;
25	10	17
26	11	15
27	22	17
30	7	17
31	2	15
32	5	17
34	13	17
35	233275	233269
36	233282	233269
37	233289	233230
38	233296	233230
39	233296	233266
40	233303	233230
41	233310	233230
42	233310	233266
43	233317	233221
44	233324	233230
45	233331	233230
46	233338	233230
47	233345	233230
48	233352	233221
49	233359	233230
50	233366	233230
51	233366	233221
52	233373	233230
53	233373	233221
54	233380	233230
55	233380	233221
56	233387	233230
57	233387	233224
58	233394	233266
59	233401	233230
60	233401	233266
61	233401	233221
62	233408	233251
63	233408	233236
64	233415	233251
65	233415	233236
66	233422	233251
67	233422	233236
68	233429	233251
69	233429	233236
70	233436	233251
71	233436	233236
72	233443	233230
73	233443	233224
74	233450	233230
75	233450	233245
76	233450	233248
77	233450	233239
78	233457	233230
79	233457	233242
80	233464	233230
81	233464	233245
82	233464	233239
83	233471	233245
84	233471	233239
85	233478	233245
86	233478	233239
87	233485	233245
88	233485	233248
89	233485	233239
90	233492	233245
91	233492	233248
92	233492	233239
93	233499	233251
94	233506	233251
95	233513	233251
96	233520	233251
97	233527	233251
98	233534	233251
99	233541	233254
100	233548	233254
101	233555	233254
102	233562	233254
103	233569	233254
104	233576	233257
105	233576	233239
106	233583	233230
107	233583	233260
108	233590	233230
109	233590	233260
110	233597	233248
111	233597	233242
112	233604	233251
113	233611	233251
114	233618	233251
115	233618	233245
116	233625	233251
117	233632	233251
118	233639	233230
119	233639	233221
120	233646	233251
121	233653	233251
122	233660	233251
123	233667	233251
124	233674	233272
125	233681	233272
126	233688	233272
127	233695	233230
128	233695	233251
129	233702	233272
130	233709	233245
131	233709	233272
132	233716	233221
133	233723	233230
134	233730	233272
\.


--
-- Name: product_tag_attr_lcl_tag_id_seq; Type: SEQUENCE SET; Schema: mochi; Owner: mochidb_owner
--

SELECT pg_catalog.setval('product_tag_attr_lcl_tag_id_seq', 1, false);


--
-- Name: product_tag_prd_tag_id_seq; Type: SEQUENCE SET; Schema: mochi; Owner: mochidb_owner
--

SELECT pg_catalog.setval('product_tag_prd_tag_id_seq', 176, true);


--
-- Name: product_type_prd_typ_id_seq; Type: SEQUENCE SET; Schema: mochi; Owner: mochidb_owner
--

SELECT pg_catalog.setval('product_type_prd_typ_id_seq', 1, true);


--
-- Data for Name: promotion; Type: TABLE DATA; Schema: mochi; Owner: mochidb_owner
--

COPY promotion (prm_id, prm_cd, prm_st_dt, prm_en_dt, prm_mec_id, prm_act) FROM stdin;
234464	B1G1F	2020-03-07 00:00:00+08	2021-01-31 00:00:00+08	1	t
234467	B2G1F	2020-03-08 00:00:00+08	2021-02-01 00:00:00+08	1	t
\.


--
-- Data for Name: promotion_attr_lcl; Type: TABLE DATA; Schema: mochi; Owner: mochidb_owner
--

COPY promotion_attr_lcl (prm_lcl_id, prm_id, prm_desc, lcl_cd) FROM stdin;
234465	234464	Buy 1 get 1 free	en-GB
234466	234464	買1送1	zh-HK
234468	234467	買二送一	zh-HK
234469	234467	Buy 2 get 1 free	en-GB
\.


--
-- Data for Name: promotion_bngnpct; Type: TABLE DATA; Schema: mochi; Owner: mochidb_owner
--

COPY promotion_bngnpct (prm_id, buy_qty, pct_disc) FROM stdin;
234464	2	1
234467	3	0
\.


--
-- Name: promotion_category_prm_cat_id_seq; Type: SEQUENCE SET; Schema: mochi; Owner: mochidb_owner
--

SELECT pg_catalog.setval('promotion_category_prm_cat_id_seq', 1, false);


--
-- Data for Name: promotion_mechanic; Type: TABLE DATA; Schema: mochi; Owner: mochidb_owner
--

COPY promotion_mechanic (prm_mec_id, prm_mec_cd, prm_mec_desc) FROM stdin;
234454	BNGNPCT	Buy N Get X Percent Off
\.


--
-- Data for Name: promotion_pctmkd; Type: TABLE DATA; Schema: mochi; Owner: mochidb_owner
--

COPY promotion_pctmkd (prm_id, mkd_pct) FROM stdin;
\.


--
-- Data for Name: rating; Type: TABLE DATA; Schema: mochi; Owner: mochidb_owner
--

COPY rating (rat_id, rat_desc, rat_val) FROM stdin;
1	One Star	1
2	Two Star	2
3	Three Star	3
4	Four Star	4
5	Five Star	5
\.


--
-- Data for Name: role; Type: TABLE DATA; Schema: mochi; Owner: mochidb_owner
--

COPY role (rle_id, rle_typ_id, rle_start_dt, pty_id) FROM stdin;
1	1	2018-11-15 00:00:00+08	1
232217	1	2018-11-15 00:00:00+08	232216
232221	1	2018-11-15 00:00:00+08	232220
232231	1	2018-11-15 00:00:00+08	232230
232233	1	2018-11-15 00:00:00+08	232232
232235	1	2018-12-01 00:00:00+08	232234
232237	1	2018-12-01 00:00:00+08	232236
232239	1	2018-12-01 00:00:00+08	232238
232241	1	2018-12-01 00:00:00+08	232240
232243	1	2018-12-01 00:00:00+08	232242
232245	1	2018-12-01 00:00:00+08	232244
232247	1	2018-12-01 00:00:00+08	232246
232249	1	2018-12-12 00:00:00+08	232248
232251	1	2018-12-24 00:00:00+08	232250
232253	1	2018-12-24 00:00:00+08	232252
232255	1	2019-04-06 00:00:00+08	232254
232257	1	2019-04-06 00:00:00+08	232256
232259	1	2019-04-06 00:00:00+08	232258
232261	1	2019-04-15 00:00:00+08	232260
232263	1	2019-07-10 00:00:00+08	232262
232305	1	2019-07-11 00:00:00+08	232304
232311	1	2019-07-11 00:00:00+08	232310
232313	1	2019-07-11 00:00:00+08	232312
233017	1	2020-06-11 00:00:00+08	233016
233019	1	2020-06-11 00:00:00+08	233018
233021	1	2020-06-11 00:00:00+08	233020
233023	1	2020-06-11 00:00:00+08	233022
233025	1	2020-06-11 00:00:00+08	233024
233055	1	2020-08-20 00:00:00+08	233054
233056	2	2020-09-28 11:04:23.6741+08	233055
\.


--
-- Name: role_rle_id_seq; Type: SEQUENCE SET; Schema: mochi; Owner: mochidb_owner
--

SELECT pg_catalog.setval('role_rle_id_seq', 1, false);


--
-- Data for Name: role_type; Type: TABLE DATA; Schema: mochi; Owner: mochidb_owner
--

COPY role_type (rle_typ_id, rle_typ_desc) FROM stdin;
1	Customer
2	Supplier
\.


--
-- Name: role_type_rle_typ_id_seq; Type: SEQUENCE SET; Schema: mochi; Owner: mochidb_owner
--

SELECT pg_catalog.setval('role_type_rle_typ_id_seq', 1, false);


--
-- Name: role_type_role_typ_id_seq; Type: SEQUENCE SET; Schema: mochi; Owner: mochidb_owner
--

SELECT pg_catalog.setval('role_type_role_typ_id_seq', 1, false);


--
-- Data for Name: stock_on_hand; Type: TABLE DATA; Schema: mochi; Owner: mochidb_owner
--

COPY stock_on_hand (soh_id, soh_prd_id, soh_qty) FROM stdin;
234239	11	10
234241	21	10
234243	23	10
234245	25	10
234247	26	10
234249	28	10
234251	30	10
234253	17	10
234255	16	10
234257	14	10
234259	15	10
234261	19	10
234263	20	10
234265	22	10
234267	24	10
234269	27	10
234271	29	10
234273	18	10
234275	233275	10
234277	233282	10
234279	233289	10
234281	233296	10
234283	233303	10
234285	233310	10
234287	233317	10
234289	233324	10
234291	233331	10
234293	233338	10
234295	233345	10
234297	233352	10
234299	233359	10
234301	233366	10
234305	233380	10
234307	233387	10
234309	233394	10
234311	233401	10
234313	233408	10
234315	233415	10
234317	233422	10
234319	233429	10
234321	233436	10
234323	233443	10
234325	233450	10
234327	233457	10
234329	233464	10
234331	233471	10
234333	233478	10
234335	233485	10
234337	233492	10
234339	233499	10
234341	233506	10
234343	233513	10
234345	233520	10
234347	233527	10
234349	233534	10
234351	233541	10
234353	233548	10
234355	233555	10
234357	233562	10
234359	233569	10
234361	233576	10
234363	233583	10
234365	233590	10
234367	233597	10
234369	233604	10
234371	233611	10
234373	233618	10
234375	233625	10
234377	233632	10
234379	233639	10
234381	233646	10
234383	233653	10
234385	233660	10
234387	233667	10
234389	233674	10
234391	233681	10
234393	233688	10
234395	233695	10
234397	233702	10
234399	233709	10
234401	233716	10
234403	233723	10
234405	233730	10
234407	13	10
234409	4	10
234411	7	10
234413	9	10
234415	12	10
234417	1	10
234419	10	10
234421	8	10
234423	6	10
234425	2	10
234427	3	10
234429	5	10
234303	233373	0
\.


--
-- Data for Name: supplier; Type: TABLE DATA; Schema: mochi; Owner: mochidb_owner
--

COPY supplier (rle_id, sup_num) FROM stdin;
233056	1000000002
\.


--
-- Name: supplier_sup_num_seq; Type: SEQUENCE SET; Schema: mochi; Owner: mochidb_owner
--

SELECT pg_catalog.setval('supplier_sup_num_seq', 1000000002, true);


--
-- Data for Name: tag; Type: TABLE DATA; Schema: mochi; Owner: mochidb_owner
--

COPY tag (tag_id, tag_cd) FROM stdin;
15	ORG01
17	GFR01
233218	TAG01
233221	TAG02
233224	TAG03
233227	TAG04
233230	TAG05
233233	TAG06
233236	TAG07
233239	TAG08
233242	TAG09
233245	TAG10
233248	TAG11
233251	TAG12
233254	TAG13
233257	TAG14
233260	TAG15
233263	TAG16
233266	TAG17
233269	TAG18
233272	TAG19
\.


--
-- Data for Name: tag_attr_lcl; Type: TABLE DATA; Schema: mochi; Owner: mochidb_owner
--

COPY tag_attr_lcl (tag_lcl_id, tag_id, tag_desc, tag_img_pth, lcl_cd) FROM stdin;
2	15	有機	\N	zh-HK
4	17	不含麩質	\N	zh-HK
233219	233218	S925	\N	en-GB
233220	233218	S925	\N	zh-HK
233222	233221	FLOWER	\N	en-GB
233223	233221	花	\N	zh-HK
233225	233224	BUNNY 	\N	en-GB
233226	233224	兔仔	\N	zh-HK
233228	233227	STARS	\N	en-GB
233229	233227	星	\N	zh-HK
233231	233230	KOREA	\N	en-GB
233232	233230	韓國	\N	zh-HK
233234	233233	CAT 	\N	en-GB
233235	233233	小貓	\N	zh-HK
233237	233236	CROSSBODY BAG 	\N	en-GB
233238	233236	斜咩袋	\N	zh-HK
233240	233239	SPORTS	\N	en-GB
233241	233239	運動	\N	zh-HK
233243	233242	WHITE	\N	en-GB
233244	233242	白色	\N	zh-HK
233246	233245	UNISEX	\N	en-GB
233247	233245	男女適合	\N	zh-HK
233249	233248	BUMBAG	\N	en-GB
233250	233248	腰包	\N	zh-HK
233252	233251	MUM 	\N	en-GB
233253	233251	靚媽媽	\N	zh-HK
233255	233254	KIDS	\N	en-GB
233256	233254	小童	\N	zh-HK
233258	233257	HOBO BAG	\N	en-GB
233259	233257	水餃包包	\N	zh-HK
233261	233260	HOME	\N	en-GB
233262	233260	家居	\N	zh-HK
233264	233263	PET	\N	en-GB
233265	233263	寵物	\N	zh-HK
233267	233266	HAIR	\N	en-GB
233268	233266	髮飾	\N	zh-HK
233270	233269	PACKAGING	\N	en-GB
233271	233269	 禮品包裝	\N	zh-HK
233273	233272	SKATEBOARD	\N	en-GB
233274	233272	滑板風	\N	zh-HK
3	17	GLUTEN FREE	\N	en-GB
1	15	ORGANIC	\N	en-GB
\.


--
-- Name: tag_attr_lcl_tag_id_seq; Type: SEQUENCE SET; Schema: mochi; Owner: mochidb_owner
--

SELECT pg_catalog.setval('tag_attr_lcl_tag_id_seq', 4, true);


--
-- Name: tag_tag_id_seq; Type: SEQUENCE SET; Schema: mochi; Owner: mochidb_owner
--

SELECT pg_catalog.setval('tag_tag_id_seq', 18, true);


SET search_path = security, pg_catalog;

--
-- Name: authority_id_seq; Type: SEQUENCE SET; Schema: security; Owner: security_owner
--

SELECT pg_catalog.setval('authority_id_seq', 1, false);


--
-- Data for Name: clientdetails; Type: TABLE DATA; Schema: security; Owner: security_owner
--

COPY clientdetails (appid, resourceids, appsecret, scope, granttypes, redirecturl, authorities, access_token_validity, refresh_token_validity, additionalinformation, autoapprovescopes) FROM stdin;
\.


--
-- Data for Name: device_metadata; Type: TABLE DATA; Schema: security; Owner: security_owner
--

COPY device_metadata (id, device_details, last_logged_in, location, user_id) FROM stdin;
\.


--
-- Name: hibernate_sequence; Type: SEQUENCE SET; Schema: security; Owner: security_owner
--

SELECT pg_catalog.setval('hibernate_sequence', 1, true);


--
-- Data for Name: new_location_token; Type: TABLE DATA; Schema: security; Owner: security_owner
--

COPY new_location_token (id, token, user_location_id) FROM stdin;
\.


--
-- Data for Name: oauth_access_token; Type: TABLE DATA; Schema: security; Owner: security_owner
--

COPY oauth_access_token (token_id, token, authentication_id, user_name, client_id, authentication, refresh_token) FROM stdin;
4065e12204a18aba1a139fbe3425ff8d	\\xaced0005737200436f72672e737072696e676672616d65776f726b2e73656375726974792e6f61757468322e636f6d6d6f6e2e44656661756c744f4175746832416363657373546f6b656e0cb29e361b24face0200064c00156164646974696f6e616c496e666f726d6174696f6e74000f4c6a6176612f7574696c2f4d61703b4c000a65787069726174696f6e7400104c6a6176612f7574696c2f446174653b4c000c72656672657368546f6b656e74003f4c6f72672f737072696e676672616d65776f726b2f73656375726974792f6f61757468322f636f6d6d6f6e2f4f417574683252656672657368546f6b656e3b4c000573636f706574000f4c6a6176612f7574696c2f5365743b4c0009746f6b656e547970657400124c6a6176612f6c616e672f537472696e673b4c000576616c756571007e00057870737200176a6176612e7574696c2e4c696e6b6564486173684d617034c04e5c106cc0fb0200015a000b6163636573734f72646572787200116a6176612e7574696c2e486173684d61700507dac1c31660d103000246000a6c6f6164466163746f724900097468726573686f6c6478703f4000000000000c7708000000100000000374000d61757468656e74696361746564737200116a6176612e6c616e672e426f6f6c65616ecd207280d59cfaee0200015a000576616c7565787001740015616363657373546f6b656e4578706972794461746574001c323032302d31312d32392031333a34323a35392e3035392b30383030740008757365724e616d6574000a6164616d406170706c6578007372000e6a6176612e7574696c2e44617465686a81014b597419030000787077080000017612869704787372004c6f72672e737072696e676672616d65776f726b2e73656375726974792e6f61757468322e636f6d6d6f6e2e44656661756c744578706972696e674f417574683252656672657368546f6b656e2fdf47639dd0c9b70200014c000a65787069726174696f6e71007e0002787200446f72672e737072696e676672616d65776f726b2e73656375726974792e6f61757468322e636f6d6d6f6e2e44656661756c744f417574683252656672657368546f6b656e73e10e0a6354d45e0200014c000576616c756571007e0005787074002432316261663965622d643031392d343965392d623865352d6637646232383038393931657371007e0011770800000176a80a826f78737200256a6176612e7574696c2e436f6c6c656374696f6e7324556e6d6f6469666961626c65536574801d92d18f9b80550200007872002c6a6176612e7574696c2e436f6c6c656374696f6e7324556e6d6f6469666961626c65436f6c6c656374696f6e19420080cb5ef71e0200014c0001637400164c6a6176612f7574696c2f436f6c6c656374696f6e3b7870737200176a6176612e7574696c2e4c696e6b656448617368536574d86cd75a95dd2a1e020000787200116a6176612e7574696c2e48617368536574ba44859596b8b7340300007870770c000000043f400000000000027400047265616474000577726974657874000662656172657274002432333530396632622d353436392d343736662d386538342d363032313833326636386265	9400bc0c9f62052cb0abe347173f2668	adam@apple	spring-security-oauth2-read-write-client	\\xaced0005737200416f72672e737072696e676672616d65776f726b2e73656375726974792e6f61757468322e70726f76696465722e4f417574683241757468656e7469636174696f6ebd400b02166252130200024c000d73746f7265645265717565737474003c4c6f72672f737072696e676672616d65776f726b2f73656375726974792f6f61757468322f70726f76696465722f4f4175746832526571756573743b4c00127573657241757468656e7469636174696f6e7400324c6f72672f737072696e676672616d65776f726b2f73656375726974792f636f72652f41757468656e7469636174696f6e3b787200476f72672e737072696e676672616d65776f726b2e73656375726974792e61757468656e7469636174696f6e2e416273747261637441757468656e7469636174696f6e546f6b656ed3aa287e6e47640e0200035a000d61757468656e746963617465644c000b617574686f7269746965737400164c6a6176612f7574696c2f436f6c6c656374696f6e3b4c000764657461696c737400124c6a6176612f6c616e672f4f626a6563743b787000737200266a6176612e7574696c2e436f6c6c656374696f6e7324556e6d6f6469666961626c654c697374fc0f2531b5ec8e100200014c00046c6973747400104c6a6176612f7574696c2f4c6973743b7872002c6a6176612e7574696c2e436f6c6c656374696f6e7324556e6d6f6469666961626c65436f6c6c656374696f6e19420080cb5ef71e0200014c00016371007e00047870737200136a6176612e7574696c2e41727261794c6973747881d21d99c7619d03000149000473697a6578700000002377040000002373720025696f2e6e7a6265652e73656375726974792e617574686f726974792e417574686f7269747900000000000000010200024c000269647400104c6a6176612f6c616e672f4c6f6e673b4c00046e616d657400124c6a6176612f6c616e672f537472696e673b78707372000e6a6176612e6c616e672e4c6f6e673b8be490cc8f23df0200014a000576616c7565787200106a6176612e6c616e672e4e756d62657286ac951d0b94e08b020000787000000000000000217400134f5247414e49534154494f4e5f5245414445527371007e000d7371007e0011000000000000000174000c50415254595f4352454154457371007e000d7371007e0011000000000000000574000d504552534f4e5f4352454154457371007e000d7371007e0011000000000000001774000f535550504c4945525f5550444154457371007e000d7371007e0011000000000000001b74000e50524f445543545f5550444154457371007e000d7371007e0011000000000000001974000e50524f445543545f4352454154457371007e000d7371007e0011000000000000001674000d535550504c4945525f524541447371007e000d7371007e0011000000000000001d74000e50524f445543545f5245414445527371007e000d7371007e0011000000000000001074000b524f4c455f44454c4554457371007e000d7371007e0011000000000000000374000c50415254595f5550444154457371007e000d7371007e0011000000000000001574000f535550504c4945525f4352454154457371007e000d7371007e0011000000000000000674000b504552534f4e5f524541447371007e000d7371007e0011000000000000000b7400134f5247414e49534154494f4e5f5550444154457371007e000d7371007e0011000000000000002074000d504552534f4e5f5245414445527371007e000d7371007e0011000000000000002374000f535550504c4945525f5245414445527371007e000d7371007e0011000000000000001374000f435553544f4d45525f5550444154457371007e000d7371007e0011000000000000001474000f435553544f4d45525f44454c4554457371007e000d7371007e0011000000000000000874000d504552534f4e5f44454c4554457371007e000d7371007e0011000000000000001274000d435553544f4d45525f524541447371007e000d7371007e0011000000000000000c7400134f5247414e49534154494f4e5f44454c4554457371007e000d7371007e0011000000000000000274000a50415254595f524541447371007e000d7371007e0011000000000000000f74000b524f4c455f5550444154457371007e000d7371007e0011000000000000000e740009524f4c455f524541447371007e000d7371007e0011000000000000000474000c50415254595f44454c4554457371007e000d7371007e0011000000000000001a74000c50524f445543545f524541447371007e000d7371007e0011000000000000001f74000b524f4c455f5245414445527371007e000d7371007e0011000000000000001874000f535550504c4945525f44454c4554457371007e000d7371007e0011000000000000001c74000e50524f445543545f44454c4554457371007e000d7371007e0011000000000000000774000d504552534f4e5f5550444154457371007e000d7371007e0011000000000000000a7400114f5247414e49534154494f4e5f524541447371007e000d7371007e0011000000000000001174000f435553544f4d45525f4352454154457371007e000d7371007e0011000000000000001e74000c50415254595f5245414445527371007e000d7371007e001100000000000000097400134f5247414e49534154494f4e5f4352454154457371007e000d7371007e0011000000000000000d74000b524f4c455f4352454154457371007e000d7371007e0011000000000000002274000f435553544f4d45525f5245414445527871007e000c707372003a6f72672e737072696e676672616d65776f726b2e73656375726974792e6f61757468322e70726f76696465722e4f41757468325265717565737400000000000000010200075a0008617070726f7665644c000b617574686f72697469657371007e00044c000a657874656e73696f6e7374000f4c6a6176612f7574696c2f4d61703b4c000b726564697265637455726971007e000f4c00077265667265736874003b4c6f72672f737072696e676672616d65776f726b2f73656375726974792f6f61757468322f70726f76696465722f546f6b656e526571756573743b4c000b7265736f7572636549647374000f4c6a6176612f7574696c2f5365743b4c000d726573706f6e7365547970657371007e007e787200386f72672e737072696e676672616d65776f726b2e73656375726974792e6f61757468322e70726f76696465722e426173655265717565737436287a3ea37169bd0200034c0008636c69656e74496471007e000f4c001172657175657374506172616d657465727371007e007c4c000573636f706571007e007e7870740028737072696e672d73656375726974792d6f61757468322d726561642d77726974652d636c69656e74737200256a6176612e7574696c2e436f6c6c656374696f6e7324556e6d6f6469666961626c654d6170f1a5a8fe74f507420200014c00016d71007e007c7870737200116a6176612e7574696c2e486173684d61700507dac1c31660d103000246000a6c6f6164466163746f724900097468726573686f6c6478703f400000000000067708000000080000000374000a6772616e745f7479706574000870617373776f7264740009636c69656e745f6964740028737072696e672d73656375726974792d6f61757468322d726561642d77726974652d636c69656e74740008757365726e616d6574000a6164616d406170706c6578737200256a6176612e7574696c2e436f6c6c656374696f6e7324556e6d6f6469666961626c65536574801d92d18f9b80550200007871007e0009737200176a6176612e7574696c2e4c696e6b656448617368536574d86cd75a95dd2a1e020000787200116a6176612e7574696c2e48617368536574ba44859596b8b7340300007870770c000000103f4000000000000274000472656164740005777269746578017371007e008f770c000000103f40000000000001737200426f72672e737072696e676672616d65776f726b2e73656375726974792e636f72652e617574686f726974792e53696d706c654772616e746564417574686f7269747900000000000002080200014c0004726f6c6571007e000f787074000455534552787371007e00843f40000000000000770800000010000000007870707371007e008f770c000000103f400000000000017400187265736f757263652d7365727665722d726573742d617069787371007e008f770c000000103f40000000000000787372004f6f72672e737072696e676672616d65776f726b2e73656375726974792e61757468656e7469636174696f6e2e557365726e616d6550617373776f726441757468656e7469636174696f6e546f6b656e00000000000002080200024c000b63726564656e7469616c7371007e00054c00097072696e636970616c71007e00057871007e0003017371007e00077371007e000b0000002377040000002371007e001071007e001571007e001871007e001b71007e001e71007e002171007e002471007e002771007e002a71007e002d71007e003071007e003371007e003671007e003971007e003c71007e003f71007e004271007e004571007e004871007e004b71007e004e71007e005171007e005471007e005771007e005a71007e005d71007e006071007e006371007e006671007e006971007e006c71007e006f71007e007271007e007571007e00787871007e009e737200176a6176612e7574696c2e4c696e6b6564486173684d617034c04e5c106cc0fb0200015a000b6163636573734f726465727871007e00843f400000000000067708000000080000000371007e008671007e008771007e008871007e008971007e008a71007e008b7800707372001b696f2e6e7a6265652e73656375726974792e757365722e55736572000000000000000102000b5a000e6163636f756e74457870697265645a000d6163636f756e744c6f636b65645a001263726564656e7469616c73457870697265645a0007656e61626c65645a000a69735573696e673246414c0002496471007e000e4c000870617373776f726471007e000f4c0005726f6c657371007e007e4c000673656372657471007e000f4c000975736572506172747974001d4c696f2f6e7a6265652f656e746974792f70617274792f50617274793b4c0008757365726e616d6571007e000f787000000001007371007e00110000000000038e3874003c24326124303824726f674d4d642f764a35366130386c714f6c7a4172756a6951524e312e3261767a43514c74444f514238516358596f73366d7873797372002f6f72672e68696265726e6174652e636f6c6c656374696f6e2e696e7465726e616c2e50657273697374656e745365748b47ef79d4c9917d0200014c000373657471007e007e7872003e6f72672e68696265726e6174652e636f6c6c656374696f6e2e696e7465726e616c2e416273747261637450657273697374656e74436f6c6c656374696f6e5718b75d8aba735402000b5a001b616c6c6f774c6f61644f7574736964655472616e73616374696f6e49000a63616368656453697a655a000564697274795a000e656c656d656e7452656d6f7665645a000b696e697469616c697a65645a000d697354656d7053657373696f6e4c00036b65797400164c6a6176612f696f2f53657269616c697a61626c653b4c00056f776e657271007e00054c0004726f6c6571007e000f4c001273657373696f6e466163746f72795575696471007e000f4c000e73746f726564536e617073686f7471007e00a8787000ffffffff000001007371007e00110000000000038e3871007e00a3740021696f2e6e7a6265652e73656375726974792e757365722e557365722e726f6c6573707371007e00843f400000000000017708000000020000000173720024696f2e6e7a6265652e73656375726974792e757365722e726f6c652e55736572526f6c6500000000000000010200034c0002496471007e000e4c000b617574686f72697469657371007e007e4c00046e616d6571007e000f787071007e00167371007e00a600ffffffff0000010071007e001671007e00ae740030696f2e6e7a6265652e73656375726974792e757365722e726f6c652e55736572526f6c652e617574686f726974696573707371007e00843f400000000000307708000000400000002371007e001071007e001071007e001571007e001571007e001871007e001871007e001b71007e001b71007e001e71007e001e71007e002171007e002171007e002471007e002471007e002771007e002771007e002a71007e002a71007e002d71007e002d71007e003071007e003071007e003371007e003371007e003671007e003671007e003971007e003971007e003c71007e003c71007e003f71007e003f71007e004271007e004271007e004571007e004571007e004871007e004871007e004b71007e004b71007e004e71007e004e71007e005171007e005171007e005471007e005471007e005771007e005771007e005a71007e005a71007e005d71007e005d71007e006071007e006071007e006371007e006371007e006671007e006671007e006971007e006971007e006c71007e006c71007e006f71007e006f71007e007271007e007271007e007571007e007571007e007871007e0078787371007e008f770c000000403f4000000000002371007e001071007e001571007e001871007e001b71007e001e71007e002171007e002471007e002771007e002a71007e002d71007e003071007e003371007e003671007e003971007e003c71007e003f71007e004271007e004571007e004871007e004b71007e004e71007e005171007e005471007e005771007e005a71007e005d71007e006071007e006371007e006671007e006971007e006c71007e006f71007e007271007e007571007e00787874000541646d696e71007e00ae787371007e008f770c000000103f4000000000000171007e00ae7870737200346f72672e68696265726e6174652e70726f78792e706f6a6f2e6279746562756464792e53657269616c697a61626c6550726f7879c8e2f1ffb619aa2e0200084c000f636f6d706f6e656e744964547970657400224c6f72672f68696265726e6174652f747970652f436f6d706f73697465547970653b4c001b6964656e7469666965724765747465724d6574686f64436c6173737400114c6a6176612f6c616e672f436c6173733b4c001a6964656e7469666965724765747465724d6574686f644e616d6571007e000f4c001b6964656e7469666965725365747465724d6574686f64436c61737371007e00b74c001a6964656e7469666965725365747465724d6574686f644e616d6571007e000f5b001c6964656e7469666965725365747465724d6574686f64506172616d737400125b4c6a6176612f6c616e672f436c6173733b5b000a696e746572666163657371007e00b84c000f70657273697374656e74436c61737371007e00b77872002d6f72672e68696265726e6174652e70726f78792e416273747261637453657269616c697a61626c6550726f7879926a2d5a450b04610200055a001b616c6c6f774c6f61644f7574736964655472616e73616374696f6e4c000a656e746974794e616d6571007e000f4c0002696471007e00a84c0008726561644f6e6c797400134c6a6176612f6c616e672f426f6f6c65616e3b4c001273657373696f6e466163746f72795575696471007e000f78700074001b696f2e6e7a6265652e656e746974792e70617274792e506172747971007e00a47070707672001b696f2e6e7a6265652e656e746974792e70617274792e50617274790000000000000000000000787074000a6765745061727479496471007e00be74000a73657450617274794964757200125b4c6a6176612e6c616e672e436c6173733bab16d7aecbcd5a990200007870000000017671007e00117571007e00c100000001767200226f72672e68696265726e6174652e70726f78792e48696265726e61746550726f7879517e3626971bbe22020000787071007e00be74000a6164616d406170706c65	d9a979cab2859cca94295f672a0dd69d
4f3eee6650004125a442b7f88727572e	\\xaced0005737200436f72672e737072696e676672616d65776f726b2e73656375726974792e6f61757468322e636f6d6d6f6e2e44656661756c744f4175746832416363657373546f6b656e0cb29e361b24face0200064c00156164646974696f6e616c496e666f726d6174696f6e74000f4c6a6176612f7574696c2f4d61703b4c000a65787069726174696f6e7400104c6a6176612f7574696c2f446174653b4c000c72656672657368546f6b656e74003f4c6f72672f737072696e676672616d65776f726b2f73656375726974792f6f61757468322f636f6d6d6f6e2f4f417574683252656672657368546f6b656e3b4c000573636f706574000f4c6a6176612f7574696c2f5365743b4c0009746f6b656e547970657400124c6a6176612f6c616e672f537472696e673b4c000576616c756571007e00057870737200176a6176612e7574696c2e4c696e6b6564486173684d617034c04e5c106cc0fb0200015a000b6163636573734f72646572787200116a6176612e7574696c2e486173684d61700507dac1c31660d103000246000a6c6f6164466163746f724900097468726573686f6c6478703f4000000000000c7708000000100000000374000d61757468656e74696361746564737200116a6176612e6c616e672e426f6f6c65616ecd207280d59cfaee0200015a000576616c7565787001740015616363657373546f6b656e4578706972794461746574001c323032302d31322d30312032313a34323a33342e3033342b30383030740008757365724e616d65740007626f6240626f6278007372000e6a6176612e7574696c2e44617465686a81014b59741903000078707708000001761e8a61bf787372004c6f72672e737072696e676672616d65776f726b2e73656375726974792e6f61757468322e636f6d6d6f6e2e44656661756c744578706972696e674f417574683252656672657368546f6b656e2fdf47639dd0c9b70200014c000a65787069726174696f6e71007e0002787200446f72672e737072696e676672616d65776f726b2e73656375726974792e6f61757468322e636f6d6d6f6e2e44656661756c744f417574683252656672657368546f6b656e73e10e0a6354d45e0200014c000576616c756571007e0005787074002462613162663137642d346662392d343337312d626133322d6432333464383265633836397371007e0011770800000176b8f9e77c78737200256a6176612e7574696c2e436f6c6c656374696f6e7324556e6d6f6469666961626c65536574801d92d18f9b80550200007872002c6a6176612e7574696c2e436f6c6c656374696f6e7324556e6d6f6469666961626c65436f6c6c656374696f6e19420080cb5ef71e0200014c0001637400164c6a6176612f7574696c2f436f6c6c656374696f6e3b7870737200176a6176612e7574696c2e4c696e6b656448617368536574d86cd75a95dd2a1e020000787200116a6176612e7574696c2e48617368536574ba44859596b8b7340300007870770c000000043f400000000000027400047265616474000577726974657874000662656172657274002438363766666465322d363362382d343439312d383936352d653238363165396438653431	35618f744928cf835f93349121d9c3e5	bob@bob	spring-security-oauth2-read-write-client	\\xaced0005737200416f72672e737072696e676672616d65776f726b2e73656375726974792e6f61757468322e70726f76696465722e4f417574683241757468656e7469636174696f6ebd400b02166252130200024c000d73746f7265645265717565737474003c4c6f72672f737072696e676672616d65776f726b2f73656375726974792f6f61757468322f70726f76696465722f4f4175746832526571756573743b4c00127573657241757468656e7469636174696f6e7400324c6f72672f737072696e676672616d65776f726b2f73656375726974792f636f72652f41757468656e7469636174696f6e3b787200476f72672e737072696e676672616d65776f726b2e73656375726974792e61757468656e7469636174696f6e2e416273747261637441757468656e7469636174696f6e546f6b656ed3aa287e6e47640e0200035a000d61757468656e746963617465644c000b617574686f7269746965737400164c6a6176612f7574696c2f436f6c6c656374696f6e3b4c000764657461696c737400124c6a6176612f6c616e672f4f626a6563743b787000737200266a6176612e7574696c2e436f6c6c656374696f6e7324556e6d6f6469666961626c654c697374fc0f2531b5ec8e100200014c00046c6973747400104c6a6176612f7574696c2f4c6973743b7872002c6a6176612e7574696c2e436f6c6c656374696f6e7324556e6d6f6469666961626c65436f6c6c656374696f6e19420080cb5ef71e0200014c00016371007e00047870737200136a6176612e7574696c2e41727261794c6973747881d21d99c7619d03000149000473697a6578700000002377040000002373720025696f2e6e7a6265652e73656375726974792e617574686f726974792e417574686f7269747900000000000000010200024c000269647400104c6a6176612f6c616e672f4c6f6e673b4c00046e616d657400124c6a6176612f6c616e672f537472696e673b78707372000e6a6176612e6c616e672e4c6f6e673b8be490cc8f23df0200014a000576616c7565787200106a6176612e6c616e672e4e756d62657286ac951d0b94e08b0200007870000000000000000b7400134f5247414e49534154494f4e5f5550444154457371007e000d7371007e0011000000000000002074000d504552534f4e5f5245414445527371007e000d7371007e0011000000000000000d74000b524f4c455f4352454154457371007e000d7371007e001100000000000000097400134f5247414e49534154494f4e5f4352454154457371007e000d7371007e0011000000000000001b74000e50524f445543545f5550444154457371007e000d7371007e0011000000000000001674000d535550504c4945525f524541447371007e000d7371007e0011000000000000000874000d504552534f4e5f44454c4554457371007e000d7371007e0011000000000000001574000f535550504c4945525f4352454154457371007e000d7371007e0011000000000000000a7400114f5247414e49534154494f4e5f524541447371007e000d7371007e0011000000000000001f74000b524f4c455f5245414445527371007e000d7371007e0011000000000000000274000a50415254595f524541447371007e000d7371007e0011000000000000001974000e50524f445543545f4352454154457371007e000d7371007e0011000000000000002374000f535550504c4945525f5245414445527371007e000d7371007e0011000000000000000e740009524f4c455f524541447371007e000d7371007e0011000000000000001774000f535550504c4945525f5550444154457371007e000d7371007e0011000000000000001e74000c50415254595f5245414445527371007e000d7371007e001100000000000000217400134f5247414e49534154494f4e5f5245414445527371007e000d7371007e0011000000000000000774000d504552534f4e5f5550444154457371007e000d7371007e0011000000000000000474000c50415254595f44454c4554457371007e000d7371007e0011000000000000000374000c50415254595f5550444154457371007e000d7371007e0011000000000000001c74000e50524f445543545f44454c4554457371007e000d7371007e0011000000000000000674000b504552534f4e5f524541447371007e000d7371007e0011000000000000001474000f435553544f4d45525f44454c4554457371007e000d7371007e0011000000000000000f74000b524f4c455f5550444154457371007e000d7371007e0011000000000000001174000f435553544f4d45525f4352454154457371007e000d7371007e0011000000000000001874000f535550504c4945525f44454c4554457371007e000d7371007e0011000000000000001a74000c50524f445543545f524541447371007e000d7371007e0011000000000000002274000f435553544f4d45525f5245414445527371007e000d7371007e0011000000000000000c7400134f5247414e49534154494f4e5f44454c4554457371007e000d7371007e0011000000000000001374000f435553544f4d45525f5550444154457371007e000d7371007e0011000000000000000174000c50415254595f4352454154457371007e000d7371007e0011000000000000001d74000e50524f445543545f5245414445527371007e000d7371007e0011000000000000001274000d435553544f4d45525f524541447371007e000d7371007e0011000000000000001074000b524f4c455f44454c4554457371007e000d7371007e0011000000000000000574000d504552534f4e5f4352454154457871007e000c707372003a6f72672e737072696e676672616d65776f726b2e73656375726974792e6f61757468322e70726f76696465722e4f41757468325265717565737400000000000000010200075a0008617070726f7665644c000b617574686f72697469657371007e00044c000a657874656e73696f6e7374000f4c6a6176612f7574696c2f4d61703b4c000b726564697265637455726971007e000f4c00077265667265736874003b4c6f72672f737072696e676672616d65776f726b2f73656375726974792f6f61757468322f70726f76696465722f546f6b656e526571756573743b4c000b7265736f7572636549647374000f4c6a6176612f7574696c2f5365743b4c000d726573706f6e7365547970657371007e007e787200386f72672e737072696e676672616d65776f726b2e73656375726974792e6f61757468322e70726f76696465722e426173655265717565737436287a3ea37169bd0200034c0008636c69656e74496471007e000f4c001172657175657374506172616d657465727371007e007c4c000573636f706571007e007e7870740028737072696e672d73656375726974792d6f61757468322d726561642d77726974652d636c69656e74737200256a6176612e7574696c2e436f6c6c656374696f6e7324556e6d6f6469666961626c654d6170f1a5a8fe74f507420200014c00016d71007e007c7870737200116a6176612e7574696c2e486173684d61700507dac1c31660d103000246000a6c6f6164466163746f724900097468726573686f6c6478703f400000000000067708000000080000000374000a6772616e745f7479706574000870617373776f7264740009636c69656e745f6964740028737072696e672d73656375726974792d6f61757468322d726561642d77726974652d636c69656e74740008757365726e616d65740007626f6240626f6278737200256a6176612e7574696c2e436f6c6c656374696f6e7324556e6d6f6469666961626c65536574801d92d18f9b80550200007871007e0009737200176a6176612e7574696c2e4c696e6b656448617368536574d86cd75a95dd2a1e020000787200116a6176612e7574696c2e48617368536574ba44859596b8b7340300007870770c000000103f4000000000000274000472656164740005777269746578017371007e008f770c000000103f40000000000001737200426f72672e737072696e676672616d65776f726b2e73656375726974792e636f72652e617574686f726974792e53696d706c654772616e746564417574686f7269747900000000000002080200014c0004726f6c6571007e000f787074000455534552787371007e00843f40000000000000770800000010000000007870707371007e008f770c000000103f400000000000017400187265736f757263652d7365727665722d726573742d617069787371007e008f770c000000103f40000000000000787372004f6f72672e737072696e676672616d65776f726b2e73656375726974792e61757468656e7469636174696f6e2e557365726e616d6550617373776f726441757468656e7469636174696f6e546f6b656e00000000000002080200024c000b63726564656e7469616c7371007e00054c00097072696e636970616c71007e00057871007e0003017371007e00077371007e000b0000002377040000002371007e001071007e001571007e001871007e001b71007e001e71007e002171007e002471007e002771007e002a71007e002d71007e003071007e003371007e003671007e003971007e003c71007e003f71007e004271007e004571007e004871007e004b71007e004e71007e005171007e005471007e005771007e005a71007e005d71007e006071007e006371007e006671007e006971007e006c71007e006f71007e007271007e007571007e00787871007e009e737200176a6176612e7574696c2e4c696e6b6564486173684d617034c04e5c106cc0fb0200015a000b6163636573734f726465727871007e00843f400000000000067708000000080000000371007e008671007e008771007e008871007e008971007e008a71007e008b7800707372001b696f2e6e7a6265652e73656375726974792e757365722e55736572000000000000000102000b5a000e6163636f756e74457870697265645a000d6163636f756e744c6f636b65645a001263726564656e7469616c73457870697265645a0007656e61626c65645a000a69735573696e673246414c0002496471007e000e4c000870617373776f726471007e000f4c0005726f6c657371007e007e4c000673656372657471007e000f4c000975736572506172747974001d4c696f2f6e7a6265652f656e746974792f70617274792f50617274793b4c0008757365726e616d6571007e000f787000000001007371007e00110000000000038e4074003c243261243038243444544b41396167686333674a4d616e307a6a6e32652f55524b53613636374a586c5655727736705337394f7a4273776d3670714b7372002f6f72672e68696265726e6174652e636f6c6c656374696f6e2e696e7465726e616c2e50657273697374656e745365748b47ef79d4c9917d0200014c000373657471007e007e7872003e6f72672e68696265726e6174652e636f6c6c656374696f6e2e696e7465726e616c2e416273747261637450657273697374656e74436f6c6c656374696f6e5718b75d8aba735402000b5a001b616c6c6f774c6f61644f7574736964655472616e73616374696f6e49000a63616368656453697a655a000564697274795a000e656c656d656e7452656d6f7665645a000b696e697469616c697a65645a000d697354656d7053657373696f6e4c00036b65797400164c6a6176612f696f2f53657269616c697a61626c653b4c00056f776e657271007e00054c0004726f6c6571007e000f4c001273657373696f6e466163746f72795575696471007e000f4c000e73746f726564536e617073686f7471007e00a8787000ffffffff000001007371007e00110000000000038e4071007e00a3740021696f2e6e7a6265652e73656375726974792e757365722e557365722e726f6c6573707371007e00843f400000000000017708000000020000000173720024696f2e6e7a6265652e73656375726974792e757365722e726f6c652e55736572526f6c6500000000000000010200034c0002496471007e000e4c000b617574686f72697469657371007e007e4c00046e616d6571007e000f787071007e006d7371007e00a600ffffffff0000010071007e006d71007e00ae740030696f2e6e7a6265652e73656375726974792e757365722e726f6c652e55736572526f6c652e617574686f726974696573707371007e00843f400000000000307708000000400000002371007e001071007e001071007e001571007e001571007e001871007e001871007e001b71007e001b71007e001e71007e001e71007e002171007e002171007e002471007e002471007e002771007e002771007e002a71007e002a71007e002d71007e002d71007e003071007e003071007e003371007e003371007e003671007e003671007e003971007e003971007e003c71007e003c71007e003f71007e003f71007e004271007e004271007e004571007e004571007e004871007e004871007e004b71007e004b71007e004e71007e004e71007e005171007e005171007e005471007e005471007e005771007e005771007e005a71007e005a71007e005d71007e005d71007e006071007e006071007e006371007e006371007e006671007e006671007e006971007e006971007e006c71007e006c71007e006f71007e006f71007e007271007e007271007e007571007e007571007e007871007e0078787371007e008f770c000000403f4000000000002371007e001071007e001571007e001871007e001b71007e001e71007e002171007e002471007e002771007e002a71007e002d71007e003071007e003371007e003671007e003971007e003c71007e003f71007e004271007e004571007e004871007e004b71007e004e71007e005171007e005471007e005771007e005a71007e005d71007e006071007e006371007e006671007e006971007e006c71007e006f71007e007271007e007571007e00787874000541646d696e71007e00ae787371007e008f770c000000103f4000000000000171007e00ae7870737200346f72672e68696265726e6174652e70726f78792e706f6a6f2e6279746562756464792e53657269616c697a61626c6550726f7879c8e2f1ffb619aa2e0200084c000f636f6d706f6e656e744964547970657400224c6f72672f68696265726e6174652f747970652f436f6d706f73697465547970653b4c001b6964656e7469666965724765747465724d6574686f64436c6173737400114c6a6176612f6c616e672f436c6173733b4c001a6964656e7469666965724765747465724d6574686f644e616d6571007e000f4c001b6964656e7469666965725365747465724d6574686f64436c61737371007e00b74c001a6964656e7469666965725365747465724d6574686f644e616d6571007e000f5b001c6964656e7469666965725365747465724d6574686f64506172616d737400125b4c6a6176612f6c616e672f436c6173733b5b000a696e746572666163657371007e00b84c000f70657273697374656e74436c61737371007e00b77872002d6f72672e68696265726e6174652e70726f78792e416273747261637453657269616c697a61626c6550726f7879926a2d5a450b04610200055a001b616c6c6f774c6f61644f7574736964655472616e73616374696f6e4c000a656e746974794e616d6571007e000f4c0002696471007e00a84c0008726561644f6e6c797400134c6a6176612f6c616e672f426f6f6c65616e3b4c001273657373696f6e466163746f72795575696471007e000f78700074001b696f2e6e7a6265652e656e746974792e70617274792e506172747971007e00a47070707672001b696f2e6e7a6265652e656e746974792e70617274792e50617274790000000000000000000000787074000a6765745061727479496471007e00be74000a73657450617274794964757200125b4c6a6176612e6c616e672e436c6173733bab16d7aecbcd5a990200007870000000017671007e00117571007e00c100000001767200226f72672e68696265726e6174652e70726f78792e48696265726e61746550726f7879517e3626971bbe22020000787071007e00be740007626f6240626f62	a0abf94a320fe3dfdf2aead56a7fff51
\.


--
-- Data for Name: oauth_approvals; Type: TABLE DATA; Schema: security; Owner: security_owner
--

COPY oauth_approvals (userid, clientid, scope, status, expiresat, lastmodifiedat) FROM stdin;
\.


--
-- Data for Name: oauth_client_details; Type: TABLE DATA; Schema: security; Owner: security_owner
--

COPY oauth_client_details (client_id, resource_ids, client_secret, scope, authorized_grant_types, web_server_redirect_uri, authorities, access_token_validity, refresh_token_validity, additional_information, autoapprove) FROM stdin;
spring-security-oauth2-read-client	resource-server-rest-api	$2a$04$WGq2P9egiOYoOFemBRfsiO9qTcyJtNRnPKNBl5tokP7IP.eZn93km	read	password,authorization_code,refresh_token,implicit	\N	USER	10800	2592000	\N	\N
spring-security-oauth2-read-write-client	resource-server-rest-api	$2a$04$soeOR.QFmClXeFIrhJVLWOQxfHjsJLSpWrU1iGxcMGdu.a5hvfY4W	read,write	password,authorization_code,refresh_token,implicit	\N	USER	10800	2592000	\N	\N
client		\N					30	\N	{}	
my-client-with-password	oauth2-resource	\N	read	password		ROLE_CLIENT	30	\N	{}	
\.


--
-- Data for Name: oauth_client_token; Type: TABLE DATA; Schema: security; Owner: security_owner
--

COPY oauth_client_token (token_id, token, authentication_id, user_name, client_id) FROM stdin;
\.


--
-- Data for Name: oauth_code; Type: TABLE DATA; Schema: security; Owner: security_owner
--

COPY oauth_code (code, authentication) FROM stdin;
\.


--
-- Data for Name: oauth_refresh_token; Type: TABLE DATA; Schema: security; Owner: security_owner
--

COPY oauth_refresh_token (token_id, token, authentication) FROM stdin;
4ab10d0fc3f84463964f866843c296af	\\xaced00057372004c6f72672e737072696e676672616d65776f726b2e73656375726974792e6f61757468322e636f6d6d6f6e2e44656661756c744578706972696e674f417574683252656672657368546f6b656e2fdf47639dd0c9b70200014c000a65787069726174696f6e7400104c6a6176612f7574696c2f446174653b787200446f72672e737072696e676672616d65776f726b2e73656375726974792e6f61757468322e636f6d6d6f6e2e44656661756c744f417574683252656672657368546f6b656e73e10e0a6354d45e0200014c000576616c75657400124c6a6176612f6c616e672f537472696e673b787074002439313065313465642d333038322d346230372d616134332d3461636630623239626365337372000e6a6176612e7574696c2e44617465686a81014b59741903000078707708000001746b946b2278	\\xaced0005737200416f72672e737072696e676672616d65776f726b2e73656375726974792e6f61757468322e70726f76696465722e4f417574683241757468656e7469636174696f6ebd400b02166252130200024c000d73746f7265645265717565737474003c4c6f72672f737072696e676672616d65776f726b2f73656375726974792f6f61757468322f70726f76696465722f4f4175746832526571756573743b4c00127573657241757468656e7469636174696f6e7400324c6f72672f737072696e676672616d65776f726b2f73656375726974792f636f72652f41757468656e7469636174696f6e3b787200476f72672e737072696e676672616d65776f726b2e73656375726974792e61757468656e7469636174696f6e2e416273747261637441757468656e7469636174696f6e546f6b656ed3aa287e6e47640e0200035a000d61757468656e746963617465644c000b617574686f7269746965737400164c6a6176612f7574696c2f436f6c6c656374696f6e3b4c000764657461696c737400124c6a6176612f6c616e672f4f626a6563743b787000737200266a6176612e7574696c2e436f6c6c656374696f6e7324556e6d6f6469666961626c654c697374fc0f2531b5ec8e100200014c00046c6973747400104c6a6176612f7574696c2f4c6973743b7872002c6a6176612e7574696c2e436f6c6c656374696f6e7324556e6d6f6469666961626c65436f6c6c656374696f6e19420080cb5ef71e0200014c00016371007e00047870737200136a6176612e7574696c2e41727261794c6973747881d21d99c7619d03000149000473697a6578700000002377040000002373720025696f2e6e7a6265652e73656375726974792e617574686f726974792e417574686f7269747900000000000000010200024c000269647400104c6a6176612f6c616e672f4c6f6e673b4c00046e616d657400124c6a6176612f6c616e672f537472696e673b78707372000e6a6176612e6c616e672e4c6f6e673b8be490cc8f23df0200014a000576616c7565787200106a6176612e6c616e672e4e756d62657286ac951d0b94e08b0200007870000000000000000574000d504552534f4e5f4352454154457371007e000d7371007e0011000000000000000674000b504552534f4e5f524541447371007e000d7371007e0011000000000000000774000d504552534f4e5f5550444154457371007e000d7371007e0011000000000000000874000d504552534f4e5f44454c4554457371007e000d7371007e001100000000000000097400134f5247414e49534154494f4e5f4352454154457371007e000d7371007e0011000000000000000a7400114f5247414e49534154494f4e5f524541447371007e000d7371007e0011000000000000000b7400134f5247414e49534154494f4e5f5550444154457371007e000d7371007e0011000000000000000c7400134f5247414e49534154494f4e5f44454c4554457371007e000d7371007e0011000000000000000d74000b524f4c455f4352454154457371007e000d7371007e0011000000000000000e740009524f4c455f524541447371007e000d7371007e0011000000000000000f74000b524f4c455f5550444154457371007e000d7371007e0011000000000000001074000b524f4c455f44454c4554457371007e000d7371007e0011000000000000001174000f435553544f4d45525f4352454154457371007e000d7371007e0011000000000000001274000d435553544f4d45525f524541447371007e000d7371007e0011000000000000001374000f435553544f4d45525f5550444154457371007e000d7371007e0011000000000000001474000f435553544f4d45525f44454c4554457371007e000d7371007e0011000000000000001574000f535550504c4945525f4352454154457371007e000d7371007e0011000000000000001674000d535550504c4945525f524541447371007e000d7371007e0011000000000000001774000f535550504c4945525f5550444154457371007e000d7371007e0011000000000000001874000f535550504c4945525f44454c4554457371007e000d7371007e0011000000000000001974000e50524f445543545f4352454154457371007e000d7371007e0011000000000000001a74000c50524f445543545f524541447371007e000d7371007e0011000000000000001b74000e50524f445543545f5550444154457371007e000d7371007e0011000000000000001c74000e50524f445543545f44454c4554457371007e000d7371007e0011000000000000001d74000e50524f445543545f5245414445527371007e000d7371007e0011000000000000001e74000c50415254595f5245414445527371007e000d7371007e0011000000000000001f74000b524f4c455f5245414445527371007e000d7371007e0011000000000000002074000d504552534f4e5f5245414445527371007e000d7371007e001100000000000000217400134f5247414e49534154494f4e5f5245414445527371007e000d7371007e0011000000000000002274000f435553544f4d45525f5245414445527371007e000d7371007e0011000000000000002374000f535550504c4945525f5245414445527371007e000d7371007e0011000000000000000174000c50415254595f4352454154457371007e000d7371007e0011000000000000000274000a50415254595f524541447371007e000d7371007e0011000000000000000374000c50415254595f5550444154457371007e000d7371007e0011000000000000000474000c50415254595f44454c4554457871007e000c707372003a6f72672e737072696e676672616d65776f726b2e73656375726974792e6f61757468322e70726f76696465722e4f41757468325265717565737400000000000000010200075a0008617070726f7665644c000b617574686f72697469657371007e00044c000a657874656e73696f6e7374000f4c6a6176612f7574696c2f4d61703b4c000b726564697265637455726971007e000f4c00077265667265736874003b4c6f72672f737072696e676672616d65776f726b2f73656375726974792f6f61757468322f70726f76696465722f546f6b656e526571756573743b4c000b7265736f7572636549647374000f4c6a6176612f7574696c2f5365743b4c000d726573706f6e7365547970657371007e007e787200386f72672e737072696e676672616d65776f726b2e73656375726974792e6f61757468322e70726f76696465722e426173655265717565737436287a3ea37169bd0200034c0008636c69656e74496471007e000f4c001172657175657374506172616d657465727371007e007c4c000573636f706571007e007e7870740028737072696e672d73656375726974792d6f61757468322d726561642d77726974652d636c69656e74737200256a6176612e7574696c2e436f6c6c656374696f6e7324556e6d6f6469666961626c654d6170f1a5a8fe74f507420200014c00016d71007e007c7870737200116a6176612e7574696c2e486173684d61700507dac1c31660d103000246000a6c6f6164466163746f724900097468726573686f6c6478703f400000000000067708000000080000000374000a6772616e745f7479706574000870617373776f7264740009636c69656e745f6964740028737072696e672d73656375726974792d6f61757468322d726561642d77726974652d636c69656e74740008757365726e616d65740007626f6240626f6278737200256a6176612e7574696c2e436f6c6c656374696f6e7324556e6d6f6469666961626c65536574801d92d18f9b80550200007871007e0009737200176a6176612e7574696c2e4c696e6b656448617368536574d86cd75a95dd2a1e020000787200116a6176612e7574696c2e48617368536574ba44859596b8b7340300007870770c000000103f4000000000000274000472656164740005777269746578017371007e008f770c000000103f40000000000001737200426f72672e737072696e676672616d65776f726b2e73656375726974792e636f72652e617574686f726974792e53696d706c654772616e746564417574686f7269747900000000000002080200014c0004726f6c6571007e000f787074000455534552787371007e00843f40000000000000770800000010000000007870737200396f72672e737072696e676672616d65776f726b2e73656375726974792e6f61757468322e70726f76696465722e546f6b656e52657175657374d62a84b8cf38f8010200014c00096772616e745479706571007e000f7871007e007f740028737072696e672d73656375726974792d6f61757468322d726561642d77726974652d636c69656e747371007e00827371007e00843f400000000000037708000000040000000274000d726566726573685f746f6b656e74002465373165323635332d353464392d346239322d393939302d66316431656164636539353374000a6772616e745f7479706574000d726566726573685f746f6b656e787371007e008c7371007e008e770c000000103f400000000000007871007e00a07371007e008f770c000000103f400000000000017400187265736f757263652d7365727665722d726573742d617069787371007e008f770c000000103f40000000000000787372005b6f72672e737072696e676672616d65776f726b2e73656375726974792e7765622e61757468656e7469636174696f6e2e707265617574682e50726541757468656e7469636174656441757468656e7469636174696f6e546f6b656e00000000000002080200024c000b63726564656e7469616c7371007e00054c00097072696e636970616c71007e00057871007e0003017371007e00077371007e000b0000002377040000002371007e001071007e001571007e001871007e001b71007e001e71007e002171007e002471007e002771007e002a71007e002d71007e003071007e003371007e003671007e003971007e003c71007e003f71007e004271007e004571007e004871007e004b71007e004e71007e005171007e005471007e005771007e005a71007e005d71007e006071007e006371007e006671007e006971007e006c71007e006f71007e007271007e007571007e00787871007e00a9707400007372001b696f2e6e7a6265652e73656375726974792e757365722e5573657200000000000000010200095a000e6163636f756e74457870697265645a000d6163636f756e744c6f636b65645a001263726564656e7469616c73457870697265645a0007656e61626c65644c0002496471007e000e4c000870617373776f726471007e000f4c0005726f6c657371007e007e4c000975736572506172747974001d4c696f2f6e7a6265652f656e746974792f70617274792f50617274793b4c0008757365726e616d6571007e000f7870000000017371007e00110000000000038e4074003c243261243038243444544b41396167686333674a4d616e307a6a6e32652f55524b53613636374a586c5655727736705337394f7a4273776d3670714b7372002f6f72672e68696265726e6174652e636f6c6c656374696f6e2e696e7465726e616c2e50657273697374656e745365748b47ef79d4c9917d0200014c000373657471007e007e7872003e6f72672e68696265726e6174652e636f6c6c656374696f6e2e696e7465726e616c2e416273747261637450657273697374656e74436f6c6c656374696f6e5718b75d8aba735402000b5a001b616c6c6f774c6f61644f7574736964655472616e73616374696f6e49000a63616368656453697a655a000564697274795a000e656c656d656e7452656d6f7665645a000b696e697469616c697a65645a000d697354656d7053657373696f6e4c00036b65797400164c6a6176612f696f2f53657269616c697a61626c653b4c00056f776e657271007e00054c0004726f6c6571007e000f4c001273657373696f6e466163746f72795575696471007e000f4c000e73746f726564536e617073686f7471007e00b2787000ffffffff000001007371007e00110000000000038e4071007e00ad740021696f2e6e7a6265652e73656375726974792e757365722e557365722e726f6c6573707371007e00843f400000000000017708000000020000000173720024696f2e6e7a6265652e73656375726974792e757365722e726f6c652e55736572526f6c6500000000000000010200034c0002496471007e000e4c000b617574686f72697469657371007e007e4c00046e616d6571007e000f787071007e00707371007e00b000ffffffff0000010071007e007071007e00b8740030696f2e6e7a6265652e73656375726974792e757365722e726f6c652e55736572526f6c652e617574686f726974696573707371007e00843f400000000000307708000000400000002371007e001071007e001071007e001571007e001571007e001871007e001871007e001b71007e001b71007e001e71007e001e71007e002171007e002171007e002471007e002471007e002771007e002771007e002a71007e002a71007e002d71007e002d71007e003071007e003071007e003371007e003371007e003671007e003671007e003971007e003971007e003c71007e003c71007e003f71007e003f71007e004271007e004271007e004571007e004571007e004871007e004871007e004b71007e004b71007e004e71007e004e71007e005171007e005171007e005471007e005471007e005771007e005771007e005a71007e005a71007e005d71007e005d71007e006071007e006071007e006371007e006371007e006671007e006671007e006971007e006971007e006c71007e006c71007e006f71007e006f71007e007271007e007271007e007571007e007571007e007871007e0078787371007e008f770c000000403f4000000000002371007e001071007e001571007e001871007e001b71007e001e71007e002171007e002471007e002771007e002a71007e002d71007e003071007e003371007e003671007e003971007e003c71007e003f71007e004271007e004571007e004871007e004b71007e004e71007e005171007e005471007e005771007e005a71007e005d71007e006071007e006371007e006671007e006971007e006c71007e006f71007e007271007e007571007e00787874000541646d696e71007e00b8787371007e008f770c000000103f4000000000000171007e00b878737200346f72672e68696265726e6174652e70726f78792e706f6a6f2e6279746562756464792e53657269616c697a61626c6550726f7879c8e2f1ffb619aa2e0200084c000f636f6d706f6e656e744964547970657400224c6f72672f68696265726e6174652f747970652f436f6d706f73697465547970653b4c001b6964656e7469666965724765747465724d6574686f64436c6173737400114c6a6176612f6c616e672f436c6173733b4c001a6964656e7469666965724765747465724d6574686f644e616d6571007e000f4c001b6964656e7469666965725365747465724d6574686f64436c61737371007e00c14c001a6964656e7469666965725365747465724d6574686f644e616d6571007e000f5b001c6964656e7469666965725365747465724d6574686f64506172616d737400125b4c6a6176612f6c616e672f436c6173733b5b000a696e746572666163657371007e00c24c000f70657273697374656e74436c61737371007e00c17872002d6f72672e68696265726e6174652e70726f78792e416273747261637453657269616c697a61626c6550726f7879926a2d5a450b04610200055a001b616c6c6f774c6f61644f7574736964655472616e73616374696f6e4c000a656e746974794e616d6571007e000f4c0002696471007e00b24c0008726561644f6e6c797400134c6a6176612f6c616e672f426f6f6c65616e3b4c001273657373696f6e466163746f72795575696471007e000f78700074001b696f2e6e7a6265652e656e746974792e70617274792e506172747971007e00ae7070707672001b696f2e6e7a6265652e656e746974792e70617274792e50617274790000000000000000000000787074000a6765745061727479496471007e00c874000a73657450617274794964757200125b4c6a6176612e6c616e672e436c6173733bab16d7aecbcd5a990200007870000000017671007e00117571007e00cb00000001767200226f72672e68696265726e6174652e70726f78792e48696265726e61746550726f7879517e3626971bbe22020000787071007e00c8740007626f6240626f62
4314a36265d8ea027ca8886be3f8e357	\\xaced00057372004c6f72672e737072696e676672616d65776f726b2e73656375726974792e6f61757468322e636f6d6d6f6e2e44656661756c744578706972696e674f417574683252656672657368546f6b656e2fdf47639dd0c9b70200014c000a65787069726174696f6e7400104c6a6176612f7574696c2f446174653b787200446f72672e737072696e676672616d65776f726b2e73656375726974792e6f61757468322e636f6d6d6f6e2e44656661756c744f417574683252656672657368546f6b656e73e10e0a6354d45e0200014c000576616c75657400124c6a6176612f6c616e672f537472696e673b787074002431306234316238352d366230372d343936632d613664302d3166346434646636386238357372000e6a6176612e7574696c2e44617465686a81014b59741903000078707708000001746c1e9c2078	\\xaced0005737200416f72672e737072696e676672616d65776f726b2e73656375726974792e6f61757468322e70726f76696465722e4f417574683241757468656e7469636174696f6ebd400b02166252130200024c000d73746f7265645265717565737474003c4c6f72672f737072696e676672616d65776f726b2f73656375726974792f6f61757468322f70726f76696465722f4f4175746832526571756573743b4c00127573657241757468656e7469636174696f6e7400324c6f72672f737072696e676672616d65776f726b2f73656375726974792f636f72652f41757468656e7469636174696f6e3b787200476f72672e737072696e676672616d65776f726b2e73656375726974792e61757468656e7469636174696f6e2e416273747261637441757468656e7469636174696f6e546f6b656ed3aa287e6e47640e0200035a000d61757468656e746963617465644c000b617574686f7269746965737400164c6a6176612f7574696c2f436f6c6c656374696f6e3b4c000764657461696c737400124c6a6176612f6c616e672f4f626a6563743b787000737200266a6176612e7574696c2e436f6c6c656374696f6e7324556e6d6f6469666961626c654c697374fc0f2531b5ec8e100200014c00046c6973747400104c6a6176612f7574696c2f4c6973743b7872002c6a6176612e7574696c2e436f6c6c656374696f6e7324556e6d6f6469666961626c65436f6c6c656374696f6e19420080cb5ef71e0200014c00016371007e00047870737200136a6176612e7574696c2e41727261794c6973747881d21d99c7619d03000149000473697a6578700000002377040000002373720025696f2e6e7a6265652e73656375726974792e617574686f726974792e417574686f7269747900000000000000010200024c000269647400104c6a6176612f6c616e672f4c6f6e673b4c00046e616d657400124c6a6176612f6c616e672f537472696e673b78707372000e6a6176612e6c616e672e4c6f6e673b8be490cc8f23df0200014a000576616c7565787200106a6176612e6c616e672e4e756d62657286ac951d0b94e08b0200007870000000000000001074000b524f4c455f44454c4554457371007e000d7371007e0011000000000000001c74000e50524f445543545f44454c4554457371007e000d7371007e0011000000000000001574000f535550504c4945525f4352454154457371007e000d7371007e0011000000000000001a74000c50524f445543545f524541447371007e000d7371007e0011000000000000000374000c50415254595f5550444154457371007e000d7371007e0011000000000000001474000f435553544f4d45525f44454c4554457371007e000d7371007e0011000000000000001b74000e50524f445543545f5550444154457371007e000d7371007e0011000000000000001374000f435553544f4d45525f5550444154457371007e000d7371007e0011000000000000001d74000e50524f445543545f5245414445527371007e000d7371007e0011000000000000001e74000c50415254595f5245414445527371007e000d7371007e0011000000000000002374000f535550504c4945525f5245414445527371007e000d7371007e0011000000000000000474000c50415254595f44454c4554457371007e000d7371007e001100000000000000097400134f5247414e49534154494f4e5f4352454154457371007e000d7371007e0011000000000000001174000f435553544f4d45525f4352454154457371007e000d7371007e0011000000000000001774000f535550504c4945525f5550444154457371007e000d7371007e0011000000000000002274000f435553544f4d45525f5245414445527371007e000d7371007e0011000000000000000274000a50415254595f524541447371007e000d7371007e0011000000000000000574000d504552534f4e5f4352454154457371007e000d7371007e0011000000000000002074000d504552534f4e5f5245414445527371007e000d7371007e0011000000000000001674000d535550504c4945525f524541447371007e000d7371007e0011000000000000000174000c50415254595f4352454154457371007e000d7371007e0011000000000000000874000d504552534f4e5f44454c4554457371007e000d7371007e0011000000000000000674000b504552534f4e5f524541447371007e000d7371007e0011000000000000001874000f535550504c4945525f44454c4554457371007e000d7371007e0011000000000000000774000d504552534f4e5f5550444154457371007e000d7371007e0011000000000000000e740009524f4c455f524541447371007e000d7371007e001100000000000000217400134f5247414e49534154494f4e5f5245414445527371007e000d7371007e0011000000000000000d74000b524f4c455f4352454154457371007e000d7371007e0011000000000000001274000d435553544f4d45525f524541447371007e000d7371007e0011000000000000001f74000b524f4c455f5245414445527371007e000d7371007e0011000000000000000b7400134f5247414e49534154494f4e5f5550444154457371007e000d7371007e0011000000000000001974000e50524f445543545f4352454154457371007e000d7371007e0011000000000000000c7400134f5247414e49534154494f4e5f44454c4554457371007e000d7371007e0011000000000000000f74000b524f4c455f5550444154457371007e000d7371007e0011000000000000000a7400114f5247414e49534154494f4e5f524541447871007e000c707372003a6f72672e737072696e676672616d65776f726b2e73656375726974792e6f61757468322e70726f76696465722e4f41757468325265717565737400000000000000010200075a0008617070726f7665644c000b617574686f72697469657371007e00044c000a657874656e73696f6e7374000f4c6a6176612f7574696c2f4d61703b4c000b726564697265637455726971007e000f4c00077265667265736874003b4c6f72672f737072696e676672616d65776f726b2f73656375726974792f6f61757468322f70726f76696465722f546f6b656e526571756573743b4c000b7265736f7572636549647374000f4c6a6176612f7574696c2f5365743b4c000d726573706f6e7365547970657371007e007e787200386f72672e737072696e676672616d65776f726b2e73656375726974792e6f61757468322e70726f76696465722e426173655265717565737436287a3ea37169bd0200034c0008636c69656e74496471007e000f4c001172657175657374506172616d657465727371007e007c4c000573636f706571007e007e7870740028737072696e672d73656375726974792d6f61757468322d726561642d77726974652d636c69656e74737200256a6176612e7574696c2e436f6c6c656374696f6e7324556e6d6f6469666961626c654d6170f1a5a8fe74f507420200014c00016d71007e007c7870737200116a6176612e7574696c2e486173684d61700507dac1c31660d103000246000a6c6f6164466163746f724900097468726573686f6c6478703f400000000000067708000000080000000374000a6772616e745f7479706574000870617373776f7264740009636c69656e745f6964740028737072696e672d73656375726974792d6f61757468322d726561642d77726974652d636c69656e74740008757365726e616d6574000a6164616d406170706c6578737200256a6176612e7574696c2e436f6c6c656374696f6e7324556e6d6f6469666961626c65536574801d92d18f9b80550200007871007e0009737200176a6176612e7574696c2e4c696e6b656448617368536574d86cd75a95dd2a1e020000787200116a6176612e7574696c2e48617368536574ba44859596b8b7340300007870770c000000103f4000000000000274000472656164740005777269746578017371007e008f770c000000103f40000000000001737200426f72672e737072696e676672616d65776f726b2e73656375726974792e636f72652e617574686f726974792e53696d706c654772616e746564417574686f7269747900000000000002080200014c0004726f6c6571007e000f787074000455534552787371007e00843f40000000000000770800000010000000007870707371007e008f770c000000103f400000000000017400187265736f757263652d7365727665722d726573742d617069787371007e008f770c000000103f40000000000000787372004f6f72672e737072696e676672616d65776f726b2e73656375726974792e61757468656e7469636174696f6e2e557365726e616d6550617373776f726441757468656e7469636174696f6e546f6b656e00000000000002080200024c000b63726564656e7469616c7371007e00054c00097072696e636970616c71007e00057871007e0003017371007e00077371007e000b0000002377040000002371007e001071007e001571007e001871007e001b71007e001e71007e002171007e002471007e002771007e002a71007e002d71007e003071007e003371007e003671007e003971007e003c71007e003f71007e004271007e004571007e004871007e004b71007e004e71007e005171007e005471007e005771007e005a71007e005d71007e006071007e006371007e006671007e006971007e006c71007e006f71007e007271007e007571007e00787871007e009e737200176a6176612e7574696c2e4c696e6b6564486173684d617034c04e5c106cc0fb0200015a000b6163636573734f726465727871007e00843f400000000000067708000000080000000371007e008671007e008771007e008871007e008971007e008a71007e008b7800707372001b696f2e6e7a6265652e73656375726974792e757365722e55736572000000000000000102000b5a000e6163636f756e74457870697265645a000d6163636f756e744c6f636b65645a001263726564656e7469616c73457870697265645a0007656e61626c65645a000a69735573696e673246414c0002496471007e000e4c000870617373776f726471007e000f4c0005726f6c657371007e007e4c000673656372657471007e000f4c000975736572506172747974001d4c696f2f6e7a6265652f656e746974792f70617274792f50617274793b4c0008757365726e616d6571007e000f787000000001007371007e00110000000000038e3874003c24326124303824726f674d4d642f764a35366130386c714f6c7a4172756a6951524e312e3261767a43514c74444f514238516358596f73366d7873797372002f6f72672e68696265726e6174652e636f6c6c656374696f6e2e696e7465726e616c2e50657273697374656e745365748b47ef79d4c9917d0200014c000373657471007e007e7872003e6f72672e68696265726e6174652e636f6c6c656374696f6e2e696e7465726e616c2e416273747261637450657273697374656e74436f6c6c656374696f6e5718b75d8aba735402000b5a001b616c6c6f774c6f61644f7574736964655472616e73616374696f6e49000a63616368656453697a655a000564697274795a000e656c656d656e7452656d6f7665645a000b696e697469616c697a65645a000d697354656d7053657373696f6e4c00036b65797400164c6a6176612f696f2f53657269616c697a61626c653b4c00056f776e657271007e00054c0004726f6c6571007e000f4c001273657373696f6e466163746f72795575696471007e000f4c000e73746f726564536e617073686f7471007e00a8787000ffffffff000001007371007e00110000000000038e3871007e00a3740021696f2e6e7a6265652e73656375726974792e757365722e557365722e726f6c6573707371007e00843f400000000000017708000000020000000173720024696f2e6e7a6265652e73656375726974792e757365722e726f6c652e55736572526f6c6500000000000000010200034c0002496471007e000e4c000b617574686f72697469657371007e007e4c00046e616d6571007e000f787071007e004f7371007e00a600ffffffff0000010071007e004f71007e00ae740030696f2e6e7a6265652e73656375726974792e757365722e726f6c652e55736572526f6c652e617574686f726974696573707371007e00843f400000000000307708000000400000002371007e001071007e001071007e001571007e001571007e001871007e001871007e001b71007e001b71007e001e71007e001e71007e002171007e002171007e002471007e002471007e002771007e002771007e002a71007e002a71007e002d71007e002d71007e003071007e003071007e003371007e003371007e003671007e003671007e003971007e003971007e003c71007e003c71007e003f71007e003f71007e004271007e004271007e004571007e004571007e004871007e004871007e004b71007e004b71007e004e71007e004e71007e005171007e005171007e005471007e005471007e005771007e005771007e005a71007e005a71007e005d71007e005d71007e006071007e006071007e006371007e006371007e006671007e006671007e006971007e006971007e006c71007e006c71007e006f71007e006f71007e007271007e007271007e007571007e007571007e007871007e0078787371007e008f770c000000403f4000000000002371007e001071007e001571007e001871007e001b71007e001e71007e002171007e002471007e002771007e002a71007e002d71007e003071007e003371007e003671007e003971007e003c71007e003f71007e004271007e004571007e004871007e004b71007e004e71007e005171007e005471007e005771007e005a71007e005d71007e006071007e006371007e006671007e006971007e006c71007e006f71007e007271007e007571007e00787874000541646d696e71007e00ae787371007e008f770c000000103f4000000000000171007e00ae7870737200346f72672e68696265726e6174652e70726f78792e706f6a6f2e6279746562756464792e53657269616c697a61626c6550726f7879c8e2f1ffb619aa2e0200084c000f636f6d706f6e656e744964547970657400224c6f72672f68696265726e6174652f747970652f436f6d706f73697465547970653b4c001b6964656e7469666965724765747465724d6574686f64436c6173737400114c6a6176612f6c616e672f436c6173733b4c001a6964656e7469666965724765747465724d6574686f644e616d6571007e000f4c001b6964656e7469666965725365747465724d6574686f64436c61737371007e00b74c001a6964656e7469666965725365747465724d6574686f644e616d6571007e000f5b001c6964656e7469666965725365747465724d6574686f64506172616d737400125b4c6a6176612f6c616e672f436c6173733b5b000a696e746572666163657371007e00b84c000f70657273697374656e74436c61737371007e00b77872002d6f72672e68696265726e6174652e70726f78792e416273747261637453657269616c697a61626c6550726f7879926a2d5a450b04610200055a001b616c6c6f774c6f61644f7574736964655472616e73616374696f6e4c000a656e746974794e616d6571007e000f4c0002696471007e00a84c0008726561644f6e6c797400134c6a6176612f6c616e672f426f6f6c65616e3b4c001273657373696f6e466163746f72795575696471007e000f78700074001b696f2e6e7a6265652e656e746974792e70617274792e506172747971007e00a47070707672001b696f2e6e7a6265652e656e746974792e70617274792e50617274790000000000000000000000787074000a6765745061727479496471007e00be74000a73657450617274794964757200125b4c6a6176612e6c616e672e436c6173733bab16d7aecbcd5a990200007870000000017671007e00117571007e00c100000001767200226f72672e68696265726e6174652e70726f78792e48696265726e61746550726f7879517e3626971bbe22020000787071007e00be74000a6164616d406170706c65
e8e46fa2ecea44f09503ba132ddfc01b	\\xaced00057372004c6f72672e737072696e676672616d65776f726b2e73656375726974792e6f61757468322e636f6d6d6f6e2e44656661756c744578706972696e674f417574683252656672657368546f6b656e2fdf47639dd0c9b70200014c000a65787069726174696f6e7400104c6a6176612f7574696c2f446174653b787200446f72672e737072696e676672616d65776f726b2e73656375726974792e6f61757468322e636f6d6d6f6e2e44656661756c744f417574683252656672657368546f6b656e73e10e0a6354d45e0200014c000576616c75657400124c6a6176612f6c616e672f537472696e673b787074002465623838666239382d333264662d346234392d613634352d6661353437333962643534317372000e6a6176612e7574696c2e44617465686a81014b59741903000078707708000001754b993ed278	\\xaced0005737200416f72672e737072696e676672616d65776f726b2e73656375726974792e6f61757468322e70726f76696465722e4f417574683241757468656e7469636174696f6ebd400b02166252130200024c000d73746f7265645265717565737474003c4c6f72672f737072696e676672616d65776f726b2f73656375726974792f6f61757468322f70726f76696465722f4f4175746832526571756573743b4c00127573657241757468656e7469636174696f6e7400324c6f72672f737072696e676672616d65776f726b2f73656375726974792f636f72652f41757468656e7469636174696f6e3b787200476f72672e737072696e676672616d65776f726b2e73656375726974792e61757468656e7469636174696f6e2e416273747261637441757468656e7469636174696f6e546f6b656ed3aa287e6e47640e0200035a000d61757468656e746963617465644c000b617574686f7269746965737400164c6a6176612f7574696c2f436f6c6c656374696f6e3b4c000764657461696c737400124c6a6176612f6c616e672f4f626a6563743b787000737200266a6176612e7574696c2e436f6c6c656374696f6e7324556e6d6f6469666961626c654c697374fc0f2531b5ec8e100200014c00046c6973747400104c6a6176612f7574696c2f4c6973743b7872002c6a6176612e7574696c2e436f6c6c656374696f6e7324556e6d6f6469666961626c65436f6c6c656374696f6e19420080cb5ef71e0200014c00016371007e00047870737200136a6176612e7574696c2e41727261794c6973747881d21d99c7619d03000149000473697a6578700000002377040000002373720025696f2e6e7a6265652e73656375726974792e617574686f726974792e417574686f7269747900000000000000010200024c000269647400104c6a6176612f6c616e672f4c6f6e673b4c00046e616d657400124c6a6176612f6c616e672f537472696e673b78707372000e6a6176612e6c616e672e4c6f6e673b8be490cc8f23df0200014a000576616c7565787200106a6176612e6c616e672e4e756d62657286ac951d0b94e08b0200007870000000000000000a7400114f5247414e49534154494f4e5f524541447371007e000d7371007e0011000000000000001974000e50524f445543545f4352454154457371007e000d7371007e0011000000000000001d74000e50524f445543545f5245414445527371007e000d7371007e0011000000000000002274000f435553544f4d45525f5245414445527371007e000d7371007e0011000000000000001374000f435553544f4d45525f5550444154457371007e000d7371007e0011000000000000001474000f435553544f4d45525f44454c4554457371007e000d7371007e0011000000000000001674000d535550504c4945525f524541447371007e000d7371007e0011000000000000000874000d504552534f4e5f44454c4554457371007e000d7371007e0011000000000000001074000b524f4c455f44454c4554457371007e000d7371007e0011000000000000002374000f535550504c4945525f5245414445527371007e000d7371007e0011000000000000000274000a50415254595f524541447371007e000d7371007e0011000000000000001874000f535550504c4945525f44454c4554457371007e000d7371007e0011000000000000000774000d504552534f4e5f5550444154457371007e000d7371007e0011000000000000000e740009524f4c455f524541447371007e000d7371007e0011000000000000001174000f435553544f4d45525f4352454154457371007e000d7371007e0011000000000000001f74000b524f4c455f5245414445527371007e000d7371007e0011000000000000001274000d435553544f4d45525f524541447371007e000d7371007e001100000000000000217400134f5247414e49534154494f4e5f5245414445527371007e000d7371007e0011000000000000002074000d504552534f4e5f5245414445527371007e000d7371007e0011000000000000001c74000e50524f445543545f44454c4554457371007e000d7371007e0011000000000000001b74000e50524f445543545f5550444154457371007e000d7371007e0011000000000000000374000c50415254595f5550444154457371007e000d7371007e0011000000000000000c7400134f5247414e49534154494f4e5f44454c4554457371007e000d7371007e0011000000000000001e74000c50415254595f5245414445527371007e000d7371007e0011000000000000000b7400134f5247414e49534154494f4e5f5550444154457371007e000d7371007e0011000000000000001a74000c50524f445543545f524541447371007e000d7371007e0011000000000000000674000b504552534f4e5f524541447371007e000d7371007e0011000000000000000d74000b524f4c455f4352454154457371007e000d7371007e0011000000000000001574000f535550504c4945525f4352454154457371007e000d7371007e0011000000000000000174000c50415254595f4352454154457371007e000d7371007e0011000000000000000f74000b524f4c455f5550444154457371007e000d7371007e0011000000000000001774000f535550504c4945525f5550444154457371007e000d7371007e001100000000000000097400134f5247414e49534154494f4e5f4352454154457371007e000d7371007e0011000000000000000474000c50415254595f44454c4554457371007e000d7371007e0011000000000000000574000d504552534f4e5f4352454154457871007e000c707372003a6f72672e737072696e676672616d65776f726b2e73656375726974792e6f61757468322e70726f76696465722e4f41757468325265717565737400000000000000010200075a0008617070726f7665644c000b617574686f72697469657371007e00044c000a657874656e73696f6e7374000f4c6a6176612f7574696c2f4d61703b4c000b726564697265637455726971007e000f4c00077265667265736874003b4c6f72672f737072696e676672616d65776f726b2f73656375726974792f6f61757468322f70726f76696465722f546f6b656e526571756573743b4c000b7265736f7572636549647374000f4c6a6176612f7574696c2f5365743b4c000d726573706f6e7365547970657371007e007e787200386f72672e737072696e676672616d65776f726b2e73656375726974792e6f61757468322e70726f76696465722e426173655265717565737436287a3ea37169bd0200034c0008636c69656e74496471007e000f4c001172657175657374506172616d657465727371007e007c4c000573636f706571007e007e7870740028737072696e672d73656375726974792d6f61757468322d726561642d77726974652d636c69656e74737200256a6176612e7574696c2e436f6c6c656374696f6e7324556e6d6f6469666961626c654d6170f1a5a8fe74f507420200014c00016d71007e007c7870737200116a6176612e7574696c2e486173684d61700507dac1c31660d103000246000a6c6f6164466163746f724900097468726573686f6c6478703f400000000000067708000000080000000374000a6772616e745f7479706574000870617373776f7264740009636c69656e745f6964740028737072696e672d73656375726974792d6f61757468322d726561642d77726974652d636c69656e74740008757365726e616d65740007626f6240626f6278737200256a6176612e7574696c2e436f6c6c656374696f6e7324556e6d6f6469666961626c65536574801d92d18f9b80550200007871007e0009737200176a6176612e7574696c2e4c696e6b656448617368536574d86cd75a95dd2a1e020000787200116a6176612e7574696c2e48617368536574ba44859596b8b7340300007870770c000000103f4000000000000274000472656164740005777269746578017371007e008f770c000000103f40000000000001737200426f72672e737072696e676672616d65776f726b2e73656375726974792e636f72652e617574686f726974792e53696d706c654772616e746564417574686f7269747900000000000002080200014c0004726f6c6571007e000f787074000455534552787371007e00843f40000000000000770800000010000000007870737200396f72672e737072696e676672616d65776f726b2e73656375726974792e6f61757468322e70726f76696465722e546f6b656e52657175657374d62a84b8cf38f8010200014c00096772616e745479706571007e000f7871007e007f740028737072696e672d73656375726974792d6f61757468322d726561642d77726974652d636c69656e747371007e00827371007e00843f400000000000037708000000040000000274000d726566726573685f746f6b656e74002431356436313538312d653031642d343165312d623138352d66666538383432356230626574000a6772616e745f7479706574000d726566726573685f746f6b656e787371007e008c7371007e008e770c000000103f400000000000007871007e00a07371007e008f770c000000103f400000000000017400187265736f757263652d7365727665722d726573742d617069787371007e008f770c000000103f40000000000000787372005b6f72672e737072696e676672616d65776f726b2e73656375726974792e7765622e61757468656e7469636174696f6e2e707265617574682e50726541757468656e7469636174656441757468656e7469636174696f6e546f6b656e00000000000002080200024c000b63726564656e7469616c7371007e00054c00097072696e636970616c71007e00057871007e0003017371007e00077371007e000b0000002377040000002371007e001071007e001571007e001871007e001b71007e001e71007e002171007e002471007e002771007e002a71007e002d71007e003071007e003371007e003671007e003971007e003c71007e003f71007e004271007e004571007e004871007e004b71007e004e71007e005171007e005471007e005771007e005a71007e005d71007e006071007e006371007e006671007e006971007e006c71007e006f71007e007271007e007571007e00787871007e00a9707400007372001b696f2e6e7a6265652e73656375726974792e757365722e55736572000000000000000102000b5a000e6163636f756e74457870697265645a000d6163636f756e744c6f636b65645a001263726564656e7469616c73457870697265645a0007656e61626c65645a000a69735573696e673246414c0002496471007e000e4c000870617373776f726471007e000f4c0005726f6c657371007e007e4c000673656372657471007e000f4c000975736572506172747974001d4c696f2f6e7a6265652f656e746974792f70617274792f50617274793b4c0008757365726e616d6571007e000f787000000001007371007e00110000000000038e4074003c243261243038243444544b41396167686333674a4d616e307a6a6e32652f55524b53613636374a586c5655727736705337394f7a4273776d3670714b7372002f6f72672e68696265726e6174652e636f6c6c656374696f6e2e696e7465726e616c2e50657273697374656e745365748b47ef79d4c9917d0200014c000373657471007e007e7872003e6f72672e68696265726e6174652e636f6c6c656374696f6e2e696e7465726e616c2e416273747261637450657273697374656e74436f6c6c656374696f6e5718b75d8aba735402000b5a001b616c6c6f774c6f61644f7574736964655472616e73616374696f6e49000a63616368656453697a655a000564697274795a000e656c656d656e7452656d6f7665645a000b696e697469616c697a65645a000d697354656d7053657373696f6e4c00036b65797400164c6a6176612f696f2f53657269616c697a61626c653b4c00056f776e657271007e00054c0004726f6c6571007e000f4c001273657373696f6e466163746f72795575696471007e000f4c000e73746f726564536e617073686f7471007e00b2787000ffffffff000001007371007e00110000000000038e4071007e00ad740021696f2e6e7a6265652e73656375726974792e757365722e557365722e726f6c6573707371007e00843f400000000000017708000000020000000173720024696f2e6e7a6265652e73656375726974792e757365722e726f6c652e55736572526f6c6500000000000000010200034c0002496471007e000e4c000b617574686f72697469657371007e007e4c00046e616d6571007e000f787071007e006a7371007e00b000ffffffff0000010071007e006a71007e00b8740030696f2e6e7a6265652e73656375726974792e757365722e726f6c652e55736572526f6c652e617574686f726974696573707371007e00843f400000000000307708000000400000002371007e001071007e001071007e001571007e001571007e001871007e001871007e001b71007e001b71007e001e71007e001e71007e002171007e002171007e002471007e002471007e002771007e002771007e002a71007e002a71007e002d71007e002d71007e003071007e003071007e003371007e003371007e003671007e003671007e003971007e003971007e003c71007e003c71007e003f71007e003f71007e004271007e004271007e004571007e004571007e004871007e004871007e004b71007e004b71007e004e71007e004e71007e005171007e005171007e005471007e005471007e005771007e005771007e005a71007e005a71007e005d71007e005d71007e006071007e006071007e006371007e006371007e006671007e006671007e006971007e006971007e006c71007e006c71007e006f71007e006f71007e007271007e007271007e007571007e007571007e007871007e0078787371007e008f770c000000403f4000000000002371007e001071007e001571007e001871007e001b71007e001e71007e002171007e002471007e002771007e002a71007e002d71007e003071007e003371007e003671007e003971007e003c71007e003f71007e004271007e004571007e004871007e004b71007e004e71007e005171007e005471007e005771007e005a71007e005d71007e006071007e006371007e006671007e006971007e006c71007e006f71007e007271007e007571007e00787874000541646d696e71007e00b8787371007e008f770c000000103f4000000000000171007e00b87870737200346f72672e68696265726e6174652e70726f78792e706f6a6f2e6279746562756464792e53657269616c697a61626c6550726f7879c8e2f1ffb619aa2e0200084c000f636f6d706f6e656e744964547970657400224c6f72672f68696265726e6174652f747970652f436f6d706f73697465547970653b4c001b6964656e7469666965724765747465724d6574686f64436c6173737400114c6a6176612f6c616e672f436c6173733b4c001a6964656e7469666965724765747465724d6574686f644e616d6571007e000f4c001b6964656e7469666965725365747465724d6574686f64436c61737371007e00c14c001a6964656e7469666965725365747465724d6574686f644e616d6571007e000f5b001c6964656e7469666965725365747465724d6574686f64506172616d737400125b4c6a6176612f6c616e672f436c6173733b5b000a696e746572666163657371007e00c24c000f70657273697374656e74436c61737371007e00c17872002d6f72672e68696265726e6174652e70726f78792e416273747261637453657269616c697a61626c6550726f7879926a2d5a450b04610200055a001b616c6c6f774c6f61644f7574736964655472616e73616374696f6e4c000a656e746974794e616d6571007e000f4c0002696471007e00b24c0008726561644f6e6c797400134c6a6176612f6c616e672f426f6f6c65616e3b4c001273657373696f6e466163746f72795575696471007e000f78700074001b696f2e6e7a6265652e656e746974792e70617274792e506172747971007e00ae7070707672001b696f2e6e7a6265652e656e746974792e70617274792e50617274790000000000000000000000787074000a6765745061727479496471007e00c874000a73657450617274794964757200125b4c6a6176612e6c616e672e436c6173733bab16d7aecbcd5a990200007870000000017671007e00117571007e00cb00000001767200226f72672e68696265726e6174652e70726f78792e48696265726e61746550726f7879517e3626971bbe22020000787071007e00c8740007626f6240626f62
40a151585cc7afff539a14f60d699ecb	\\xaced00057372004c6f72672e737072696e676672616d65776f726b2e73656375726974792e6f61757468322e636f6d6d6f6e2e44656661756c744578706972696e674f417574683252656672657368546f6b656e2fdf47639dd0c9b70200014c000a65787069726174696f6e7400104c6a6176612f7574696c2f446174653b787200446f72672e737072696e676672616d65776f726b2e73656375726974792e6f61757468322e636f6d6d6f6e2e44656661756c744f417574683252656672657368546f6b656e73e10e0a6354d45e0200014c000576616c75657400124c6a6176612f6c616e672f537472696e673b787074002438353137393064302d616564322d346235612d626235652d6130643965313332623539387372000e6a6176612e7574696c2e44617465686a81014b5974190300007870770800000174cf41c35d78	\\xaced0005737200416f72672e737072696e676672616d65776f726b2e73656375726974792e6f61757468322e70726f76696465722e4f417574683241757468656e7469636174696f6ebd400b02166252130200024c000d73746f7265645265717565737474003c4c6f72672f737072696e676672616d65776f726b2f73656375726974792f6f61757468322f70726f76696465722f4f4175746832526571756573743b4c00127573657241757468656e7469636174696f6e7400324c6f72672f737072696e676672616d65776f726b2f73656375726974792f636f72652f41757468656e7469636174696f6e3b787200476f72672e737072696e676672616d65776f726b2e73656375726974792e61757468656e7469636174696f6e2e416273747261637441757468656e7469636174696f6e546f6b656ed3aa287e6e47640e0200035a000d61757468656e746963617465644c000b617574686f7269746965737400164c6a6176612f7574696c2f436f6c6c656374696f6e3b4c000764657461696c737400124c6a6176612f6c616e672f4f626a6563743b787000737200266a6176612e7574696c2e436f6c6c656374696f6e7324556e6d6f6469666961626c654c697374fc0f2531b5ec8e100200014c00046c6973747400104c6a6176612f7574696c2f4c6973743b7872002c6a6176612e7574696c2e436f6c6c656374696f6e7324556e6d6f6469666961626c65436f6c6c656374696f6e19420080cb5ef71e0200014c00016371007e00047870737200136a6176612e7574696c2e41727261794c6973747881d21d99c7619d03000149000473697a6578700000002377040000002373720025696f2e6e7a6265652e73656375726974792e617574686f726974792e417574686f7269747900000000000000010200024c000269647400104c6a6176612f6c616e672f4c6f6e673b4c00046e616d657400124c6a6176612f6c616e672f537472696e673b78707372000e6a6176612e6c616e672e4c6f6e673b8be490cc8f23df0200014a000576616c7565787200106a6176612e6c616e672e4e756d62657286ac951d0b94e08b0200007870000000000000000774000d504552534f4e5f5550444154457371007e000d7371007e0011000000000000001274000d435553544f4d45525f524541447371007e000d7371007e0011000000000000002374000f535550504c4945525f5245414445527371007e000d7371007e0011000000000000001e74000c50415254595f5245414445527371007e000d7371007e001100000000000000217400134f5247414e49534154494f4e5f5245414445527371007e000d7371007e0011000000000000001f74000b524f4c455f5245414445527371007e000d7371007e0011000000000000000b7400134f5247414e49534154494f4e5f5550444154457371007e000d7371007e0011000000000000001374000f435553544f4d45525f5550444154457371007e000d7371007e0011000000000000000474000c50415254595f44454c4554457371007e000d7371007e0011000000000000000874000d504552534f4e5f44454c4554457371007e000d7371007e0011000000000000002074000d504552534f4e5f5245414445527371007e000d7371007e0011000000000000001874000f535550504c4945525f44454c4554457371007e000d7371007e0011000000000000000f74000b524f4c455f5550444154457371007e000d7371007e0011000000000000001574000f535550504c4945525f4352454154457371007e000d7371007e0011000000000000000674000b504552534f4e5f524541447371007e000d7371007e0011000000000000001074000b524f4c455f44454c4554457371007e000d7371007e0011000000000000001674000d535550504c4945525f524541447371007e000d7371007e0011000000000000000574000d504552534f4e5f4352454154457371007e000d7371007e0011000000000000001974000e50524f445543545f4352454154457371007e000d7371007e0011000000000000000e740009524f4c455f524541447371007e000d7371007e0011000000000000000a7400114f5247414e49534154494f4e5f524541447371007e000d7371007e0011000000000000000374000c50415254595f5550444154457371007e000d7371007e001100000000000000097400134f5247414e49534154494f4e5f4352454154457371007e000d7371007e0011000000000000001a74000c50524f445543545f524541447371007e000d7371007e0011000000000000001b74000e50524f445543545f5550444154457371007e000d7371007e0011000000000000000174000c50415254595f4352454154457371007e000d7371007e0011000000000000002274000f435553544f4d45525f5245414445527371007e000d7371007e0011000000000000001d74000e50524f445543545f5245414445527371007e000d7371007e0011000000000000001474000f435553544f4d45525f44454c4554457371007e000d7371007e0011000000000000001774000f535550504c4945525f5550444154457371007e000d7371007e0011000000000000000274000a50415254595f524541447371007e000d7371007e0011000000000000000d74000b524f4c455f4352454154457371007e000d7371007e0011000000000000001174000f435553544f4d45525f4352454154457371007e000d7371007e0011000000000000000c7400134f5247414e49534154494f4e5f44454c4554457371007e000d7371007e0011000000000000001c74000e50524f445543545f44454c4554457871007e000c707372003a6f72672e737072696e676672616d65776f726b2e73656375726974792e6f61757468322e70726f76696465722e4f41757468325265717565737400000000000000010200075a0008617070726f7665644c000b617574686f72697469657371007e00044c000a657874656e73696f6e7374000f4c6a6176612f7574696c2f4d61703b4c000b726564697265637455726971007e000f4c00077265667265736874003b4c6f72672f737072696e676672616d65776f726b2f73656375726974792f6f61757468322f70726f76696465722f546f6b656e526571756573743b4c000b7265736f7572636549647374000f4c6a6176612f7574696c2f5365743b4c000d726573706f6e7365547970657371007e007e787200386f72672e737072696e676672616d65776f726b2e73656375726974792e6f61757468322e70726f76696465722e426173655265717565737436287a3ea37169bd0200034c0008636c69656e74496471007e000f4c001172657175657374506172616d657465727371007e007c4c000573636f706571007e007e7870740028737072696e672d73656375726974792d6f61757468322d726561642d77726974652d636c69656e74737200256a6176612e7574696c2e436f6c6c656374696f6e7324556e6d6f6469666961626c654d6170f1a5a8fe74f507420200014c00016d71007e007c7870737200116a6176612e7574696c2e486173684d61700507dac1c31660d103000246000a6c6f6164466163746f724900097468726573686f6c6478703f400000000000067708000000080000000374000a6772616e745f7479706574000870617373776f7264740009636c69656e745f6964740028737072696e672d73656375726974792d6f61757468322d726561642d77726974652d636c69656e74740008757365726e616d6574000a6164616d406170706c6578737200256a6176612e7574696c2e436f6c6c656374696f6e7324556e6d6f6469666961626c65536574801d92d18f9b80550200007871007e0009737200176a6176612e7574696c2e4c696e6b656448617368536574d86cd75a95dd2a1e020000787200116a6176612e7574696c2e48617368536574ba44859596b8b7340300007870770c000000103f4000000000000274000472656164740005777269746578017371007e008f770c000000103f40000000000001737200426f72672e737072696e676672616d65776f726b2e73656375726974792e636f72652e617574686f726974792e53696d706c654772616e746564417574686f7269747900000000000002080200014c0004726f6c6571007e000f787074000455534552787371007e00843f40000000000000770800000010000000007870707371007e008f770c000000103f400000000000017400187265736f757263652d7365727665722d726573742d617069787371007e008f770c000000103f40000000000000787372004f6f72672e737072696e676672616d65776f726b2e73656375726974792e61757468656e7469636174696f6e2e557365726e616d6550617373776f726441757468656e7469636174696f6e546f6b656e00000000000002080200024c000b63726564656e7469616c7371007e00054c00097072696e636970616c71007e00057871007e0003017371007e00077371007e000b0000002377040000002371007e001071007e001571007e001871007e001b71007e001e71007e002171007e002471007e002771007e002a71007e002d71007e003071007e003371007e003671007e003971007e003c71007e003f71007e004271007e004571007e004871007e004b71007e004e71007e005171007e005471007e005771007e005a71007e005d71007e006071007e006371007e006671007e006971007e006c71007e006f71007e007271007e007571007e00787871007e009e737200176a6176612e7574696c2e4c696e6b6564486173684d617034c04e5c106cc0fb0200015a000b6163636573734f726465727871007e00843f400000000000067708000000080000000371007e008671007e008771007e008871007e008971007e008a71007e008b7800707372001b696f2e6e7a6265652e73656375726974792e757365722e55736572000000000000000102000b5a000e6163636f756e74457870697265645a000d6163636f756e744c6f636b65645a001263726564656e7469616c73457870697265645a0007656e61626c65645a000a69735573696e673246414c0002496471007e000e4c000870617373776f726471007e000f4c0005726f6c657371007e007e4c000673656372657471007e000f4c000975736572506172747974001d4c696f2f6e7a6265652f656e746974792f70617274792f50617274793b4c0008757365726e616d6571007e000f787000000001007371007e00110000000000038e3874003c24326124303824726f674d4d642f764a35366130386c714f6c7a4172756a6951524e312e3261767a43514c74444f514238516358596f73366d7873797372002f6f72672e68696265726e6174652e636f6c6c656374696f6e2e696e7465726e616c2e50657273697374656e745365748b47ef79d4c9917d0200014c000373657471007e007e7872003e6f72672e68696265726e6174652e636f6c6c656374696f6e2e696e7465726e616c2e416273747261637450657273697374656e74436f6c6c656374696f6e5718b75d8aba735402000b5a001b616c6c6f774c6f61644f7574736964655472616e73616374696f6e49000a63616368656453697a655a000564697274795a000e656c656d656e7452656d6f7665645a000b696e697469616c697a65645a000d697354656d7053657373696f6e4c00036b65797400164c6a6176612f696f2f53657269616c697a61626c653b4c00056f776e657271007e00054c0004726f6c6571007e000f4c001273657373696f6e466163746f72795575696471007e000f4c000e73746f726564536e617073686f7471007e00a8787000ffffffff000001007371007e00110000000000038e3871007e00a3740021696f2e6e7a6265652e73656375726974792e757365722e557365722e726f6c6573707371007e00843f400000000000017708000000020000000173720024696f2e6e7a6265652e73656375726974792e757365722e726f6c652e55736572526f6c6500000000000000010200034c0002496471007e000e4c000b617574686f72697469657371007e007e4c00046e616d6571007e000f787071007e005e7371007e00a600ffffffff0000010071007e005e71007e00ae740030696f2e6e7a6265652e73656375726974792e757365722e726f6c652e55736572526f6c652e617574686f726974696573707371007e00843f400000000000307708000000400000002371007e001071007e001071007e001571007e001571007e001871007e001871007e001b71007e001b71007e001e71007e001e71007e002171007e002171007e002471007e002471007e002771007e002771007e002a71007e002a71007e002d71007e002d71007e003071007e003071007e003371007e003371007e003671007e003671007e003971007e003971007e003c71007e003c71007e003f71007e003f71007e004271007e004271007e004571007e004571007e004871007e004871007e004b71007e004b71007e004e71007e004e71007e005171007e005171007e005471007e005471007e005771007e005771007e005a71007e005a71007e005d71007e005d71007e006071007e006071007e006371007e006371007e006671007e006671007e006971007e006971007e006c71007e006c71007e006f71007e006f71007e007271007e007271007e007571007e007571007e007871007e0078787371007e008f770c000000403f4000000000002371007e001071007e001571007e001871007e001b71007e001e71007e002171007e002471007e002771007e002a71007e002d71007e003071007e003371007e003671007e003971007e003c71007e003f71007e004271007e004571007e004871007e004b71007e004e71007e005171007e005471007e005771007e005a71007e005d71007e006071007e006371007e006671007e006971007e006c71007e006f71007e007271007e007571007e00787874000541646d696e71007e00ae787371007e008f770c000000103f4000000000000171007e00ae7870737200346f72672e68696265726e6174652e70726f78792e706f6a6f2e6279746562756464792e53657269616c697a61626c6550726f7879c8e2f1ffb619aa2e0200084c000f636f6d706f6e656e744964547970657400224c6f72672f68696265726e6174652f747970652f436f6d706f73697465547970653b4c001b6964656e7469666965724765747465724d6574686f64436c6173737400114c6a6176612f6c616e672f436c6173733b4c001a6964656e7469666965724765747465724d6574686f644e616d6571007e000f4c001b6964656e7469666965725365747465724d6574686f64436c61737371007e00b74c001a6964656e7469666965725365747465724d6574686f644e616d6571007e000f5b001c6964656e7469666965725365747465724d6574686f64506172616d737400125b4c6a6176612f6c616e672f436c6173733b5b000a696e746572666163657371007e00b84c000f70657273697374656e74436c61737371007e00b77872002d6f72672e68696265726e6174652e70726f78792e416273747261637453657269616c697a61626c6550726f7879926a2d5a450b04610200055a001b616c6c6f774c6f61644f7574736964655472616e73616374696f6e4c000a656e746974794e616d6571007e000f4c0002696471007e00a84c0008726561644f6e6c797400134c6a6176612f6c616e672f426f6f6c65616e3b4c001273657373696f6e466163746f72795575696471007e000f78700074001b696f2e6e7a6265652e656e746974792e70617274792e506172747971007e00a47070707672001b696f2e6e7a6265652e656e746974792e70617274792e50617274790000000000000000000000787074000a6765745061727479496471007e00be74000a73657450617274794964757200125b4c6a6176612e6c616e672e436c6173733bab16d7aecbcd5a990200007870000000017671007e00117571007e00c100000001767200226f72672e68696265726e6174652e70726f78792e48696265726e61746550726f7879517e3626971bbe22020000787071007e00be74000a6164616d406170706c65
98f9fbbeb0b8a6b95f09c4814fbaa64f	\\xaced00057372004c6f72672e737072696e676672616d65776f726b2e73656375726974792e6f61757468322e636f6d6d6f6e2e44656661756c744578706972696e674f417574683252656672657368546f6b656e2fdf47639dd0c9b70200014c000a65787069726174696f6e7400104c6a6176612f7574696c2f446174653b787200446f72672e737072696e676672616d65776f726b2e73656375726974792e6f61757468322e636f6d6d6f6e2e44656661756c744f417574683252656672657368546f6b656e73e10e0a6354d45e0200014c000576616c75657400124c6a6176612f6c616e672f537472696e673b787074002464323965373864632d306138622d346532622d383634322d6266386163346334663935617372000e6a6176612e7574696c2e44617465686a81014b59741903000078707708000001755fb0d6a778	\\xaced0005737200416f72672e737072696e676672616d65776f726b2e73656375726974792e6f61757468322e70726f76696465722e4f417574683241757468656e7469636174696f6ebd400b02166252130200024c000d73746f7265645265717565737474003c4c6f72672f737072696e676672616d65776f726b2f73656375726974792f6f61757468322f70726f76696465722f4f4175746832526571756573743b4c00127573657241757468656e7469636174696f6e7400324c6f72672f737072696e676672616d65776f726b2f73656375726974792f636f72652f41757468656e7469636174696f6e3b787200476f72672e737072696e676672616d65776f726b2e73656375726974792e61757468656e7469636174696f6e2e416273747261637441757468656e7469636174696f6e546f6b656ed3aa287e6e47640e0200035a000d61757468656e746963617465644c000b617574686f7269746965737400164c6a6176612f7574696c2f436f6c6c656374696f6e3b4c000764657461696c737400124c6a6176612f6c616e672f4f626a6563743b787000737200266a6176612e7574696c2e436f6c6c656374696f6e7324556e6d6f6469666961626c654c697374fc0f2531b5ec8e100200014c00046c6973747400104c6a6176612f7574696c2f4c6973743b7872002c6a6176612e7574696c2e436f6c6c656374696f6e7324556e6d6f6469666961626c65436f6c6c656374696f6e19420080cb5ef71e0200014c00016371007e00047870737200136a6176612e7574696c2e41727261794c6973747881d21d99c7619d03000149000473697a6578700000002377040000002373720025696f2e6e7a6265652e73656375726974792e617574686f726974792e417574686f7269747900000000000000010200024c000269647400104c6a6176612f6c616e672f4c6f6e673b4c00046e616d657400124c6a6176612f6c616e672f537472696e673b78707372000e6a6176612e6c616e672e4c6f6e673b8be490cc8f23df0200014a000576616c7565787200106a6176612e6c616e672e4e756d62657286ac951d0b94e08b0200007870000000000000001774000f535550504c4945525f5550444154457371007e000d7371007e0011000000000000000674000b504552534f4e5f524541447371007e000d7371007e0011000000000000001374000f435553544f4d45525f5550444154457371007e000d7371007e0011000000000000001b74000e50524f445543545f5550444154457371007e000d7371007e0011000000000000001874000f535550504c4945525f44454c4554457371007e000d7371007e0011000000000000001974000e50524f445543545f4352454154457371007e000d7371007e0011000000000000001f74000b524f4c455f5245414445527371007e000d7371007e0011000000000000000b7400134f5247414e49534154494f4e5f5550444154457371007e000d7371007e0011000000000000001574000f535550504c4945525f4352454154457371007e000d7371007e0011000000000000000474000c50415254595f44454c4554457371007e000d7371007e0011000000000000000e740009524f4c455f524541447371007e000d7371007e0011000000000000001474000f435553544f4d45525f44454c4554457371007e000d7371007e0011000000000000000174000c50415254595f4352454154457371007e000d7371007e0011000000000000000774000d504552534f4e5f5550444154457371007e000d7371007e001100000000000000097400134f5247414e49534154494f4e5f4352454154457371007e000d7371007e0011000000000000000d74000b524f4c455f4352454154457371007e000d7371007e0011000000000000001674000d535550504c4945525f524541447371007e000d7371007e0011000000000000002074000d504552534f4e5f5245414445527371007e000d7371007e0011000000000000000274000a50415254595f524541447371007e000d7371007e0011000000000000002374000f535550504c4945525f5245414445527371007e000d7371007e0011000000000000000574000d504552534f4e5f4352454154457371007e000d7371007e0011000000000000000f74000b524f4c455f5550444154457371007e000d7371007e0011000000000000001c74000e50524f445543545f44454c4554457371007e000d7371007e001100000000000000217400134f5247414e49534154494f4e5f5245414445527371007e000d7371007e0011000000000000001a74000c50524f445543545f524541447371007e000d7371007e0011000000000000002274000f435553544f4d45525f5245414445527371007e000d7371007e0011000000000000001d74000e50524f445543545f5245414445527371007e000d7371007e0011000000000000000c7400134f5247414e49534154494f4e5f44454c4554457371007e000d7371007e0011000000000000000374000c50415254595f5550444154457371007e000d7371007e0011000000000000000a7400114f5247414e49534154494f4e5f524541447371007e000d7371007e0011000000000000001174000f435553544f4d45525f4352454154457371007e000d7371007e0011000000000000000874000d504552534f4e5f44454c4554457371007e000d7371007e0011000000000000001074000b524f4c455f44454c4554457371007e000d7371007e0011000000000000001274000d435553544f4d45525f524541447371007e000d7371007e0011000000000000001e74000c50415254595f5245414445527871007e000c707372003a6f72672e737072696e676672616d65776f726b2e73656375726974792e6f61757468322e70726f76696465722e4f41757468325265717565737400000000000000010200075a0008617070726f7665644c000b617574686f72697469657371007e00044c000a657874656e73696f6e7374000f4c6a6176612f7574696c2f4d61703b4c000b726564697265637455726971007e000f4c00077265667265736874003b4c6f72672f737072696e676672616d65776f726b2f73656375726974792f6f61757468322f70726f76696465722f546f6b656e526571756573743b4c000b7265736f7572636549647374000f4c6a6176612f7574696c2f5365743b4c000d726573706f6e7365547970657371007e007e787200386f72672e737072696e676672616d65776f726b2e73656375726974792e6f61757468322e70726f76696465722e426173655265717565737436287a3ea37169bd0200034c0008636c69656e74496471007e000f4c001172657175657374506172616d657465727371007e007c4c000573636f706571007e007e7870740028737072696e672d73656375726974792d6f61757468322d726561642d77726974652d636c69656e74737200256a6176612e7574696c2e436f6c6c656374696f6e7324556e6d6f6469666961626c654d6170f1a5a8fe74f507420200014c00016d71007e007c7870737200116a6176612e7574696c2e486173684d61700507dac1c31660d103000246000a6c6f6164466163746f724900097468726573686f6c6478703f400000000000067708000000080000000374000a6772616e745f7479706574000870617373776f7264740009636c69656e745f6964740028737072696e672d73656375726974792d6f61757468322d726561642d77726974652d636c69656e74740008757365726e616d6574000a6164616d406170706c6578737200256a6176612e7574696c2e436f6c6c656374696f6e7324556e6d6f6469666961626c65536574801d92d18f9b80550200007871007e0009737200176a6176612e7574696c2e4c696e6b656448617368536574d86cd75a95dd2a1e020000787200116a6176612e7574696c2e48617368536574ba44859596b8b7340300007870770c000000103f4000000000000274000472656164740005777269746578017371007e008f770c000000103f40000000000001737200426f72672e737072696e676672616d65776f726b2e73656375726974792e636f72652e617574686f726974792e53696d706c654772616e746564417574686f7269747900000000000002080200014c0004726f6c6571007e000f787074000455534552787371007e00843f40000000000000770800000010000000007870707371007e008f770c000000103f400000000000017400187265736f757263652d7365727665722d726573742d617069787371007e008f770c000000103f40000000000000787372004f6f72672e737072696e676672616d65776f726b2e73656375726974792e61757468656e7469636174696f6e2e557365726e616d6550617373776f726441757468656e7469636174696f6e546f6b656e00000000000002080200024c000b63726564656e7469616c7371007e00054c00097072696e636970616c71007e00057871007e0003017371007e00077371007e000b0000002377040000002371007e001071007e001571007e001871007e001b71007e001e71007e002171007e002471007e002771007e002a71007e002d71007e003071007e003371007e003671007e003971007e003c71007e003f71007e004271007e004571007e004871007e004b71007e004e71007e005171007e005471007e005771007e005a71007e005d71007e006071007e006371007e006671007e006971007e006c71007e006f71007e007271007e007571007e00787871007e009e737200176a6176612e7574696c2e4c696e6b6564486173684d617034c04e5c106cc0fb0200015a000b6163636573734f726465727871007e00843f400000000000067708000000080000000371007e008671007e008771007e008871007e008971007e008a71007e008b7800707372001b696f2e6e7a6265652e73656375726974792e757365722e55736572000000000000000102000b5a000e6163636f756e74457870697265645a000d6163636f756e744c6f636b65645a001263726564656e7469616c73457870697265645a0007656e61626c65645a000a69735573696e673246414c0002496471007e000e4c000870617373776f726471007e000f4c0005726f6c657371007e007e4c000673656372657471007e000f4c000975736572506172747974001d4c696f2f6e7a6265652f656e746974792f70617274792f50617274793b4c0008757365726e616d6571007e000f787000000001007371007e00110000000000038e3874003c24326124303824726f674d4d642f764a35366130386c714f6c7a4172756a6951524e312e3261767a43514c74444f514238516358596f73366d7873797372002f6f72672e68696265726e6174652e636f6c6c656374696f6e2e696e7465726e616c2e50657273697374656e745365748b47ef79d4c9917d0200014c000373657471007e007e7872003e6f72672e68696265726e6174652e636f6c6c656374696f6e2e696e7465726e616c2e416273747261637450657273697374656e74436f6c6c656374696f6e5718b75d8aba735402000b5a001b616c6c6f774c6f61644f7574736964655472616e73616374696f6e49000a63616368656453697a655a000564697274795a000e656c656d656e7452656d6f7665645a000b696e697469616c697a65645a000d697354656d7053657373696f6e4c00036b65797400164c6a6176612f696f2f53657269616c697a61626c653b4c00056f776e657271007e00054c0004726f6c6571007e000f4c001273657373696f6e466163746f72795575696471007e000f4c000e73746f726564536e617073686f7471007e00a8787000ffffffff000001007371007e00110000000000038e3871007e00a3740021696f2e6e7a6265652e73656375726974792e757365722e557365722e726f6c6573707371007e00843f400000000000017708000000020000000173720024696f2e6e7a6265652e73656375726974792e757365722e726f6c652e55736572526f6c6500000000000000010200034c0002496471007e000e4c000b617574686f72697469657371007e007e4c00046e616d6571007e000f787071007e00377371007e00a600ffffffff0000010071007e003771007e00ae740030696f2e6e7a6265652e73656375726974792e757365722e726f6c652e55736572526f6c652e617574686f726974696573707371007e00843f400000000000307708000000400000002371007e001071007e001071007e001571007e001571007e001871007e001871007e001b71007e001b71007e001e71007e001e71007e002171007e002171007e002471007e002471007e002771007e002771007e002a71007e002a71007e002d71007e002d71007e003071007e003071007e003371007e003371007e003671007e003671007e003971007e003971007e003c71007e003c71007e003f71007e003f71007e004271007e004271007e004571007e004571007e004871007e004871007e004b71007e004b71007e004e71007e004e71007e005171007e005171007e005471007e005471007e005771007e005771007e005a71007e005a71007e005d71007e005d71007e006071007e006071007e006371007e006371007e006671007e006671007e006971007e006971007e006c71007e006c71007e006f71007e006f71007e007271007e007271007e007571007e007571007e007871007e0078787371007e008f770c000000403f4000000000002371007e001071007e001571007e001871007e001b71007e001e71007e002171007e002471007e002771007e002a71007e002d71007e003071007e003371007e003671007e003971007e003c71007e003f71007e004271007e004571007e004871007e004b71007e004e71007e005171007e005471007e005771007e005a71007e005d71007e006071007e006371007e006671007e006971007e006c71007e006f71007e007271007e007571007e00787874000541646d696e71007e00ae787371007e008f770c000000103f4000000000000171007e00ae7870737200346f72672e68696265726e6174652e70726f78792e706f6a6f2e6279746562756464792e53657269616c697a61626c6550726f7879c8e2f1ffb619aa2e0200084c000f636f6d706f6e656e744964547970657400224c6f72672f68696265726e6174652f747970652f436f6d706f73697465547970653b4c001b6964656e7469666965724765747465724d6574686f64436c6173737400114c6a6176612f6c616e672f436c6173733b4c001a6964656e7469666965724765747465724d6574686f644e616d6571007e000f4c001b6964656e7469666965725365747465724d6574686f64436c61737371007e00b74c001a6964656e7469666965725365747465724d6574686f644e616d6571007e000f5b001c6964656e7469666965725365747465724d6574686f64506172616d737400125b4c6a6176612f6c616e672f436c6173733b5b000a696e746572666163657371007e00b84c000f70657273697374656e74436c61737371007e00b77872002d6f72672e68696265726e6174652e70726f78792e416273747261637453657269616c697a61626c6550726f7879926a2d5a450b04610200055a001b616c6c6f774c6f61644f7574736964655472616e73616374696f6e4c000a656e746974794e616d6571007e000f4c0002696471007e00a84c0008726561644f6e6c797400134c6a6176612f6c616e672f426f6f6c65616e3b4c001273657373696f6e466163746f72795575696471007e000f78700074001b696f2e6e7a6265652e656e746974792e70617274792e506172747971007e00a47070707672001b696f2e6e7a6265652e656e746974792e70617274792e50617274790000000000000000000000787074000a6765745061727479496471007e00be74000a73657450617274794964757200125b4c6a6176612e6c616e672e436c6173733bab16d7aecbcd5a990200007870000000017671007e00117571007e00c100000001767200226f72672e68696265726e6174652e70726f78792e48696265726e61746550726f7879517e3626971bbe22020000787071007e00be74000a6164616d406170706c65
d5de54861a7506fe30637353f0165461	\\xaced00057372004c6f72672e737072696e676672616d65776f726b2e73656375726974792e6f61757468322e636f6d6d6f6e2e44656661756c744578706972696e674f417574683252656672657368546f6b656e2fdf47639dd0c9b70200014c000a65787069726174696f6e7400104c6a6176612f7574696c2f446174653b787200446f72672e737072696e676672616d65776f726b2e73656375726974792e6f61757468322e636f6d6d6f6e2e44656661756c744f417574683252656672657368546f6b656e73e10e0a6354d45e0200014c000576616c75657400124c6a6176612f6c616e672f537472696e673b787074002466646664383736302d623064302d346338362d386338392d3635646662383631663038307372000e6a6176612e7574696c2e44617465686a81014b59741903000078707708000001755fc0863a78	\\xaced0005737200416f72672e737072696e676672616d65776f726b2e73656375726974792e6f61757468322e70726f76696465722e4f417574683241757468656e7469636174696f6ebd400b02166252130200024c000d73746f7265645265717565737474003c4c6f72672f737072696e676672616d65776f726b2f73656375726974792f6f61757468322f70726f76696465722f4f4175746832526571756573743b4c00127573657241757468656e7469636174696f6e7400324c6f72672f737072696e676672616d65776f726b2f73656375726974792f636f72652f41757468656e7469636174696f6e3b787200476f72672e737072696e676672616d65776f726b2e73656375726974792e61757468656e7469636174696f6e2e416273747261637441757468656e7469636174696f6e546f6b656ed3aa287e6e47640e0200035a000d61757468656e746963617465644c000b617574686f7269746965737400164c6a6176612f7574696c2f436f6c6c656374696f6e3b4c000764657461696c737400124c6a6176612f6c616e672f4f626a6563743b787000737200266a6176612e7574696c2e436f6c6c656374696f6e7324556e6d6f6469666961626c654c697374fc0f2531b5ec8e100200014c00046c6973747400104c6a6176612f7574696c2f4c6973743b7872002c6a6176612e7574696c2e436f6c6c656374696f6e7324556e6d6f6469666961626c65436f6c6c656374696f6e19420080cb5ef71e0200014c00016371007e00047870737200136a6176612e7574696c2e41727261794c6973747881d21d99c7619d03000149000473697a6578700000002377040000002373720025696f2e6e7a6265652e73656375726974792e617574686f726974792e417574686f7269747900000000000000010200024c000269647400104c6a6176612f6c616e672f4c6f6e673b4c00046e616d657400124c6a6176612f6c616e672f537472696e673b78707372000e6a6176612e6c616e672e4c6f6e673b8be490cc8f23df0200014a000576616c7565787200106a6176612e6c616e672e4e756d62657286ac951d0b94e08b0200007870000000000000000c7400134f5247414e49534154494f4e5f44454c4554457371007e000d7371007e0011000000000000001374000f435553544f4d45525f5550444154457371007e000d7371007e0011000000000000001874000f535550504c4945525f44454c4554457371007e000d7371007e0011000000000000002074000d504552534f4e5f5245414445527371007e000d7371007e0011000000000000000174000c50415254595f4352454154457371007e000d7371007e0011000000000000000e740009524f4c455f524541447371007e000d7371007e0011000000000000001574000f535550504c4945525f4352454154457371007e000d7371007e0011000000000000000474000c50415254595f44454c4554457371007e000d7371007e0011000000000000001274000d435553544f4d45525f524541447371007e000d7371007e0011000000000000001e74000c50415254595f5245414445527371007e000d7371007e0011000000000000002274000f435553544f4d45525f5245414445527371007e000d7371007e0011000000000000001174000f435553544f4d45525f4352454154457371007e000d7371007e0011000000000000002374000f535550504c4945525f5245414445527371007e000d7371007e0011000000000000000274000a50415254595f524541447371007e000d7371007e0011000000000000000d74000b524f4c455f4352454154457371007e000d7371007e0011000000000000000f74000b524f4c455f5550444154457371007e000d7371007e001100000000000000097400134f5247414e49534154494f4e5f4352454154457371007e000d7371007e0011000000000000000574000d504552534f4e5f4352454154457371007e000d7371007e0011000000000000001b74000e50524f445543545f5550444154457371007e000d7371007e0011000000000000001f74000b524f4c455f5245414445527371007e000d7371007e0011000000000000001a74000c50524f445543545f524541447371007e000d7371007e0011000000000000001c74000e50524f445543545f44454c4554457371007e000d7371007e0011000000000000000374000c50415254595f5550444154457371007e000d7371007e0011000000000000001674000d535550504c4945525f524541447371007e000d7371007e0011000000000000000774000d504552534f4e5f5550444154457371007e000d7371007e0011000000000000001974000e50524f445543545f4352454154457371007e000d7371007e0011000000000000000b7400134f5247414e49534154494f4e5f5550444154457371007e000d7371007e0011000000000000000a7400114f5247414e49534154494f4e5f524541447371007e000d7371007e0011000000000000001774000f535550504c4945525f5550444154457371007e000d7371007e0011000000000000001074000b524f4c455f44454c4554457371007e000d7371007e0011000000000000000674000b504552534f4e5f524541447371007e000d7371007e001100000000000000217400134f5247414e49534154494f4e5f5245414445527371007e000d7371007e0011000000000000000874000d504552534f4e5f44454c4554457371007e000d7371007e0011000000000000001d74000e50524f445543545f5245414445527371007e000d7371007e0011000000000000001474000f435553544f4d45525f44454c4554457871007e000c707372003a6f72672e737072696e676672616d65776f726b2e73656375726974792e6f61757468322e70726f76696465722e4f41757468325265717565737400000000000000010200075a0008617070726f7665644c000b617574686f72697469657371007e00044c000a657874656e73696f6e7374000f4c6a6176612f7574696c2f4d61703b4c000b726564697265637455726971007e000f4c00077265667265736874003b4c6f72672f737072696e676672616d65776f726b2f73656375726974792f6f61757468322f70726f76696465722f546f6b656e526571756573743b4c000b7265736f7572636549647374000f4c6a6176612f7574696c2f5365743b4c000d726573706f6e7365547970657371007e007e787200386f72672e737072696e676672616d65776f726b2e73656375726974792e6f61757468322e70726f76696465722e426173655265717565737436287a3ea37169bd0200034c0008636c69656e74496471007e000f4c001172657175657374506172616d657465727371007e007c4c000573636f706571007e007e7870740028737072696e672d73656375726974792d6f61757468322d726561642d77726974652d636c69656e74737200256a6176612e7574696c2e436f6c6c656374696f6e7324556e6d6f6469666961626c654d6170f1a5a8fe74f507420200014c00016d71007e007c7870737200116a6176612e7574696c2e486173684d61700507dac1c31660d103000246000a6c6f6164466163746f724900097468726573686f6c6478703f400000000000067708000000080000000374000a6772616e745f7479706574000870617373776f7264740009636c69656e745f6964740028737072696e672d73656375726974792d6f61757468322d726561642d77726974652d636c69656e74740008757365726e616d6574000a6164616d406170706c6578737200256a6176612e7574696c2e436f6c6c656374696f6e7324556e6d6f6469666961626c65536574801d92d18f9b80550200007871007e0009737200176a6176612e7574696c2e4c696e6b656448617368536574d86cd75a95dd2a1e020000787200116a6176612e7574696c2e48617368536574ba44859596b8b7340300007870770c000000103f4000000000000274000472656164740005777269746578017371007e008f770c000000103f40000000000001737200426f72672e737072696e676672616d65776f726b2e73656375726974792e636f72652e617574686f726974792e53696d706c654772616e746564417574686f7269747900000000000002080200014c0004726f6c6571007e000f787074000455534552787371007e00843f40000000000000770800000010000000007870707371007e008f770c000000103f400000000000017400187265736f757263652d7365727665722d726573742d617069787371007e008f770c000000103f40000000000000787372004f6f72672e737072696e676672616d65776f726b2e73656375726974792e61757468656e7469636174696f6e2e557365726e616d6550617373776f726441757468656e7469636174696f6e546f6b656e00000000000002080200024c000b63726564656e7469616c7371007e00054c00097072696e636970616c71007e00057871007e0003017371007e00077371007e000b0000002377040000002371007e001071007e001571007e001871007e001b71007e001e71007e002171007e002471007e002771007e002a71007e002d71007e003071007e003371007e003671007e003971007e003c71007e003f71007e004271007e004571007e004871007e004b71007e004e71007e005171007e005471007e005771007e005a71007e005d71007e006071007e006371007e006671007e006971007e006c71007e006f71007e007271007e007571007e00787871007e009e737200176a6176612e7574696c2e4c696e6b6564486173684d617034c04e5c106cc0fb0200015a000b6163636573734f726465727871007e00843f400000000000067708000000080000000371007e008671007e008771007e008871007e008971007e008a71007e008b7800707372001b696f2e6e7a6265652e73656375726974792e757365722e55736572000000000000000102000b5a000e6163636f756e74457870697265645a000d6163636f756e744c6f636b65645a001263726564656e7469616c73457870697265645a0007656e61626c65645a000a69735573696e673246414c0002496471007e000e4c000870617373776f726471007e000f4c0005726f6c657371007e007e4c000673656372657471007e000f4c000975736572506172747974001d4c696f2f6e7a6265652f656e746974792f70617274792f50617274793b4c0008757365726e616d6571007e000f787000000001007371007e00110000000000038e3874003c24326124303824726f674d4d642f764a35366130386c714f6c7a4172756a6951524e312e3261767a43514c74444f514238516358596f73366d7873797372002f6f72672e68696265726e6174652e636f6c6c656374696f6e2e696e7465726e616c2e50657273697374656e745365748b47ef79d4c9917d0200014c000373657471007e007e7872003e6f72672e68696265726e6174652e636f6c6c656374696f6e2e696e7465726e616c2e416273747261637450657273697374656e74436f6c6c656374696f6e5718b75d8aba735402000b5a001b616c6c6f774c6f61644f7574736964655472616e73616374696f6e49000a63616368656453697a655a000564697274795a000e656c656d656e7452656d6f7665645a000b696e697469616c697a65645a000d697354656d7053657373696f6e4c00036b65797400164c6a6176612f696f2f53657269616c697a61626c653b4c00056f776e657271007e00054c0004726f6c6571007e000f4c001273657373696f6e466163746f72795575696471007e000f4c000e73746f726564536e617073686f7471007e00a8787000ffffffff000001007371007e00110000000000038e3871007e00a3740021696f2e6e7a6265652e73656375726974792e757365722e557365722e726f6c6573707371007e00843f400000000000017708000000020000000173720024696f2e6e7a6265652e73656375726974792e757365722e726f6c652e55736572526f6c6500000000000000010200034c0002496471007e000e4c000b617574686f72697469657371007e007e4c00046e616d6571007e000f787071007e001f7371007e00a600ffffffff0000010071007e001f71007e00ae740030696f2e6e7a6265652e73656375726974792e757365722e726f6c652e55736572526f6c652e617574686f726974696573707371007e00843f400000000000307708000000400000002371007e001071007e001071007e001571007e001571007e001871007e001871007e001b71007e001b71007e001e71007e001e71007e002171007e002171007e002471007e002471007e002771007e002771007e002a71007e002a71007e002d71007e002d71007e003071007e003071007e003371007e003371007e003671007e003671007e003971007e003971007e003c71007e003c71007e003f71007e003f71007e004271007e004271007e004571007e004571007e004871007e004871007e004b71007e004b71007e004e71007e004e71007e005171007e005171007e005471007e005471007e005771007e005771007e005a71007e005a71007e005d71007e005d71007e006071007e006071007e006371007e006371007e006671007e006671007e006971007e006971007e006c71007e006c71007e006f71007e006f71007e007271007e007271007e007571007e007571007e007871007e0078787371007e008f770c000000403f4000000000002371007e001071007e001571007e001871007e001b71007e001e71007e002171007e002471007e002771007e002a71007e002d71007e003071007e003371007e003671007e003971007e003c71007e003f71007e004271007e004571007e004871007e004b71007e004e71007e005171007e005471007e005771007e005a71007e005d71007e006071007e006371007e006671007e006971007e006c71007e006f71007e007271007e007571007e00787874000541646d696e71007e00ae787371007e008f770c000000103f4000000000000171007e00ae7870737200346f72672e68696265726e6174652e70726f78792e706f6a6f2e6279746562756464792e53657269616c697a61626c6550726f7879c8e2f1ffb619aa2e0200084c000f636f6d706f6e656e744964547970657400224c6f72672f68696265726e6174652f747970652f436f6d706f73697465547970653b4c001b6964656e7469666965724765747465724d6574686f64436c6173737400114c6a6176612f6c616e672f436c6173733b4c001a6964656e7469666965724765747465724d6574686f644e616d6571007e000f4c001b6964656e7469666965725365747465724d6574686f64436c61737371007e00b74c001a6964656e7469666965725365747465724d6574686f644e616d6571007e000f5b001c6964656e7469666965725365747465724d6574686f64506172616d737400125b4c6a6176612f6c616e672f436c6173733b5b000a696e746572666163657371007e00b84c000f70657273697374656e74436c61737371007e00b77872002d6f72672e68696265726e6174652e70726f78792e416273747261637453657269616c697a61626c6550726f7879926a2d5a450b04610200055a001b616c6c6f774c6f61644f7574736964655472616e73616374696f6e4c000a656e746974794e616d6571007e000f4c0002696471007e00a84c0008726561644f6e6c797400134c6a6176612f6c616e672f426f6f6c65616e3b4c001273657373696f6e466163746f72795575696471007e000f78700074001b696f2e6e7a6265652e656e746974792e70617274792e506172747971007e00a47070707672001b696f2e6e7a6265652e656e746974792e70617274792e50617274790000000000000000000000787074000a6765745061727479496471007e00be74000a73657450617274794964757200125b4c6a6176612e6c616e672e436c6173733bab16d7aecbcd5a990200007870000000017671007e00117571007e00c100000001767200226f72672e68696265726e6174652e70726f78792e48696265726e61746550726f7879517e3626971bbe22020000787071007e00be74000a6164616d406170706c65
d9a979cab2859cca94295f672a0dd69d	\\xaced00057372004c6f72672e737072696e676672616d65776f726b2e73656375726974792e6f61757468322e636f6d6d6f6e2e44656661756c744578706972696e674f417574683252656672657368546f6b656e2fdf47639dd0c9b70200014c000a65787069726174696f6e7400104c6a6176612f7574696c2f446174653b787200446f72672e737072696e676672616d65776f726b2e73656375726974792e6f61757468322e636f6d6d6f6e2e44656661756c744f417574683252656672657368546f6b656e73e10e0a6354d45e0200014c000576616c75657400124c6a6176612f6c616e672f537472696e673b787074002432316261663965622d643031392d343965392d623865352d6637646232383038393931657372000e6a6176612e7574696c2e44617465686a81014b5974190300007870770800000176a80a826f78	\\xaced0005737200416f72672e737072696e676672616d65776f726b2e73656375726974792e6f61757468322e70726f76696465722e4f417574683241757468656e7469636174696f6ebd400b02166252130200024c000d73746f7265645265717565737474003c4c6f72672f737072696e676672616d65776f726b2f73656375726974792f6f61757468322f70726f76696465722f4f4175746832526571756573743b4c00127573657241757468656e7469636174696f6e7400324c6f72672f737072696e676672616d65776f726b2f73656375726974792f636f72652f41757468656e7469636174696f6e3b787200476f72672e737072696e676672616d65776f726b2e73656375726974792e61757468656e7469636174696f6e2e416273747261637441757468656e7469636174696f6e546f6b656ed3aa287e6e47640e0200035a000d61757468656e746963617465644c000b617574686f7269746965737400164c6a6176612f7574696c2f436f6c6c656374696f6e3b4c000764657461696c737400124c6a6176612f6c616e672f4f626a6563743b787000737200266a6176612e7574696c2e436f6c6c656374696f6e7324556e6d6f6469666961626c654c697374fc0f2531b5ec8e100200014c00046c6973747400104c6a6176612f7574696c2f4c6973743b7872002c6a6176612e7574696c2e436f6c6c656374696f6e7324556e6d6f6469666961626c65436f6c6c656374696f6e19420080cb5ef71e0200014c00016371007e00047870737200136a6176612e7574696c2e41727261794c6973747881d21d99c7619d03000149000473697a6578700000002377040000002373720025696f2e6e7a6265652e73656375726974792e617574686f726974792e417574686f7269747900000000000000010200024c000269647400104c6a6176612f6c616e672f4c6f6e673b4c00046e616d657400124c6a6176612f6c616e672f537472696e673b78707372000e6a6176612e6c616e672e4c6f6e673b8be490cc8f23df0200014a000576616c7565787200106a6176612e6c616e672e4e756d62657286ac951d0b94e08b020000787000000000000000217400134f5247414e49534154494f4e5f5245414445527371007e000d7371007e0011000000000000000474000c50415254595f44454c4554457371007e000d7371007e0011000000000000000574000d504552534f4e5f4352454154457371007e000d7371007e0011000000000000002274000f435553544f4d45525f5245414445527371007e000d7371007e0011000000000000001e74000c50415254595f5245414445527371007e000d7371007e0011000000000000001974000e50524f445543545f4352454154457371007e000d7371007e001100000000000000097400134f5247414e49534154494f4e5f4352454154457371007e000d7371007e0011000000000000000e740009524f4c455f524541447371007e000d7371007e0011000000000000001574000f535550504c4945525f4352454154457371007e000d7371007e0011000000000000000274000a50415254595f524541447371007e000d7371007e0011000000000000001874000f535550504c4945525f44454c4554457371007e000d7371007e0011000000000000001d74000e50524f445543545f5245414445527371007e000d7371007e0011000000000000000774000d504552534f4e5f5550444154457371007e000d7371007e0011000000000000000174000c50415254595f4352454154457371007e000d7371007e0011000000000000000c7400134f5247414e49534154494f4e5f44454c4554457371007e000d7371007e0011000000000000001174000f435553544f4d45525f4352454154457371007e000d7371007e0011000000000000001074000b524f4c455f44454c4554457371007e000d7371007e0011000000000000001274000d435553544f4d45525f524541447371007e000d7371007e0011000000000000001f74000b524f4c455f5245414445527371007e000d7371007e0011000000000000002374000f535550504c4945525f5245414445527371007e000d7371007e0011000000000000001374000f435553544f4d45525f5550444154457371007e000d7371007e0011000000000000000374000c50415254595f5550444154457371007e000d7371007e0011000000000000000674000b504552534f4e5f524541447371007e000d7371007e0011000000000000000874000d504552534f4e5f44454c4554457371007e000d7371007e0011000000000000001b74000e50524f445543545f5550444154457371007e000d7371007e0011000000000000000d74000b524f4c455f4352454154457371007e000d7371007e0011000000000000000b7400134f5247414e49534154494f4e5f5550444154457371007e000d7371007e0011000000000000000f74000b524f4c455f5550444154457371007e000d7371007e0011000000000000001c74000e50524f445543545f44454c4554457371007e000d7371007e0011000000000000002074000d504552534f4e5f5245414445527371007e000d7371007e0011000000000000001474000f435553544f4d45525f44454c4554457371007e000d7371007e0011000000000000001674000d535550504c4945525f524541447371007e000d7371007e0011000000000000001a74000c50524f445543545f524541447371007e000d7371007e0011000000000000000a7400114f5247414e49534154494f4e5f524541447371007e000d7371007e0011000000000000001774000f535550504c4945525f5550444154457871007e000c707372003a6f72672e737072696e676672616d65776f726b2e73656375726974792e6f61757468322e70726f76696465722e4f41757468325265717565737400000000000000010200075a0008617070726f7665644c000b617574686f72697469657371007e00044c000a657874656e73696f6e7374000f4c6a6176612f7574696c2f4d61703b4c000b726564697265637455726971007e000f4c00077265667265736874003b4c6f72672f737072696e676672616d65776f726b2f73656375726974792f6f61757468322f70726f76696465722f546f6b656e526571756573743b4c000b7265736f7572636549647374000f4c6a6176612f7574696c2f5365743b4c000d726573706f6e7365547970657371007e007e787200386f72672e737072696e676672616d65776f726b2e73656375726974792e6f61757468322e70726f76696465722e426173655265717565737436287a3ea37169bd0200034c0008636c69656e74496471007e000f4c001172657175657374506172616d657465727371007e007c4c000573636f706571007e007e7870740028737072696e672d73656375726974792d6f61757468322d726561642d77726974652d636c69656e74737200256a6176612e7574696c2e436f6c6c656374696f6e7324556e6d6f6469666961626c654d6170f1a5a8fe74f507420200014c00016d71007e007c7870737200116a6176612e7574696c2e486173684d61700507dac1c31660d103000246000a6c6f6164466163746f724900097468726573686f6c6478703f400000000000067708000000080000000374000a6772616e745f7479706574000870617373776f7264740009636c69656e745f6964740028737072696e672d73656375726974792d6f61757468322d726561642d77726974652d636c69656e74740008757365726e616d6574000a6164616d406170706c6578737200256a6176612e7574696c2e436f6c6c656374696f6e7324556e6d6f6469666961626c65536574801d92d18f9b80550200007871007e0009737200176a6176612e7574696c2e4c696e6b656448617368536574d86cd75a95dd2a1e020000787200116a6176612e7574696c2e48617368536574ba44859596b8b7340300007870770c000000103f4000000000000274000472656164740005777269746578017371007e008f770c000000103f40000000000001737200426f72672e737072696e676672616d65776f726b2e73656375726974792e636f72652e617574686f726974792e53696d706c654772616e746564417574686f7269747900000000000002080200014c0004726f6c6571007e000f787074000455534552787371007e00843f40000000000000770800000010000000007870707371007e008f770c000000103f400000000000017400187265736f757263652d7365727665722d726573742d617069787371007e008f770c000000103f40000000000000787372004f6f72672e737072696e676672616d65776f726b2e73656375726974792e61757468656e7469636174696f6e2e557365726e616d6550617373776f726441757468656e7469636174696f6e546f6b656e00000000000002080200024c000b63726564656e7469616c7371007e00054c00097072696e636970616c71007e00057871007e0003017371007e00077371007e000b0000002377040000002371007e001071007e001571007e001871007e001b71007e001e71007e002171007e002471007e002771007e002a71007e002d71007e003071007e003371007e003671007e003971007e003c71007e003f71007e004271007e004571007e004871007e004b71007e004e71007e005171007e005471007e005771007e005a71007e005d71007e006071007e006371007e006671007e006971007e006c71007e006f71007e007271007e007571007e00787871007e009e737200176a6176612e7574696c2e4c696e6b6564486173684d617034c04e5c106cc0fb0200015a000b6163636573734f726465727871007e00843f400000000000067708000000080000000371007e008671007e008771007e008871007e008971007e008a71007e008b7800707372001b696f2e6e7a6265652e73656375726974792e757365722e55736572000000000000000102000b5a000e6163636f756e74457870697265645a000d6163636f756e744c6f636b65645a001263726564656e7469616c73457870697265645a0007656e61626c65645a000a69735573696e673246414c0002496471007e000e4c000870617373776f726471007e000f4c0005726f6c657371007e007e4c000673656372657471007e000f4c000975736572506172747974001d4c696f2f6e7a6265652f656e746974792f70617274792f50617274793b4c0008757365726e616d6571007e000f787000000001007371007e00110000000000038e3874003c24326124303824726f674d4d642f764a35366130386c714f6c7a4172756a6951524e312e3261767a43514c74444f514238516358596f73366d7873797372002f6f72672e68696265726e6174652e636f6c6c656374696f6e2e696e7465726e616c2e50657273697374656e745365748b47ef79d4c9917d0200014c000373657471007e007e7872003e6f72672e68696265726e6174652e636f6c6c656374696f6e2e696e7465726e616c2e416273747261637450657273697374656e74436f6c6c656374696f6e5718b75d8aba735402000b5a001b616c6c6f774c6f61644f7574736964655472616e73616374696f6e49000a63616368656453697a655a000564697274795a000e656c656d656e7452656d6f7665645a000b696e697469616c697a65645a000d697354656d7053657373696f6e4c00036b65797400164c6a6176612f696f2f53657269616c697a61626c653b4c00056f776e657271007e00054c0004726f6c6571007e000f4c001273657373696f6e466163746f72795575696471007e000f4c000e73746f726564536e617073686f7471007e00a8787000ffffffff000001007371007e00110000000000038e3871007e00a3740021696f2e6e7a6265652e73656375726974792e757365722e557365722e726f6c6573707371007e00843f400000000000017708000000020000000173720024696f2e6e7a6265652e73656375726974792e757365722e726f6c652e55736572526f6c6500000000000000010200034c0002496471007e000e4c000b617574686f72697469657371007e007e4c00046e616d6571007e000f787071007e003a7371007e00a600ffffffff0000010071007e003a71007e00ae740030696f2e6e7a6265652e73656375726974792e757365722e726f6c652e55736572526f6c652e617574686f726974696573707371007e00843f400000000000307708000000400000002371007e001071007e001071007e001571007e001571007e001871007e001871007e001b71007e001b71007e001e71007e001e71007e002171007e002171007e002471007e002471007e002771007e002771007e002a71007e002a71007e002d71007e002d71007e003071007e003071007e003371007e003371007e003671007e003671007e003971007e003971007e003c71007e003c71007e003f71007e003f71007e004271007e004271007e004571007e004571007e004871007e004871007e004b71007e004b71007e004e71007e004e71007e005171007e005171007e005471007e005471007e005771007e005771007e005a71007e005a71007e005d71007e005d71007e006071007e006071007e006371007e006371007e006671007e006671007e006971007e006971007e006c71007e006c71007e006f71007e006f71007e007271007e007271007e007571007e007571007e007871007e0078787371007e008f770c000000403f4000000000002371007e001071007e001571007e001871007e001b71007e001e71007e002171007e002471007e002771007e002a71007e002d71007e003071007e003371007e003671007e003971007e003c71007e003f71007e004271007e004571007e004871007e004b71007e004e71007e005171007e005471007e005771007e005a71007e005d71007e006071007e006371007e006671007e006971007e006c71007e006f71007e007271007e007571007e00787874000541646d696e71007e00ae787371007e008f770c000000103f4000000000000171007e00ae7870737200346f72672e68696265726e6174652e70726f78792e706f6a6f2e6279746562756464792e53657269616c697a61626c6550726f7879c8e2f1ffb619aa2e0200084c000f636f6d706f6e656e744964547970657400224c6f72672f68696265726e6174652f747970652f436f6d706f73697465547970653b4c001b6964656e7469666965724765747465724d6574686f64436c6173737400114c6a6176612f6c616e672f436c6173733b4c001a6964656e7469666965724765747465724d6574686f644e616d6571007e000f4c001b6964656e7469666965725365747465724d6574686f64436c61737371007e00b74c001a6964656e7469666965725365747465724d6574686f644e616d6571007e000f5b001c6964656e7469666965725365747465724d6574686f64506172616d737400125b4c6a6176612f6c616e672f436c6173733b5b000a696e746572666163657371007e00b84c000f70657273697374656e74436c61737371007e00b77872002d6f72672e68696265726e6174652e70726f78792e416273747261637453657269616c697a61626c6550726f7879926a2d5a450b04610200055a001b616c6c6f774c6f61644f7574736964655472616e73616374696f6e4c000a656e746974794e616d6571007e000f4c0002696471007e00a84c0008726561644f6e6c797400134c6a6176612f6c616e672f426f6f6c65616e3b4c001273657373696f6e466163746f72795575696471007e000f78700074001b696f2e6e7a6265652e656e746974792e70617274792e506172747971007e00a47070707672001b696f2e6e7a6265652e656e746974792e70617274792e50617274790000000000000000000000787074000a6765745061727479496471007e00be74000a73657450617274794964757200125b4c6a6176612e6c616e672e436c6173733bab16d7aecbcd5a990200007870000000017671007e00117571007e00c100000001767200226f72672e68696265726e6174652e70726f78792e48696265726e61746550726f7879517e3626971bbe22020000787071007e00be74000a6164616d406170706c65
a0abf94a320fe3dfdf2aead56a7fff51	\\xaced00057372004c6f72672e737072696e676672616d65776f726b2e73656375726974792e6f61757468322e636f6d6d6f6e2e44656661756c744578706972696e674f417574683252656672657368546f6b656e2fdf47639dd0c9b70200014c000a65787069726174696f6e7400104c6a6176612f7574696c2f446174653b787200446f72672e737072696e676672616d65776f726b2e73656375726974792e6f61757468322e636f6d6d6f6e2e44656661756c744f417574683252656672657368546f6b656e73e10e0a6354d45e0200014c000576616c75657400124c6a6176612f6c616e672f537472696e673b787074002462613162663137642d346662392d343337312d626133322d6432333464383265633836397372000e6a6176612e7574696c2e44617465686a81014b5974190300007870770800000176b8f9e77c78	\\xaced0005737200416f72672e737072696e676672616d65776f726b2e73656375726974792e6f61757468322e70726f76696465722e4f417574683241757468656e7469636174696f6ebd400b02166252130200024c000d73746f7265645265717565737474003c4c6f72672f737072696e676672616d65776f726b2f73656375726974792f6f61757468322f70726f76696465722f4f4175746832526571756573743b4c00127573657241757468656e7469636174696f6e7400324c6f72672f737072696e676672616d65776f726b2f73656375726974792f636f72652f41757468656e7469636174696f6e3b787200476f72672e737072696e676672616d65776f726b2e73656375726974792e61757468656e7469636174696f6e2e416273747261637441757468656e7469636174696f6e546f6b656ed3aa287e6e47640e0200035a000d61757468656e746963617465644c000b617574686f7269746965737400164c6a6176612f7574696c2f436f6c6c656374696f6e3b4c000764657461696c737400124c6a6176612f6c616e672f4f626a6563743b787000737200266a6176612e7574696c2e436f6c6c656374696f6e7324556e6d6f6469666961626c654c697374fc0f2531b5ec8e100200014c00046c6973747400104c6a6176612f7574696c2f4c6973743b7872002c6a6176612e7574696c2e436f6c6c656374696f6e7324556e6d6f6469666961626c65436f6c6c656374696f6e19420080cb5ef71e0200014c00016371007e00047870737200136a6176612e7574696c2e41727261794c6973747881d21d99c7619d03000149000473697a6578700000002377040000002373720025696f2e6e7a6265652e73656375726974792e617574686f726974792e417574686f7269747900000000000000010200024c000269647400104c6a6176612f6c616e672f4c6f6e673b4c00046e616d657400124c6a6176612f6c616e672f537472696e673b78707372000e6a6176612e6c616e672e4c6f6e673b8be490cc8f23df0200014a000576616c7565787200106a6176612e6c616e672e4e756d62657286ac951d0b94e08b0200007870000000000000000e740009524f4c455f524541447371007e000d7371007e0011000000000000001874000f535550504c4945525f44454c4554457371007e000d7371007e0011000000000000000d74000b524f4c455f4352454154457371007e000d7371007e0011000000000000002274000f435553544f4d45525f5245414445527371007e000d7371007e0011000000000000000274000a50415254595f524541447371007e000d7371007e001100000000000000097400134f5247414e49534154494f4e5f4352454154457371007e000d7371007e0011000000000000002374000f535550504c4945525f5245414445527371007e000d7371007e0011000000000000000674000b504552534f4e5f524541447371007e000d7371007e0011000000000000001274000d435553544f4d45525f524541447371007e000d7371007e0011000000000000001b74000e50524f445543545f5550444154457371007e000d7371007e0011000000000000000874000d504552534f4e5f44454c4554457371007e000d7371007e0011000000000000001674000d535550504c4945525f524541447371007e000d7371007e0011000000000000001774000f535550504c4945525f5550444154457371007e000d7371007e0011000000000000000774000d504552534f4e5f5550444154457371007e000d7371007e0011000000000000001174000f435553544f4d45525f4352454154457371007e000d7371007e0011000000000000001e74000c50415254595f5245414445527371007e000d7371007e0011000000000000000c7400134f5247414e49534154494f4e5f44454c4554457371007e000d7371007e0011000000000000002074000d504552534f4e5f5245414445527371007e000d7371007e0011000000000000000b7400134f5247414e49534154494f4e5f5550444154457371007e000d7371007e0011000000000000001c74000e50524f445543545f44454c4554457371007e000d7371007e0011000000000000001474000f435553544f4d45525f44454c4554457371007e000d7371007e0011000000000000001f74000b524f4c455f5245414445527371007e000d7371007e0011000000000000000174000c50415254595f4352454154457371007e000d7371007e0011000000000000001974000e50524f445543545f4352454154457371007e000d7371007e001100000000000000217400134f5247414e49534154494f4e5f5245414445527371007e000d7371007e0011000000000000000474000c50415254595f44454c4554457371007e000d7371007e0011000000000000000f74000b524f4c455f5550444154457371007e000d7371007e0011000000000000001a74000c50524f445543545f524541447371007e000d7371007e0011000000000000001374000f435553544f4d45525f5550444154457371007e000d7371007e0011000000000000000374000c50415254595f5550444154457371007e000d7371007e0011000000000000000a7400114f5247414e49534154494f4e5f524541447371007e000d7371007e0011000000000000001574000f535550504c4945525f4352454154457371007e000d7371007e0011000000000000001d74000e50524f445543545f5245414445527371007e000d7371007e0011000000000000001074000b524f4c455f44454c4554457371007e000d7371007e0011000000000000000574000d504552534f4e5f4352454154457871007e000c707372003a6f72672e737072696e676672616d65776f726b2e73656375726974792e6f61757468322e70726f76696465722e4f41757468325265717565737400000000000000010200075a0008617070726f7665644c000b617574686f72697469657371007e00044c000a657874656e73696f6e7374000f4c6a6176612f7574696c2f4d61703b4c000b726564697265637455726971007e000f4c00077265667265736874003b4c6f72672f737072696e676672616d65776f726b2f73656375726974792f6f61757468322f70726f76696465722f546f6b656e526571756573743b4c000b7265736f7572636549647374000f4c6a6176612f7574696c2f5365743b4c000d726573706f6e7365547970657371007e007e787200386f72672e737072696e676672616d65776f726b2e73656375726974792e6f61757468322e70726f76696465722e426173655265717565737436287a3ea37169bd0200034c0008636c69656e74496471007e000f4c001172657175657374506172616d657465727371007e007c4c000573636f706571007e007e7870740028737072696e672d73656375726974792d6f61757468322d726561642d77726974652d636c69656e74737200256a6176612e7574696c2e436f6c6c656374696f6e7324556e6d6f6469666961626c654d6170f1a5a8fe74f507420200014c00016d71007e007c7870737200116a6176612e7574696c2e486173684d61700507dac1c31660d103000246000a6c6f6164466163746f724900097468726573686f6c6478703f400000000000067708000000080000000374000a6772616e745f7479706574000870617373776f7264740009636c69656e745f6964740028737072696e672d73656375726974792d6f61757468322d726561642d77726974652d636c69656e74740008757365726e616d65740007626f6240626f6278737200256a6176612e7574696c2e436f6c6c656374696f6e7324556e6d6f6469666961626c65536574801d92d18f9b80550200007871007e0009737200176a6176612e7574696c2e4c696e6b656448617368536574d86cd75a95dd2a1e020000787200116a6176612e7574696c2e48617368536574ba44859596b8b7340300007870770c000000103f4000000000000274000472656164740005777269746578017371007e008f770c000000103f40000000000001737200426f72672e737072696e676672616d65776f726b2e73656375726974792e636f72652e617574686f726974792e53696d706c654772616e746564417574686f7269747900000000000002080200014c0004726f6c6571007e000f787074000455534552787371007e00843f40000000000000770800000010000000007870737200396f72672e737072696e676672616d65776f726b2e73656375726974792e6f61757468322e70726f76696465722e546f6b656e52657175657374d62a84b8cf38f8010200014c00096772616e745479706571007e000f7871007e007f740028737072696e672d73656375726974792d6f61757468322d726561642d77726974652d636c69656e747371007e00827371007e00843f400000000000037708000000040000000274000d726566726573685f746f6b656e74002465653163323933372d623065662d343036302d626436382d65663039373034643031656174000a6772616e745f7479706574000d726566726573685f746f6b656e787371007e008c7371007e008e770c000000103f400000000000007871007e00a07371007e008f770c000000103f400000000000017400187265736f757263652d7365727665722d726573742d617069787371007e008f770c000000103f40000000000000787372005b6f72672e737072696e676672616d65776f726b2e73656375726974792e7765622e61757468656e7469636174696f6e2e707265617574682e50726541757468656e7469636174656441757468656e7469636174696f6e546f6b656e00000000000002080200024c000b63726564656e7469616c7371007e00054c00097072696e636970616c71007e00057871007e0003017371007e00077371007e000b0000002377040000002371007e001071007e001571007e001871007e001b71007e001e71007e002171007e002471007e002771007e002a71007e002d71007e003071007e003371007e003671007e003971007e003c71007e003f71007e004271007e004571007e004871007e004b71007e004e71007e005171007e005471007e005771007e005a71007e005d71007e006071007e006371007e006671007e006971007e006c71007e006f71007e007271007e007571007e00787871007e00a9707400007372001b696f2e6e7a6265652e73656375726974792e757365722e55736572000000000000000102000b5a000e6163636f756e74457870697265645a000d6163636f756e744c6f636b65645a001263726564656e7469616c73457870697265645a0007656e61626c65645a000a69735573696e673246414c0002496471007e000e4c000870617373776f726471007e000f4c0005726f6c657371007e007e4c000673656372657471007e000f4c000975736572506172747974001d4c696f2f6e7a6265652f656e746974792f70617274792f50617274793b4c0008757365726e616d6571007e000f787000000001007371007e00110000000000038e4074003c243261243038243444544b41396167686333674a4d616e307a6a6e32652f55524b53613636374a586c5655727736705337394f7a4273776d3670714b7372002f6f72672e68696265726e6174652e636f6c6c656374696f6e2e696e7465726e616c2e50657273697374656e745365748b47ef79d4c9917d0200014c000373657471007e007e7872003e6f72672e68696265726e6174652e636f6c6c656374696f6e2e696e7465726e616c2e416273747261637450657273697374656e74436f6c6c656374696f6e5718b75d8aba735402000b5a001b616c6c6f774c6f61644f7574736964655472616e73616374696f6e49000a63616368656453697a655a000564697274795a000e656c656d656e7452656d6f7665645a000b696e697469616c697a65645a000d697354656d7053657373696f6e4c00036b65797400164c6a6176612f696f2f53657269616c697a61626c653b4c00056f776e657271007e00054c0004726f6c6571007e000f4c001273657373696f6e466163746f72795575696471007e000f4c000e73746f726564536e617073686f7471007e00b2787000ffffffff000001007371007e00110000000000038e4071007e00ad740021696f2e6e7a6265652e73656375726974792e757365722e557365722e726f6c6573707371007e00843f400000000000017708000000020000000173720024696f2e6e7a6265652e73656375726974792e757365722e726f6c652e55736572526f6c6500000000000000010200034c0002496471007e000e4c000b617574686f72697469657371007e007e4c00046e616d6571007e000f787071007e00557371007e00b000ffffffff0000010071007e005571007e00b8740030696f2e6e7a6265652e73656375726974792e757365722e726f6c652e55736572526f6c652e617574686f726974696573707371007e00843f400000000000307708000000400000002371007e001071007e001071007e001571007e001571007e001871007e001871007e001b71007e001b71007e001e71007e001e71007e002171007e002171007e002471007e002471007e002771007e002771007e002a71007e002a71007e002d71007e002d71007e003071007e003071007e003371007e003371007e003671007e003671007e003971007e003971007e003c71007e003c71007e003f71007e003f71007e004271007e004271007e004571007e004571007e004871007e004871007e004b71007e004b71007e004e71007e004e71007e005171007e005171007e005471007e005471007e005771007e005771007e005a71007e005a71007e005d71007e005d71007e006071007e006071007e006371007e006371007e006671007e006671007e006971007e006971007e006c71007e006c71007e006f71007e006f71007e007271007e007271007e007571007e007571007e007871007e0078787371007e008f770c000000403f4000000000002371007e001071007e001571007e001871007e001b71007e001e71007e002171007e002471007e002771007e002a71007e002d71007e003071007e003371007e003671007e003971007e003c71007e003f71007e004271007e004571007e004871007e004b71007e004e71007e005171007e005471007e005771007e005a71007e005d71007e006071007e006371007e006671007e006971007e006c71007e006f71007e007271007e007571007e00787874000541646d696e71007e00b8787371007e008f770c000000103f4000000000000171007e00b87870737200346f72672e68696265726e6174652e70726f78792e706f6a6f2e6279746562756464792e53657269616c697a61626c6550726f7879c8e2f1ffb619aa2e0200084c000f636f6d706f6e656e744964547970657400224c6f72672f68696265726e6174652f747970652f436f6d706f73697465547970653b4c001b6964656e7469666965724765747465724d6574686f64436c6173737400114c6a6176612f6c616e672f436c6173733b4c001a6964656e7469666965724765747465724d6574686f644e616d6571007e000f4c001b6964656e7469666965725365747465724d6574686f64436c61737371007e00c14c001a6964656e7469666965725365747465724d6574686f644e616d6571007e000f5b001c6964656e7469666965725365747465724d6574686f64506172616d737400125b4c6a6176612f6c616e672f436c6173733b5b000a696e746572666163657371007e00c24c000f70657273697374656e74436c61737371007e00c17872002d6f72672e68696265726e6174652e70726f78792e416273747261637453657269616c697a61626c6550726f7879926a2d5a450b04610200055a001b616c6c6f774c6f61644f7574736964655472616e73616374696f6e4c000a656e746974794e616d6571007e000f4c0002696471007e00b24c0008726561644f6e6c797400134c6a6176612f6c616e672f426f6f6c65616e3b4c001273657373696f6e466163746f72795575696471007e000f78700074001b696f2e6e7a6265652e656e746974792e70617274792e506172747971007e00ae7070707672001b696f2e6e7a6265652e656e746974792e70617274792e50617274790000000000000000000000787074000a6765745061727479496471007e00c874000a73657450617274794964757200125b4c6a6176612e6c616e672e436c6173733bab16d7aecbcd5a990200007870000000017671007e00117571007e00cb00000001767200226f72672e68696265726e6174652e70726f78792e48696265726e61746550726f7879517e3626971bbe22020000787071007e00c8740007626f6240626f62
\.


--
-- Data for Name: password_reset_token; Type: TABLE DATA; Schema: security; Owner: security_owner
--

COPY password_reset_token (id, expiry_date, token, pty_id) FROM stdin;
\.


--
-- Data for Name: permission; Type: TABLE DATA; Schema: security; Owner: security_owner
--

COPY permission (id, name) FROM stdin;
1	PARTY_CREATE
2	PARTY_READ
3	PARTY_UPDATE
4	PARTY_DELETE
5	PERSON_CREATE
6	PERSON_READ
7	PERSON_UPDATE
8	PERSON_DELETE
9	ORGANISATION_CREATE
10	ORGANISATION_READ
11	ORGANISATION_UPDATE
12	ORGANISATION_DELETE
13	ROLE_CREATE
14	ROLE_READ
15	ROLE_UPDATE
16	ROLE_DELETE
17	CUSTOMER_CREATE
18	CUSTOMER_READ
19	CUSTOMER_UPDATE
20	CUSTOMER_DELETE
21	SUPPLIER_CREATE
22	SUPPLIER_READ
23	SUPPLIER_UPDATE
24	SUPPLIER_DELETE
25	PRODUCT_CREATE
26	PRODUCT_READ
27	PRODUCT_UPDATE
28	PRODUCT_DELETE
29	PRODUCT_READER
30	PARTY_READER
31	ROLE_READER
32	PERSON_READER
33	ORGANISATION_READER
34	CUSTOMER_READER
35	SUPPLIER_READER
\.


--
-- Data for Name: role; Type: TABLE DATA; Schema: security; Owner: security_owner
--

COPY role (id, name) FROM stdin;
2	Customer
1	Admin
\.


--
-- Name: role_id_seq; Type: SEQUENCE SET; Schema: security; Owner: security_owner
--

SELECT pg_catalog.setval('role_id_seq', 1, false);


--
-- Data for Name: role_permission; Type: TABLE DATA; Schema: security; Owner: security_owner
--

COPY role_permission (id, role_id, permission_id) FROM stdin;
29	1	1
30	1	2
31	1	3
32	1	4
33	1	5
34	1	6
35	1	7
36	1	8
37	1	9
38	1	10
39	1	11
40	1	12
41	1	13
42	1	14
43	1	15
44	1	16
45	1	17
46	1	18
47	1	19
48	1	20
49	1	21
50	1	22
51	1	23
52	1	24
53	1	25
54	1	26
55	1	27
56	1	28
57	1	29
58	1	30
59	1	31
60	1	32
61	1	33
62	1	34
63	1	35
64	2	2
65	2	6
66	2	10
67	2	14
68	2	18
69	2	22
70	2	26
71	2	29
72	2	30
73	2	31
74	2	32
75	2	33
76	2	34
77	2	35
\.


--
-- Name: role_permission_id_seq; Type: SEQUENCE SET; Schema: security; Owner: security_owner
--

SELECT pg_catalog.setval('role_permission_id_seq', 77, true);


--
-- Data for Name: user_; Type: TABLE DATA; Schema: security; Owner: security_owner
--

COPY user_ (pty_id, account_expired, account_locked, credentials_expired, enabled, password, user_name, is_using2fa, secret) FROM stdin;
1	f	f	f	t	$2a$08$qvrzQZ7jJ7oy2p/msL4M0.l83Cd0jNsX6AJUitbgRXGzge4j035ha	admin	f	\N
232216	f	f	f	t	\N	asd321	f	\N
232220	f	f	f	t	$2a$08$HDsx4cloh1PXKlNp6C2yGObROfR3VysQAYdABq5naOXiGvFknU8/G	dandandan	f	\N
232230	f	f	f	t	$2a$08$7eM8kbxuV2Jse66alC42H.e0RR9cy4Hyp6Ospu5p3b/EmzeVgKhpK	willP009	f	\N
232232	f	f	f	t	$2a$08$3RoMwu7GVj6MXm6VabqzIOlP5rT5.v9bg9KNd7nSsTeKaklgZqbFu	willP010	f	\N
232234	f	f	f	t	$2a$08$cTnUGt.0wthXBGvsVMZHx.AJyQa0ebgvJW04X8JZ8/1/BXDfIjdWG	zoro	f	\N
232236	f	f	f	t	$2a$08$FabdFDGk9m8OjZPgKAErz.vrj.tBA0q8lnWT3W4Mi7dz9mHTuNSz.	j	f	\N
232238	f	f	f	t	$2a$08$81tduh5zwgiYtNggVPM6rOdDgv5YmCp.zI6gg13KpbXXv2qGqD0Am	x	f	\N
232240	f	f	f	t	$2a$08$5w4IxUjIw5BGrqRYSu/pDe5roRv3EubLbRH/sq39fIglXLLtfmNCW	z	f	\N
232242	f	f	f	t	$2a$08$09Z1moTTHngZmBYkgDKT6u.HG/IUv/wnZGRuGdQr3nIRfenYq1Tna	h	f	\N
232244	f	f	f	t	$2a$08$or5gp1qilssjjsmY.AlQJeqaYEG9eZmc4NhM3pV3SAFxqYi0CEZHG	i	f	\N
232246	f	f	f	t	$2a$08$eSAoAHFKAQrrfy3sgDGyc.DQiUvdN2wwq8uKLUAK.pJ.3fV7g3BK2	f	f	\N
232248	f	f	f	t	$2a$08$AeXLuGlP.9pcWACajgNQq.ft4nUNlVqxC6542ZZRSLrOlDksB.8Nq	av1	f	\N
232250	f	f	f	t	$2a$08$kbU80lL54gj.H333EHle9.uGYOgYu9jUf0TVqhxUR5QqquQQyQDjy	moobot	f	\N
232252	f	f	f	t	$2a$08$0rG7b0MAv3NhnhUnm9Wo/ue/OF3HeOxEpzjgAK8IIsVxQCpgFA6ji	Labrador	f	\N
232254	f	f	f	t	$2a$08$p1t6.ZTkGYnpgb/ZJ93n/eR3mPck7483VDthqLjMmq87C5eFPLlNi	bill	f	\N
232256	f	f	f	t	$2a$08$ZYgWAyU302Vu55IyqGY6KewH5dcTp5bfCQcD0VoFxRdJ6Jm6SOUKe	danielmackie82@gmail.com	f	\N
232258	f	f	f	t	$2a$08$FshVXmerj.mItbrKW1Dn8OvXo00F0SFC0XM6Is90HU29csTinQTt2	dan	f	\N
232260	f	f	f	t	$2a$08$LD84vr08Qr3eDbwuXshAXusm4eJ2qhN1kyMsOAD/LpdsreQjYBkkC	nod	f	\N
232262	f	f	f	t	$2a$08$c8qi4W9yonajx5mQ6GIsFe.BlpqfoIqa9YGwGvM7R99.RHu.SQ22a	dmac269	f	\N
232304	f	f	f	t	$2a$08$uMskpBcSMtkRQevNlIE5xORKArzGL8feooSuLyuL59.uRVXlhItMm	dmac088	f	\N
232310	f	f	f	t	$2a$08$WAj6Z.QOG6UqvCbEzlnFD./uyT2TafVm5MPH2LRUMUohM8Y33VboW	dmac999	f	\N
232312	f	f	f	t	$2a$08$1aM3WzOjSX9nJZUFhFutsOT4p8Xkos5iIidrXFnYeTAw6weAmykL.	dmac1111	f	\N
233016	f	f	f	t	$2a$08$rogMMd/vJ56a08lqOlzArujiQRN1.2avzCQLtDOQB8QcXYos6mxsy	adam@apple	f	\N
233018	f	f	f	t	$2a$08$RTEy6nmop87vx8IUyIsodO6YYUOrmwXB4V7wUhhcHf2SFMjwxd1Gy	barry@white	f	\N
233020	f	f	f	t	$2a$08$FLLvo2tVvtH29IaFbCOvHuCfq2UNWKcYQhiwfcFxYrKUSMwXgolcC	will@parkhouse	f	\N
233022	f	f	f	t	$2a$08$2HdSUuizuRx9Sw4q822W6OC.XBdNCC711euR/fghUWNeLdwhY2n/C	john@wayne	f	\N
233024	f	f	f	t	$2a$08$4DTKA9aghc3gJMan0zjn2e/URKSa667JXlVUrw6pS79OzBswm6pqK	bob@bob	f	\N
233054	f	f	f	f	$2a$08$qi9xsyMckwVhNG0k1C0m8.zBV5NgPhDnJ5zqAGhqV6ddrF62cwdFi	dmac1119	f	\N
\.


--
-- Data for Name: user_location; Type: TABLE DATA; Schema: security; Owner: security_owner
--

COPY user_location (id, country, enabled, pty_id) FROM stdin;
\.


--
-- Data for Name: user_role; Type: TABLE DATA; Schema: security; Owner: security_owner
--

COPY user_role (id, pty_id, role_id) FROM stdin;
1	1	1
2	232216	1
3	232220	1
4	232230	2
5	232232	2
6	232234	2
7	232236	2
8	232238	2
9	232240	2
10	232242	2
11	232244	2
12	232246	2
13	232248	2
14	232250	2
15	232252	2
16	232254	2
17	232256	2
18	232258	2
19	232260	2
20	232262	2
41	232304	2
44	232310	2
45	232312	2
192	233016	1
193	233018	2
194	233020	2
195	233022	2
196	233024	1
204	233054	2
\.


--
-- Name: user_role_id_seq; Type: SEQUENCE SET; Schema: security; Owner: security_owner
--

SELECT pg_catalog.setval('user_role_id_seq', 224, true);


--
-- Data for Name: verification_token; Type: TABLE DATA; Schema: security; Owner: security_owner
--

COPY verification_token (id, expiry_date, token, pty_id) FROM stdin;
1	2020-08-21 22:41:05.192	f70d05b5-0239-4901-9326-5fe401981474	233054
\.


SET search_path = mochi, pg_catalog;

--
-- Name: accessories_attr_lcl accessories_attr_lcl_pkey; Type: CONSTRAINT; Schema: mochi; Owner: mochidb_owner
--

ALTER TABLE ONLY accessories_attr_lcl
    ADD CONSTRAINT accessories_attr_lcl_pkey PRIMARY KEY (prd_lcl_id);


--
-- Name: bag_item bag_item_pkey; Type: CONSTRAINT; Schema: mochi; Owner: mochidb_owner
--

ALTER TABLE ONLY bag_item
    ADD CONSTRAINT bag_item_pkey PRIMARY KEY (bag_item_id);


--
-- Name: bag bag_pkey; Type: CONSTRAINT; Schema: mochi; Owner: mochidb_owner
--

ALTER TABLE ONLY bag
    ADD CONSTRAINT bag_pkey PRIMARY KEY (bag_id);


--
-- Name: bag_item_status bag_status_pkey; Type: CONSTRAINT; Schema: mochi; Owner: mochidb_owner
--

ALTER TABLE ONLY bag_item_status
    ADD CONSTRAINT bag_status_pkey PRIMARY KEY (bag_item_sts_id);


--
-- Name: brand_attr_lcl brand_attr_lcl_pkey; Type: CONSTRAINT; Schema: mochi; Owner: mochidb_owner
--

ALTER TABLE ONLY brand_attr_lcl
    ADD CONSTRAINT brand_attr_lcl_pkey PRIMARY KEY (bnd_lcl_id);


--
-- Name: brand_category brand_category_pkey; Type: CONSTRAINT; Schema: mochi; Owner: mochidb_owner
--

ALTER TABLE ONLY brand_category
    ADD CONSTRAINT brand_category_pkey PRIMARY KEY (bnd_cat_id);


--
-- Name: brand brand_pkey; Type: CONSTRAINT; Schema: mochi; Owner: mochidb_owner
--

ALTER TABLE ONLY brand
    ADD CONSTRAINT brand_pkey PRIMARY KEY (bnd_id);


--
-- Name: brand_promotion brand_promotion_pkey; Type: CONSTRAINT; Schema: mochi; Owner: mochidb_owner
--

ALTER TABLE ONLY brand_promotion
    ADD CONSTRAINT brand_promotion_pkey PRIMARY KEY (bnd_id, prm_id);


--
-- Name: category_attr_lcl category_attr_lcl_pkey; Type: CONSTRAINT; Schema: mochi; Owner: mochidb_owner
--

ALTER TABLE ONLY category_attr_lcl
    ADD CONSTRAINT category_attr_lcl_pkey PRIMARY KEY (cat_lcl_id);


--
-- Name: category_brand category_brand_pkey; Type: CONSTRAINT; Schema: mochi; Owner: mochidb_owner
--

ALTER TABLE ONLY category_brand
    ADD CONSTRAINT category_brand_pkey PRIMARY KEY (cat_id);


--
-- Name: category category_pkey; Type: CONSTRAINT; Schema: mochi; Owner: mochidb_owner
--

ALTER TABLE ONLY category
    ADD CONSTRAINT category_pkey PRIMARY KEY (cat_id);


--
-- Name: category_product category_product_pkey; Type: CONSTRAINT; Schema: mochi; Owner: mochidb_owner
--

ALTER TABLE ONLY category_product
    ADD CONSTRAINT category_product_pkey PRIMARY KEY (cat_id);


--
-- Name: category_promotion category_promotion_pkey; Type: CONSTRAINT; Schema: mochi; Owner: mochidb_owner
--

ALTER TABLE ONLY category_promotion
    ADD CONSTRAINT category_promotion_pkey PRIMARY KEY (cat_id, prm_id);


--
-- Name: category_type category_type_pkey; Type: CONSTRAINT; Schema: mochi; Owner: mochidb_owner
--

ALTER TABLE ONLY category_type
    ADD CONSTRAINT category_type_pkey PRIMARY KEY (cat_typ_id);


--
-- Name: currency currency_pkey; Type: CONSTRAINT; Schema: mochi; Owner: mochidb_owner
--

ALTER TABLE ONLY currency
    ADD CONSTRAINT currency_pkey PRIMARY KEY (ccy_id);


--
-- Name: customer customer_cst_id_key; Type: CONSTRAINT; Schema: mochi; Owner: mochidb_owner
--

ALTER TABLE ONLY customer
    ADD CONSTRAINT customer_cst_id_key UNIQUE (cst_num);


--
-- Name: customer customer_pkey; Type: CONSTRAINT; Schema: mochi; Owner: mochidb_owner
--

ALTER TABLE ONLY customer
    ADD CONSTRAINT customer_pkey PRIMARY KEY (rle_id);


--
-- Name: department_attr_lcl department_attr_lcl_pkey; Type: CONSTRAINT; Schema: mochi; Owner: mochidb_owner
--

ALTER TABLE ONLY department_attr_lcl
    ADD CONSTRAINT department_attr_lcl_pkey PRIMARY KEY (dept_lcl_id);


--
-- Name: discount discount_pkey; Type: CONSTRAINT; Schema: mochi; Owner: mochidb_owner
--

ALTER TABLE ONLY discount
    ADD CONSTRAINT discount_pkey PRIMARY KEY (dis_id);


--
-- Name: discount_type discount_type_pkey; Type: CONSTRAINT; Schema: mochi; Owner: mochidb_owner
--

ALTER TABLE ONLY discount_type
    ADD CONSTRAINT discount_type_pkey PRIMARY KEY (dis_typ_id);


--
-- Name: inventory_location inventory_location_pkey; Type: CONSTRAINT; Schema: mochi; Owner: mochidb_owner
--

ALTER TABLE ONLY inventory_location
    ADD CONSTRAINT inventory_location_pkey PRIMARY KEY (inv_loc_id);


--
-- Name: inventory_transaction inventory_transaction_pkey; Type: CONSTRAINT; Schema: mochi; Owner: mochidb_owner
--

ALTER TABLE ONLY inventory_transaction
    ADD CONSTRAINT inventory_transaction_pkey PRIMARY KEY (inv_trx_id);


--
-- Name: inventory_transaction_type inventory_transaction_type_pkey; Type: CONSTRAINT; Schema: mochi; Owner: mochidb_owner
--

ALTER TABLE ONLY inventory_transaction_type
    ADD CONSTRAINT inventory_transaction_type_pkey PRIMARY KEY (inv_trx_typ_id);


--
-- Name: order_line order_line_ord_id_key; Type: CONSTRAINT; Schema: mochi; Owner: mochidb_owner
--

ALTER TABLE ONLY order_line
    ADD CONSTRAINT order_line_ord_id_key UNIQUE (ord_id);


--
-- Name: order_line order_line_pkey; Type: CONSTRAINT; Schema: mochi; Owner: mochidb_owner
--

ALTER TABLE ONLY order_line
    ADD CONSTRAINT order_line_pkey PRIMARY KEY (ord_id, prd_id, ord_lne_no);


--
-- Name: order orders_pkey; Type: CONSTRAINT; Schema: mochi; Owner: mochidb_owner
--

ALTER TABLE ONLY "order"
    ADD CONSTRAINT orders_pkey PRIMARY KEY (ord_id);


--
-- Name: order orders_pty_id_key; Type: CONSTRAINT; Schema: mochi; Owner: mochidb_owner
--

ALTER TABLE ONLY "order"
    ADD CONSTRAINT orders_pty_id_key UNIQUE (pty_id);


--
-- Name: organisation organisation_org_id_key; Type: CONSTRAINT; Schema: mochi; Owner: mochidb_owner
--

ALTER TABLE ONLY organisation
    ADD CONSTRAINT organisation_org_id_key UNIQUE (org_id);


--
-- Name: party party_pkey; Type: CONSTRAINT; Schema: mochi; Owner: mochidb_owner
--

ALTER TABLE ONLY party
    ADD CONSTRAINT party_pkey PRIMARY KEY (pty_id);


--
-- Name: party_type party_type_pkey; Type: CONSTRAINT; Schema: mochi; Owner: mochidb_owner
--

ALTER TABLE ONLY party_type
    ADD CONSTRAINT party_type_pkey PRIMARY KEY (pty_typ_id);


--
-- Name: party_type party_type_pty_typ_desc_key; Type: CONSTRAINT; Schema: mochi; Owner: mochidb_owner
--

ALTER TABLE ONLY party_type
    ADD CONSTRAINT party_type_pty_typ_desc_key UNIQUE (pty_typ_desc);


--
-- Name: person person_psn_id_key; Type: CONSTRAINT; Schema: mochi; Owner: mochidb_owner
--

ALTER TABLE ONLY person
    ADD CONSTRAINT person_psn_id_key UNIQUE (psn_id);


--
-- Name: locale pk_locale; Type: CONSTRAINT; Schema: mochi; Owner: mochidb_owner
--

ALTER TABLE ONLY locale
    ADD CONSTRAINT pk_locale PRIMARY KEY (lcl_cd);


--
-- Name: accessories_attr_lcl prd_id_lcl_cd_1; Type: CONSTRAINT; Schema: mochi; Owner: mochidb_owner
--

ALTER TABLE ONLY accessories_attr_lcl
    ADD CONSTRAINT prd_id_lcl_cd_1 UNIQUE (prd_id, lcl_cd);


--
-- Name: department_attr_lcl prd_id_lcl_cd_3; Type: CONSTRAINT; Schema: mochi; Owner: mochidb_owner
--

ALTER TABLE ONLY department_attr_lcl
    ADD CONSTRAINT prd_id_lcl_cd_3 UNIQUE (dept_id, lcl_cd);


--
-- Name: price price_pkey; Type: CONSTRAINT; Schema: mochi; Owner: mochidb_owner
--

ALTER TABLE ONLY price
    ADD CONSTRAINT price_pkey PRIMARY KEY (prc_id);


--
-- Name: price_type price_type_pkey; Type: CONSTRAINT; Schema: mochi; Owner: mochidb_owner
--

ALTER TABLE ONLY price_type
    ADD CONSTRAINT price_type_pkey PRIMARY KEY (prc_typ_id);


--
-- Name: product_basic product_accessories_pkey; Type: CONSTRAINT; Schema: mochi; Owner: mochidb_owner
--

ALTER TABLE ONLY product_basic
    ADD CONSTRAINT product_accessories_pkey PRIMARY KEY (prd_id);


--
-- Name: product_attr_lcl product_attr_lcl_pkey; Type: CONSTRAINT; Schema: mochi; Owner: mochidb_owner
--

ALTER TABLE ONLY product_attr_lcl
    ADD CONSTRAINT product_attr_lcl_pkey PRIMARY KEY (prd_lcl_id);


--
-- Name: product_category product_category_pkey; Type: CONSTRAINT; Schema: mochi; Owner: mochidb_owner
--

ALTER TABLE ONLY product_category
    ADD CONSTRAINT product_category_pkey PRIMARY KEY (prd_cat_id);


--
-- Name: product product_pkey; Type: CONSTRAINT; Schema: mochi; Owner: mochidb_owner
--

ALTER TABLE ONLY product
    ADD CONSTRAINT product_pkey PRIMARY KEY (prd_id);


--
-- Name: product_promotion product_promotion_pkey; Type: CONSTRAINT; Schema: mochi; Owner: mochidb_owner
--

ALTER TABLE ONLY product_promotion
    ADD CONSTRAINT product_promotion_pkey PRIMARY KEY (prd_id, prm_id);


--
-- Name: product_rating product_rating_pkey; Type: CONSTRAINT; Schema: mochi; Owner: mochidb_owner
--

ALTER TABLE ONLY product_rating
    ADD CONSTRAINT product_rating_pkey PRIMARY KEY (prd_rat_id);


--
-- Name: product_shipping product_shipping_pkey; Type: CONSTRAINT; Schema: mochi; Owner: mochidb_owner
--

ALTER TABLE ONLY product_shipping
    ADD CONSTRAINT product_shipping_pkey PRIMARY KEY (prd_id);


--
-- Name: product_status product_status_pkey; Type: CONSTRAINT; Schema: mochi; Owner: mochidb_owner
--

ALTER TABLE ONLY product_status
    ADD CONSTRAINT product_status_pkey PRIMARY KEY (prd_sts_id);


--
-- Name: product_tag product_tag_pkey; Type: CONSTRAINT; Schema: mochi; Owner: mochidb_owner
--

ALTER TABLE ONLY product_tag
    ADD CONSTRAINT product_tag_pkey PRIMARY KEY (prd_tag_id);


--
-- Name: department product_type_pkey; Type: CONSTRAINT; Schema: mochi; Owner: mochidb_owner
--

ALTER TABLE ONLY department
    ADD CONSTRAINT product_type_pkey PRIMARY KEY (dept_id);


--
-- Name: promotion_attr_lcl promotion_attr_lcl_pkey; Type: CONSTRAINT; Schema: mochi; Owner: mochidb_owner
--

ALTER TABLE ONLY promotion_attr_lcl
    ADD CONSTRAINT promotion_attr_lcl_pkey PRIMARY KEY (prm_lcl_id);


--
-- Name: promotion_bngnpct promotion_bngnf_pkey; Type: CONSTRAINT; Schema: mochi; Owner: mochidb_owner
--

ALTER TABLE ONLY promotion_bngnpct
    ADD CONSTRAINT promotion_bngnf_pkey PRIMARY KEY (prm_id);


--
-- Name: promotion_mechanic promotion_mechanic_pkey; Type: CONSTRAINT; Schema: mochi; Owner: mochidb_owner
--

ALTER TABLE ONLY promotion_mechanic
    ADD CONSTRAINT promotion_mechanic_pkey PRIMARY KEY (prm_mec_id);


--
-- Name: promotion_pctmkd promotion_pctmkd_pkey; Type: CONSTRAINT; Schema: mochi; Owner: mochidb_owner
--

ALTER TABLE ONLY promotion_pctmkd
    ADD CONSTRAINT promotion_pctmkd_pkey PRIMARY KEY (prm_id);


--
-- Name: promotion promotion_pkey; Type: CONSTRAINT; Schema: mochi; Owner: mochidb_owner
--

ALTER TABLE ONLY promotion
    ADD CONSTRAINT promotion_pkey PRIMARY KEY (prm_id);


--
-- Name: rating rating_pkey; Type: CONSTRAINT; Schema: mochi; Owner: mochidb_owner
--

ALTER TABLE ONLY rating
    ADD CONSTRAINT rating_pkey PRIMARY KEY (rat_id);


--
-- Name: role role_pkey; Type: CONSTRAINT; Schema: mochi; Owner: mochidb_owner
--

ALTER TABLE ONLY role
    ADD CONSTRAINT role_pkey PRIMARY KEY (rle_id);


--
-- Name: role role_pty_id_key; Type: CONSTRAINT; Schema: mochi; Owner: mochidb_owner
--

ALTER TABLE ONLY role
    ADD CONSTRAINT role_pty_id_key UNIQUE (pty_id);


--
-- Name: role_type role_type_pkey; Type: CONSTRAINT; Schema: mochi; Owner: mochidb_owner
--

ALTER TABLE ONLY role_type
    ADD CONSTRAINT role_type_pkey PRIMARY KEY (rle_typ_id);


--
-- Name: role_type role_type_rle_typ_desc_key; Type: CONSTRAINT; Schema: mochi; Owner: mochidb_owner
--

ALTER TABLE ONLY role_type
    ADD CONSTRAINT role_type_rle_typ_desc_key UNIQUE (rle_typ_desc);


--
-- Name: stock_on_hand stock_on_hand_pkey; Type: CONSTRAINT; Schema: mochi; Owner: mochidb_owner
--

ALTER TABLE ONLY stock_on_hand
    ADD CONSTRAINT stock_on_hand_pkey PRIMARY KEY (soh_id);


--
-- Name: supplier supplier_pkey; Type: CONSTRAINT; Schema: mochi; Owner: mochidb_owner
--

ALTER TABLE ONLY supplier
    ADD CONSTRAINT supplier_pkey PRIMARY KEY (rle_id);


--
-- Name: tag_attr_lcl tag_attr_lcl_pkey; Type: CONSTRAINT; Schema: mochi; Owner: mochidb_owner
--

ALTER TABLE ONLY tag_attr_lcl
    ADD CONSTRAINT tag_attr_lcl_pkey PRIMARY KEY (tag_lcl_id);


--
-- Name: tag tag_pkey; Type: CONSTRAINT; Schema: mochi; Owner: mochidb_owner
--

ALTER TABLE ONLY tag
    ADD CONSTRAINT tag_pkey PRIMARY KEY (tag_id);


--
-- Name: bag_item uc_bag_item; Type: CONSTRAINT; Schema: mochi; Owner: mochidb_owner
--

ALTER TABLE ONLY bag_item
    ADD CONSTRAINT uc_bag_item UNIQUE (bag_id, prd_id);


--
-- Name: bag_item_status uc_bag_sts_cd; Type: CONSTRAINT; Schema: mochi; Owner: mochidb_owner
--

ALTER TABLE ONLY bag_item_status
    ADD CONSTRAINT uc_bag_sts_cd UNIQUE (bag_item_sts_cd);


--
-- Name: brand uc_bnd_cd; Type: CONSTRAINT; Schema: mochi; Owner: mochidb_owner
--

ALTER TABLE ONLY brand
    ADD CONSTRAINT uc_bnd_cd UNIQUE (bnd_cd);


--
-- Name: brand_attr_lcl uc_bnd_desc_lcl_cd; Type: CONSTRAINT; Schema: mochi; Owner: mochidb_owner
--

ALTER TABLE ONLY brand_attr_lcl
    ADD CONSTRAINT uc_bnd_desc_lcl_cd UNIQUE (bnd_desc, lcl_cd);


--
-- Name: brand_attr_lcl uc_bnd_lcl; Type: CONSTRAINT; Schema: mochi; Owner: mochidb_owner
--

ALTER TABLE ONLY brand_attr_lcl
    ADD CONSTRAINT uc_bnd_lcl UNIQUE (bnd_id, lcl_cd);


--
-- Name: brand_category uc_brand_category; Type: CONSTRAINT; Schema: mochi; Owner: mochidb_owner
--

ALTER TABLE ONLY brand_category
    ADD CONSTRAINT uc_brand_category UNIQUE (bnd_id, cat_id);


--
-- Name: category uc_cat_cd; Type: CONSTRAINT; Schema: mochi; Owner: mochidb_owner
--

ALTER TABLE ONLY category
    ADD CONSTRAINT uc_cat_cd UNIQUE (cat_cd);


--
-- Name: category_attr_lcl uc_cat_desc; Type: CONSTRAINT; Schema: mochi; Owner: mochidb_owner
--

ALTER TABLE ONLY category_attr_lcl
    ADD CONSTRAINT uc_cat_desc UNIQUE (cat_desc, lcl_cd);


--
-- Name: category_attr_lcl uc_cat_lcl; Type: CONSTRAINT; Schema: mochi; Owner: mochidb_owner
--

ALTER TABLE ONLY category_attr_lcl
    ADD CONSTRAINT uc_cat_lcl UNIQUE (cat_id, lcl_cd);


--
-- Name: category_type uc_cat_typ_cd; Type: CONSTRAINT; Schema: mochi; Owner: mochidb_owner
--

ALTER TABLE ONLY category_type
    ADD CONSTRAINT uc_cat_typ_cd UNIQUE (cat_typ_cd);


--
-- Name: stock_on_hand uc_prd_id; Type: CONSTRAINT; Schema: mochi; Owner: mochidb_owner
--

ALTER TABLE ONLY stock_on_hand
    ADD CONSTRAINT uc_prd_id UNIQUE (soh_prd_id);


--
-- Name: product_attr_lcl uc_prd_lcl_1; Type: CONSTRAINT; Schema: mochi; Owner: mochidb_owner
--

ALTER TABLE ONLY product_attr_lcl
    ADD CONSTRAINT uc_prd_lcl_1 UNIQUE (prd_id, lcl_cd);


--
-- Name: product_rating uc_prd_rat; Type: CONSTRAINT; Schema: mochi; Owner: mochidb_owner
--

ALTER TABLE ONLY product_rating
    ADD CONSTRAINT uc_prd_rat UNIQUE (prd_id, rat_id, pty_id);


--
-- Name: product_status uc_prd_sts_cd; Type: CONSTRAINT; Schema: mochi; Owner: mochidb_owner
--

ALTER TABLE ONLY product_status
    ADD CONSTRAINT uc_prd_sts_cd UNIQUE (prd_sts_cd);


--
-- Name: department uc_prd_typ_cd; Type: CONSTRAINT; Schema: mochi; Owner: mochidb_owner
--

ALTER TABLE ONLY department
    ADD CONSTRAINT uc_prd_typ_cd UNIQUE (dept_cd);


--
-- Name: promotion uc_prm_cd; Type: CONSTRAINT; Schema: mochi; Owner: mochidb_owner
--

ALTER TABLE ONLY promotion
    ADD CONSTRAINT uc_prm_cd UNIQUE (prm_cd);


--
-- Name: promotion_attr_lcl uc_prm_lcl_1; Type: CONSTRAINT; Schema: mochi; Owner: mochidb_owner
--

ALTER TABLE ONLY promotion_attr_lcl
    ADD CONSTRAINT uc_prm_lcl_1 UNIQUE (prm_id, lcl_cd);


--
-- Name: promotion_mechanic uc_prm_mec_cd; Type: CONSTRAINT; Schema: mochi; Owner: mochidb_owner
--

ALTER TABLE ONLY promotion_mechanic
    ADD CONSTRAINT uc_prm_mec_cd UNIQUE (prm_mec_cd);


--
-- Name: product_category uc_product_category; Type: CONSTRAINT; Schema: mochi; Owner: mochidb_owner
--

ALTER TABLE ONLY product_category
    ADD CONSTRAINT uc_product_category UNIQUE (prd_id, cat_id);


--
-- Name: product_tag uc_product_tag; Type: CONSTRAINT; Schema: mochi; Owner: mochidb_owner
--

ALTER TABLE ONLY product_tag
    ADD CONSTRAINT uc_product_tag UNIQUE (prd_id, tag_id);


--
-- Name: product uc_product_upc_cd; Type: CONSTRAINT; Schema: mochi; Owner: mochidb_owner
--

ALTER TABLE ONLY product
    ADD CONSTRAINT uc_product_upc_cd UNIQUE (upc_cd);


--
-- Name: tag uc_tag_cd; Type: CONSTRAINT; Schema: mochi; Owner: mochidb_owner
--

ALTER TABLE ONLY tag
    ADD CONSTRAINT uc_tag_cd UNIQUE (tag_cd);


--
-- Name: tag_attr_lcl uc_tag_desc; Type: CONSTRAINT; Schema: mochi; Owner: mochidb_owner
--

ALTER TABLE ONLY tag_attr_lcl
    ADD CONSTRAINT uc_tag_desc UNIQUE (tag_desc, lcl_cd);


--
-- Name: tag_attr_lcl uc_tag_lcl; Type: CONSTRAINT; Schema: mochi; Owner: mochidb_owner
--

ALTER TABLE ONLY tag_attr_lcl
    ADD CONSTRAINT uc_tag_lcl UNIQUE (tag_id, lcl_cd);


SET search_path = security, pg_catalog;

--
-- Name: permission authority_name; Type: CONSTRAINT; Schema: security; Owner: security_owner
--

ALTER TABLE ONLY permission
    ADD CONSTRAINT authority_name UNIQUE (name);


--
-- Name: permission authority_pkey; Type: CONSTRAINT; Schema: security; Owner: security_owner
--

ALTER TABLE ONLY permission
    ADD CONSTRAINT authority_pkey PRIMARY KEY (id);


--
-- Name: clientdetails clientdetails_pkey; Type: CONSTRAINT; Schema: security; Owner: security_owner
--

ALTER TABLE ONLY clientdetails
    ADD CONSTRAINT clientdetails_pkey PRIMARY KEY (appid);


--
-- Name: device_metadata device_metadata_pkey; Type: CONSTRAINT; Schema: security; Owner: security_owner
--

ALTER TABLE ONLY device_metadata
    ADD CONSTRAINT device_metadata_pkey PRIMARY KEY (id);


--
-- Name: new_location_token new_location_token_pkey; Type: CONSTRAINT; Schema: security; Owner: security_owner
--

ALTER TABLE ONLY new_location_token
    ADD CONSTRAINT new_location_token_pkey PRIMARY KEY (id);


--
-- Name: oauth_access_token oauth_access_token_pkey; Type: CONSTRAINT; Schema: security; Owner: security_owner
--

ALTER TABLE ONLY oauth_access_token
    ADD CONSTRAINT oauth_access_token_pkey PRIMARY KEY (authentication_id);


--
-- Name: oauth_client_details oauth_client_details_pkey; Type: CONSTRAINT; Schema: security; Owner: security_owner
--

ALTER TABLE ONLY oauth_client_details
    ADD CONSTRAINT oauth_client_details_pkey PRIMARY KEY (client_id);


--
-- Name: oauth_client_token oauth_client_token_pkey; Type: CONSTRAINT; Schema: security; Owner: security_owner
--

ALTER TABLE ONLY oauth_client_token
    ADD CONSTRAINT oauth_client_token_pkey PRIMARY KEY (authentication_id);


--
-- Name: password_reset_token password_reset_token_pkey; Type: CONSTRAINT; Schema: security; Owner: security_owner
--

ALTER TABLE ONLY password_reset_token
    ADD CONSTRAINT password_reset_token_pkey PRIMARY KEY (id);


--
-- Name: role_permission role_permission_pkey; Type: CONSTRAINT; Schema: security; Owner: security_owner
--

ALTER TABLE ONLY role_permission
    ADD CONSTRAINT role_permission_pkey PRIMARY KEY (id);


--
-- Name: role role_pkey; Type: CONSTRAINT; Schema: security; Owner: security_owner
--

ALTER TABLE ONLY role
    ADD CONSTRAINT role_pkey PRIMARY KEY (id);


--
-- Name: user_ user___pkey; Type: CONSTRAINT; Schema: security; Owner: security_owner
--

ALTER TABLE ONLY user_
    ADD CONSTRAINT user___pkey PRIMARY KEY (pty_id);


--
-- Name: user_location user_location_pkey; Type: CONSTRAINT; Schema: security; Owner: security_owner
--

ALTER TABLE ONLY user_location
    ADD CONSTRAINT user_location_pkey PRIMARY KEY (id);


--
-- Name: user_role user_role_pkey; Type: CONSTRAINT; Schema: security; Owner: security_owner
--

ALTER TABLE ONLY user_role
    ADD CONSTRAINT user_role_pkey PRIMARY KEY (id);


--
-- Name: user_ user_user_name; Type: CONSTRAINT; Schema: security; Owner: security_owner
--

ALTER TABLE ONLY user_
    ADD CONSTRAINT user_user_name UNIQUE (user_name);


SET search_path = mochi, pg_catalog;

--
-- Name: fki_product_attr_lcl_prd_id_fkey; Type: INDEX; Schema: mochi; Owner: mochidb_owner
--

CREATE INDEX fki_product_attr_lcl_prd_id_fkey ON product_attr_lcl USING btree (prd_id);


--
-- Name: fki_promotion_attr_lcl_prm_id_fkey; Type: INDEX; Schema: mochi; Owner: mochidb_owner
--

CREATE INDEX fki_promotion_attr_lcl_prm_id_fkey ON promotion_attr_lcl USING btree (prm_id);


--
-- Name: role_role_typ_id_role_start_dttm_party_id_key; Type: INDEX; Schema: mochi; Owner: mochidb_owner
--

CREATE UNIQUE INDEX role_role_typ_id_role_start_dttm_party_id_key ON role USING btree (rle_typ_id, rle_start_dt, pty_id);


--
-- Name: accessories_attr_lcl accessories_attr_lcl_lcl_cd_fkey; Type: FK CONSTRAINT; Schema: mochi; Owner: mochidb_owner
--

ALTER TABLE ONLY accessories_attr_lcl
    ADD CONSTRAINT accessories_attr_lcl_lcl_cd_fkey FOREIGN KEY (lcl_cd) REFERENCES locale(lcl_cd);


--
-- Name: accessories_attr_lcl accessories_attr_lcl_prd_id_fkey; Type: FK CONSTRAINT; Schema: mochi; Owner: mochidb_owner
--

ALTER TABLE ONLY accessories_attr_lcl
    ADD CONSTRAINT accessories_attr_lcl_prd_id_fkey FOREIGN KEY (prd_id) REFERENCES product_basic(prd_id);


--
-- Name: bag_item bag_item_bag_id_bag_bag_id_fkey; Type: FK CONSTRAINT; Schema: mochi; Owner: mochidb_owner
--

ALTER TABLE ONLY bag_item
    ADD CONSTRAINT bag_item_bag_id_bag_bag_id_fkey FOREIGN KEY (bag_id) REFERENCES bag(bag_id);


--
-- Name: bag_item bag_item_sts_id_bag_item_sts_bag_item_sts_id_fkey; Type: FK CONSTRAINT; Schema: mochi; Owner: mochidb_owner
--

ALTER TABLE ONLY bag_item
    ADD CONSTRAINT bag_item_sts_id_bag_item_sts_bag_item_sts_id_fkey FOREIGN KEY (bag_item_sts_id) REFERENCES bag_item_status(bag_item_sts_id);


--
-- Name: bag bag_pty_id_party_pty_id_fkey; Type: FK CONSTRAINT; Schema: mochi; Owner: mochidb_owner
--

ALTER TABLE ONLY bag
    ADD CONSTRAINT bag_pty_id_party_pty_id_fkey FOREIGN KEY (pty_id) REFERENCES party(pty_id);


--
-- Name: brand_attr_lcl brand_attr_lcl_bnd_id_fkey; Type: FK CONSTRAINT; Schema: mochi; Owner: mochidb_owner
--

ALTER TABLE ONLY brand_attr_lcl
    ADD CONSTRAINT brand_attr_lcl_bnd_id_fkey FOREIGN KEY (bnd_id) REFERENCES brand(bnd_id) ON UPDATE RESTRICT ON DELETE RESTRICT;


--
-- Name: brand_attr_lcl brand_attr_lcl_lcl_cd_fkey; Type: FK CONSTRAINT; Schema: mochi; Owner: mochidb_owner
--

ALTER TABLE ONLY brand_attr_lcl
    ADD CONSTRAINT brand_attr_lcl_lcl_cd_fkey FOREIGN KEY (lcl_cd) REFERENCES locale(lcl_cd);


--
-- Name: brand_category brand_category_bnd_id_brand_bnd_id_fkey; Type: FK CONSTRAINT; Schema: mochi; Owner: mochidb_owner
--

ALTER TABLE ONLY brand_category
    ADD CONSTRAINT brand_category_bnd_id_brand_bnd_id_fkey FOREIGN KEY (bnd_id) REFERENCES brand(bnd_id) ON UPDATE RESTRICT ON DELETE RESTRICT;


--
-- Name: brand_category brand_category_cat_id_category_cat_id_fkey; Type: FK CONSTRAINT; Schema: mochi; Owner: mochidb_owner
--

ALTER TABLE ONLY brand_category
    ADD CONSTRAINT brand_category_cat_id_category_cat_id_fkey FOREIGN KEY (cat_id) REFERENCES category(cat_id) ON UPDATE RESTRICT ON DELETE RESTRICT;


--
-- Name: category_attr_lcl category_attr_lcl_cat_id_fkey; Type: FK CONSTRAINT; Schema: mochi; Owner: mochidb_owner
--

ALTER TABLE ONLY category_attr_lcl
    ADD CONSTRAINT category_attr_lcl_cat_id_fkey FOREIGN KEY (cat_id) REFERENCES category(cat_id) ON UPDATE RESTRICT ON DELETE RESTRICT;


--
-- Name: category_attr_lcl category_attr_lcl_lcl_cd_fkey; Type: FK CONSTRAINT; Schema: mochi; Owner: mochidb_owner
--

ALTER TABLE ONLY category_attr_lcl
    ADD CONSTRAINT category_attr_lcl_lcl_cd_fkey FOREIGN KEY (lcl_cd) REFERENCES locale(lcl_cd);


--
-- Name: category_brand category_brand_cat_id_category_cat_id_fkey; Type: FK CONSTRAINT; Schema: mochi; Owner: mochidb_owner
--

ALTER TABLE ONLY category_brand
    ADD CONSTRAINT category_brand_cat_id_category_cat_id_fkey FOREIGN KEY (cat_id) REFERENCES category(cat_id) ON UPDATE RESTRICT ON DELETE RESTRICT;


--
-- Name: category_product category_product_cat_id_category_cat_id_fkey; Type: FK CONSTRAINT; Schema: mochi; Owner: mochidb_owner
--

ALTER TABLE ONLY category_product
    ADD CONSTRAINT category_product_cat_id_category_cat_id_fkey FOREIGN KEY (cat_id) REFERENCES category(cat_id) ON UPDATE RESTRICT ON DELETE RESTRICT;


--
-- Name: customer customer_role_id_fkey; Type: FK CONSTRAINT; Schema: mochi; Owner: mochidb_owner
--

ALTER TABLE ONLY customer
    ADD CONSTRAINT customer_role_id_fkey FOREIGN KEY (rle_id) REFERENCES role(rle_id) ON UPDATE RESTRICT ON DELETE RESTRICT;


--
-- Name: department_attr_lcl department_attr_lcl_dept_id_fkey; Type: FK CONSTRAINT; Schema: mochi; Owner: mochidb_owner
--

ALTER TABLE ONLY department_attr_lcl
    ADD CONSTRAINT department_attr_lcl_dept_id_fkey FOREIGN KEY (dept_id) REFERENCES department(dept_id);


--
-- Name: department_attr_lcl department_attr_lcl_lcl_cd_fkey; Type: FK CONSTRAINT; Schema: mochi; Owner: mochidb_owner
--

ALTER TABLE ONLY department_attr_lcl
    ADD CONSTRAINT department_attr_lcl_lcl_cd_fkey FOREIGN KEY (lcl_cd) REFERENCES locale(lcl_cd);


--
-- Name: inventory_transaction inventory_transaction_ccy_id_currency_ccy_id; Type: FK CONSTRAINT; Schema: mochi; Owner: mochidb_owner
--

ALTER TABLE ONLY inventory_transaction
    ADD CONSTRAINT inventory_transaction_ccy_id_currency_ccy_id FOREIGN KEY (inv_ccy_id) REFERENCES currency(ccy_id);


--
-- Name: inventory_transaction inventory_transaction_inv_loc_id_inventory_location_inv_loc_id; Type: FK CONSTRAINT; Schema: mochi; Owner: mochidb_owner
--

ALTER TABLE ONLY inventory_transaction
    ADD CONSTRAINT inventory_transaction_inv_loc_id_inventory_location_inv_loc_id FOREIGN KEY (inv_loc_id) REFERENCES inventory_location(inv_loc_id);


--
-- Name: inventory_transaction inventory_transaction_inv_prd_id_product_prd_id; Type: FK CONSTRAINT; Schema: mochi; Owner: mochidb_owner
--

ALTER TABLE ONLY inventory_transaction
    ADD CONSTRAINT inventory_transaction_inv_prd_id_product_prd_id FOREIGN KEY (inv_prd_id) REFERENCES product(prd_id);


--
-- Name: inventory_transaction inventory_transaction_inv_pty_id_supplier_pty_id; Type: FK CONSTRAINT; Schema: mochi; Owner: mochidb_owner
--

ALTER TABLE ONLY inventory_transaction
    ADD CONSTRAINT inventory_transaction_inv_pty_id_supplier_pty_id FOREIGN KEY (inv_pty_id) REFERENCES party(pty_id);


--
-- Name: inventory_transaction inventory_transaction_inv_trx_typ_id_inventory_transaction_type; Type: FK CONSTRAINT; Schema: mochi; Owner: mochidb_owner
--

ALTER TABLE ONLY inventory_transaction
    ADD CONSTRAINT inventory_transaction_inv_trx_typ_id_inventory_transaction_type FOREIGN KEY (inv_trx_typ_id) REFERENCES inventory_transaction_type(inv_trx_typ_id);


--
-- Name: order_line order_line_order_id_fkey; Type: FK CONSTRAINT; Schema: mochi; Owner: mochidb_owner
--

ALTER TABLE ONLY order_line
    ADD CONSTRAINT order_line_order_id_fkey FOREIGN KEY (ord_id) REFERENCES "order"(ord_id) ON UPDATE RESTRICT ON DELETE RESTRICT;


--
-- Name: order_line order_line_product_id_fkey; Type: FK CONSTRAINT; Schema: mochi; Owner: mochidb_owner
--

ALTER TABLE ONLY order_line
    ADD CONSTRAINT order_line_product_id_fkey FOREIGN KEY (prd_id) REFERENCES product(prd_id) ON UPDATE RESTRICT ON DELETE RESTRICT;


--
-- Name: order orders_party_id_fkey; Type: FK CONSTRAINT; Schema: mochi; Owner: mochidb_owner
--

ALTER TABLE ONLY "order"
    ADD CONSTRAINT orders_party_id_fkey FOREIGN KEY (pty_id) REFERENCES party(pty_id) ON UPDATE RESTRICT ON DELETE RESTRICT;


--
-- Name: organisation organisation_org_id_fkey; Type: FK CONSTRAINT; Schema: mochi; Owner: mochidb_owner
--

ALTER TABLE ONLY organisation
    ADD CONSTRAINT organisation_org_id_fkey FOREIGN KEY (org_id) REFERENCES party(pty_id) ON UPDATE RESTRICT ON DELETE RESTRICT;


--
-- Name: party party_pty_typ_id_fkey; Type: FK CONSTRAINT; Schema: mochi; Owner: mochidb_owner
--

ALTER TABLE ONLY party
    ADD CONSTRAINT party_pty_typ_id_fkey FOREIGN KEY (pty_typ_id) REFERENCES party_type(pty_typ_id) ON UPDATE RESTRICT ON DELETE RESTRICT;


--
-- Name: person person_person_id_fkey; Type: FK CONSTRAINT; Schema: mochi; Owner: mochidb_owner
--

ALTER TABLE ONLY person
    ADD CONSTRAINT person_person_id_fkey FOREIGN KEY (psn_id) REFERENCES party(pty_id) ON UPDATE RESTRICT ON DELETE RESTRICT;


--
-- Name: product_basic product_accessories_prd_id_fkey; Type: FK CONSTRAINT; Schema: mochi; Owner: mochidb_owner
--

ALTER TABLE ONLY product_basic
    ADD CONSTRAINT product_accessories_prd_id_fkey FOREIGN KEY (prd_id) REFERENCES product(prd_id);


--
-- Name: product_attr_lcl product_attr_lcl_lcl_cd_fkey; Type: FK CONSTRAINT; Schema: mochi; Owner: mochidb_owner
--

ALTER TABLE ONLY product_attr_lcl
    ADD CONSTRAINT product_attr_lcl_lcl_cd_fkey FOREIGN KEY (lcl_cd) REFERENCES locale(lcl_cd);


--
-- Name: product_attr_lcl product_attr_lcl_prd_id_fkey; Type: FK CONSTRAINT; Schema: mochi; Owner: mochidb_owner
--

ALTER TABLE ONLY product_attr_lcl
    ADD CONSTRAINT product_attr_lcl_prd_id_fkey FOREIGN KEY (prd_id) REFERENCES product(prd_id);


--
-- Name: product_category product_category_cat_id_category_cat_id_fkey; Type: FK CONSTRAINT; Schema: mochi; Owner: mochidb_owner
--

ALTER TABLE ONLY product_category
    ADD CONSTRAINT product_category_cat_id_category_cat_id_fkey FOREIGN KEY (cat_id) REFERENCES category(cat_id) ON UPDATE RESTRICT ON DELETE RESTRICT;


--
-- Name: product_category product_category_prd_id_product_prd_id_fkey; Type: FK CONSTRAINT; Schema: mochi; Owner: mochidb_owner
--

ALTER TABLE ONLY product_category
    ADD CONSTRAINT product_category_prd_id_product_prd_id_fkey FOREIGN KEY (prd_id) REFERENCES product(prd_id) ON UPDATE RESTRICT ON DELETE RESTRICT;


--
-- Name: product_shipping product_shipping_prd_id_fkey; Type: FK CONSTRAINT; Schema: mochi; Owner: mochidb_owner
--

ALTER TABLE ONLY product_shipping
    ADD CONSTRAINT product_shipping_prd_id_fkey FOREIGN KEY (prd_id) REFERENCES product(prd_id);


--
-- Name: product product_sts_id_product_status_sts_id_fkey; Type: FK CONSTRAINT; Schema: mochi; Owner: mochidb_owner
--

ALTER TABLE ONLY product
    ADD CONSTRAINT product_sts_id_product_status_sts_id_fkey FOREIGN KEY (prd_sts_id) REFERENCES product_status(prd_sts_id) ON UPDATE RESTRICT ON DELETE RESTRICT;


--
-- Name: product_tag product_tag_prd_id_product_prd_id_fkey; Type: FK CONSTRAINT; Schema: mochi; Owner: mochidb_owner
--

ALTER TABLE ONLY product_tag
    ADD CONSTRAINT product_tag_prd_id_product_prd_id_fkey FOREIGN KEY (prd_id) REFERENCES product(prd_id) ON UPDATE RESTRICT ON DELETE RESTRICT;


--
-- Name: product_tag product_tag_tag_id_tag_tag_id_fkey; Type: FK CONSTRAINT; Schema: mochi; Owner: mochidb_owner
--

ALTER TABLE ONLY product_tag
    ADD CONSTRAINT product_tag_tag_id_tag_tag_id_fkey FOREIGN KEY (tag_id) REFERENCES tag(tag_id) ON UPDATE RESTRICT ON DELETE RESTRICT;


--
-- Name: product product_typ_id_product_type_typ_id_fkey; Type: FK CONSTRAINT; Schema: mochi; Owner: mochidb_owner
--

ALTER TABLE ONLY product
    ADD CONSTRAINT product_typ_id_product_type_typ_id_fkey FOREIGN KEY (dept_id) REFERENCES department(dept_id) ON UPDATE RESTRICT ON DELETE RESTRICT;


--
-- Name: promotion_attr_lcl promotion_attr_lcl_lcl_cd_fkey; Type: FK CONSTRAINT; Schema: mochi; Owner: mochidb_owner
--

ALTER TABLE ONLY promotion_attr_lcl
    ADD CONSTRAINT promotion_attr_lcl_lcl_cd_fkey FOREIGN KEY (lcl_cd) REFERENCES locale(lcl_cd);


--
-- Name: promotion_attr_lcl promotion_attr_lcl_prm_id_fkey; Type: FK CONSTRAINT; Schema: mochi; Owner: mochidb_owner
--

ALTER TABLE ONLY promotion_attr_lcl
    ADD CONSTRAINT promotion_attr_lcl_prm_id_fkey FOREIGN KEY (prm_id) REFERENCES promotion(prm_id);


--
-- Name: promotion_bngnpct promotion_bngnf_prm_id_fkey; Type: FK CONSTRAINT; Schema: mochi; Owner: mochidb_owner
--

ALTER TABLE ONLY promotion_bngnpct
    ADD CONSTRAINT promotion_bngnf_prm_id_fkey FOREIGN KEY (prm_id) REFERENCES promotion(prm_id) ON UPDATE RESTRICT ON DELETE RESTRICT;


--
-- Name: promotion_pctmkd promotion_pctmkd_prm_id_fkey; Type: FK CONSTRAINT; Schema: mochi; Owner: mochidb_owner
--

ALTER TABLE ONLY promotion_pctmkd
    ADD CONSTRAINT promotion_pctmkd_prm_id_fkey FOREIGN KEY (prm_id) REFERENCES promotion(prm_id) ON UPDATE RESTRICT ON DELETE RESTRICT;


--
-- Name: role role_party_id_fkey; Type: FK CONSTRAINT; Schema: mochi; Owner: mochidb_owner
--

ALTER TABLE ONLY role
    ADD CONSTRAINT role_party_id_fkey FOREIGN KEY (pty_id) REFERENCES party(pty_id) ON UPDATE RESTRICT ON DELETE RESTRICT;


--
-- Name: role role_role_typ_id_fkey; Type: FK CONSTRAINT; Schema: mochi; Owner: mochidb_owner
--

ALTER TABLE ONLY role
    ADD CONSTRAINT role_role_typ_id_fkey FOREIGN KEY (rle_typ_id) REFERENCES role_type(rle_typ_id) ON UPDATE RESTRICT ON DELETE RESTRICT;


--
-- Name: stock_on_hand stock_on_hand_prd_id_fkey; Type: FK CONSTRAINT; Schema: mochi; Owner: mochidb_owner
--

ALTER TABLE ONLY stock_on_hand
    ADD CONSTRAINT stock_on_hand_prd_id_fkey FOREIGN KEY (soh_prd_id) REFERENCES product(prd_id);


--
-- Name: supplier supplier_role_id_fkey; Type: FK CONSTRAINT; Schema: mochi; Owner: mochidb_owner
--

ALTER TABLE ONLY supplier
    ADD CONSTRAINT supplier_role_id_fkey FOREIGN KEY (rle_id) REFERENCES role(rle_id) ON UPDATE RESTRICT ON DELETE RESTRICT;


--
-- Name: tag_attr_lcl tag_attr_lcl_lcl_cd_fkey; Type: FK CONSTRAINT; Schema: mochi; Owner: mochidb_owner
--

ALTER TABLE ONLY tag_attr_lcl
    ADD CONSTRAINT tag_attr_lcl_lcl_cd_fkey FOREIGN KEY (lcl_cd) REFERENCES locale(lcl_cd);


--
-- Name: tag_attr_lcl tag_attr_lcl_tag_id_fkey; Type: FK CONSTRAINT; Schema: mochi; Owner: mochidb_owner
--

ALTER TABLE ONLY tag_attr_lcl
    ADD CONSTRAINT tag_attr_lcl_tag_id_fkey FOREIGN KEY (tag_id) REFERENCES tag(tag_id) ON UPDATE RESTRICT ON DELETE RESTRICT;


SET search_path = security, pg_catalog;

--
-- Name: new_location_token new_location_token_user_location; Type: FK CONSTRAINT; Schema: security; Owner: security_owner
--

ALTER TABLE ONLY new_location_token
    ADD CONSTRAINT new_location_token_user_location FOREIGN KEY (user_location_id) REFERENCES user_location(id);


--
-- Name: password_reset_token password_reset_token_user; Type: FK CONSTRAINT; Schema: security; Owner: security_owner
--

ALTER TABLE ONLY password_reset_token
    ADD CONSTRAINT password_reset_token_user FOREIGN KEY (pty_id) REFERENCES user_(pty_id);


--
-- Name: role_permission role_permission_permission; Type: FK CONSTRAINT; Schema: security; Owner: security_owner
--

ALTER TABLE ONLY role_permission
    ADD CONSTRAINT role_permission_permission FOREIGN KEY (permission_id) REFERENCES permission(id);


--
-- Name: role_permission role_permission_role; Type: FK CONSTRAINT; Schema: security; Owner: security_owner
--

ALTER TABLE ONLY role_permission
    ADD CONSTRAINT role_permission_role FOREIGN KEY (role_id) REFERENCES role(id);


--
-- Name: user_location user_location_user; Type: FK CONSTRAINT; Schema: security; Owner: security_owner
--

ALTER TABLE ONLY user_location
    ADD CONSTRAINT user_location_user FOREIGN KEY (pty_id) REFERENCES user_(pty_id);


--
-- Name: user_role user_role_role; Type: FK CONSTRAINT; Schema: security; Owner: security_owner
--

ALTER TABLE ONLY user_role
    ADD CONSTRAINT user_role_role FOREIGN KEY (role_id) REFERENCES role(id);


--
-- Name: user_role user_role_user_; Type: FK CONSTRAINT; Schema: security; Owner: security_owner
--

ALTER TABLE ONLY user_role
    ADD CONSTRAINT user_role_user_ FOREIGN KEY (pty_id) REFERENCES user_(pty_id);


--
-- Name: verification_token verification_token_user; Type: FK CONSTRAINT; Schema: security; Owner: security_owner
--

ALTER TABLE ONLY verification_token
    ADD CONSTRAINT verification_token_user FOREIGN KEY (pty_id) REFERENCES user_(pty_id);


--
-- Name: mochi; Type: ACL; Schema: -; Owner: mochidb_owner
--

GRANT ALL ON SCHEMA mochi TO security_owner;
GRANT USAGE ON SCHEMA mochi TO security_app;
GRANT USAGE ON SCHEMA mochi TO mochi_app;


--
-- Name: public; Type: ACL; Schema: -; Owner: danielmackie
--

GRANT ALL ON SCHEMA public TO postgres;


--
-- Name: security; Type: ACL; Schema: -; Owner: security_owner
--

GRANT USAGE ON SCHEMA security TO security_app;
GRANT USAGE ON SCHEMA security TO mochi_app;


SET search_path = mochi, pg_catalog;

--
-- Name: accessories_attr_lcl; Type: ACL; Schema: mochi; Owner: mochidb_owner
--

GRANT SELECT,INSERT,DELETE,UPDATE ON TABLE accessories_attr_lcl TO mochi_app;


--
-- Name: address; Type: ACL; Schema: mochi; Owner: mochidb_owner
--

GRANT SELECT,INSERT,DELETE,UPDATE ON TABLE address TO mochi_app;


--
-- Name: address_type; Type: ACL; Schema: mochi; Owner: mochidb_owner
--

GRANT SELECT,INSERT,DELETE,UPDATE ON TABLE address_type TO mochi_app;


--
-- Name: bag_bag_id_seq; Type: ACL; Schema: mochi; Owner: mochidb_owner
--

GRANT ALL ON SEQUENCE bag_bag_id_seq TO mochi_app;


--
-- Name: bag; Type: ACL; Schema: mochi; Owner: mochidb_owner
--

GRANT SELECT,INSERT,DELETE,UPDATE ON TABLE bag TO mochi_app;


--
-- Name: bag_item; Type: ACL; Schema: mochi; Owner: mochidb_owner
--

GRANT SELECT,INSERT,DELETE,UPDATE ON TABLE bag_item TO mochi_app;


--
-- Name: bag_status_bag_sts_id_seq; Type: ACL; Schema: mochi; Owner: mochidb_owner
--

GRANT ALL ON SEQUENCE bag_status_bag_sts_id_seq TO mochi_app;


--
-- Name: bag_item_status; Type: ACL; Schema: mochi; Owner: mochidb_owner
--

GRANT SELECT,INSERT,DELETE,UPDATE ON TABLE bag_item_status TO mochi_app;


--
-- Name: brand_bnd_id_seq; Type: ACL; Schema: mochi; Owner: mochidb_owner
--

GRANT ALL ON SEQUENCE brand_bnd_id_seq TO mochi_app;


--
-- Name: brand; Type: ACL; Schema: mochi; Owner: mochidb_owner
--

GRANT SELECT,INSERT,DELETE,UPDATE ON TABLE brand TO mochi_app;


--
-- Name: brand_attr_lcl_bnd_id_seq; Type: ACL; Schema: mochi; Owner: mochidb_owner
--

GRANT ALL ON SEQUENCE brand_attr_lcl_bnd_id_seq TO mochi_app;


--
-- Name: brand_attr_lcl; Type: ACL; Schema: mochi; Owner: mochidb_owner
--

GRANT SELECT,INSERT,DELETE,UPDATE ON TABLE brand_attr_lcl TO mochi_app;


--
-- Name: brand_category_bnd_cat_id_seq; Type: ACL; Schema: mochi; Owner: mochidb_owner
--

GRANT ALL ON SEQUENCE brand_category_bnd_cat_id_seq TO mochi_app;


--
-- Name: brand_category; Type: ACL; Schema: mochi; Owner: mochidb_owner
--

GRANT SELECT,INSERT,DELETE,UPDATE ON TABLE brand_category TO mochi_app;


--
-- Name: category_cat_id_seq; Type: ACL; Schema: mochi; Owner: mochidb_owner
--

GRANT ALL ON SEQUENCE category_cat_id_seq TO mochi_app;


--
-- Name: category; Type: ACL; Schema: mochi; Owner: mochidb_owner
--

GRANT SELECT,INSERT,DELETE,UPDATE ON TABLE category TO mochi_app;


--
-- Name: category_attr_lcl_cat_id_seq; Type: ACL; Schema: mochi; Owner: mochidb_owner
--

GRANT ALL ON SEQUENCE category_attr_lcl_cat_id_seq TO mochi_app;


--
-- Name: category_attr_lcl; Type: ACL; Schema: mochi; Owner: mochidb_owner
--

GRANT SELECT,INSERT,DELETE,UPDATE ON TABLE category_attr_lcl TO mochi_app;


--
-- Name: category_brand; Type: ACL; Schema: mochi; Owner: mochidb_owner
--

GRANT SELECT,INSERT,DELETE,UPDATE ON TABLE category_brand TO mochi_app;


--
-- Name: category_product; Type: ACL; Schema: mochi; Owner: mochidb_owner
--

GRANT SELECT,INSERT,DELETE,UPDATE ON TABLE category_product TO mochi_app;


--
-- Name: category_promotion; Type: ACL; Schema: mochi; Owner: mochidb_owner
--

GRANT SELECT,INSERT,DELETE,UPDATE ON TABLE category_promotion TO mochi_app;


--
-- Name: category_type_cat_typ_id_seq; Type: ACL; Schema: mochi; Owner: mochidb_owner
--

GRANT ALL ON SEQUENCE category_type_cat_typ_id_seq TO mochi_app;


--
-- Name: category_type; Type: ACL; Schema: mochi; Owner: mochidb_owner
--

GRANT SELECT,INSERT,DELETE,UPDATE ON TABLE category_type TO mochi_app;


--
-- Name: currency; Type: ACL; Schema: mochi; Owner: mochidb_owner
--

GRANT SELECT,INSERT,DELETE,UPDATE ON TABLE currency TO mochi_app;


--
-- Name: customer_cst_num_seq; Type: ACL; Schema: mochi; Owner: mochidb_owner
--

GRANT ALL ON SEQUENCE customer_cst_num_seq TO mochi_app;


--
-- Name: customer; Type: ACL; Schema: mochi; Owner: mochidb_owner
--

GRANT SELECT ON TABLE customer TO security_app;
GRANT SELECT,INSERT,DELETE,UPDATE ON TABLE customer TO mochi_app;


--
-- Name: product_type_prd_typ_id_seq; Type: ACL; Schema: mochi; Owner: mochidb_owner
--

GRANT ALL ON SEQUENCE product_type_prd_typ_id_seq TO mochi_app;


--
-- Name: department; Type: ACL; Schema: mochi; Owner: mochidb_owner
--

GRANT SELECT,INSERT,DELETE,UPDATE ON TABLE department TO mochi_app;


--
-- Name: department_attr_lcl; Type: ACL; Schema: mochi; Owner: mochidb_owner
--

GRANT SELECT,INSERT,DELETE,UPDATE ON TABLE department_attr_lcl TO mochi_app;


--
-- Name: discount; Type: ACL; Schema: mochi; Owner: mochidb_owner
--

GRANT SELECT,INSERT,DELETE,UPDATE ON TABLE discount TO mochi_app;


--
-- Name: discount_type; Type: ACL; Schema: mochi; Owner: mochidb_owner
--

GRANT SELECT,INSERT,DELETE,UPDATE ON TABLE discount_type TO mochi_app;


--
-- Name: hibernate_sequence; Type: ACL; Schema: mochi; Owner: mochidb_owner
--

GRANT ALL ON SEQUENCE hibernate_sequence TO mochi_app;


--
-- Name: hierarchy_hir_id_seq; Type: ACL; Schema: mochi; Owner: mochidb_owner
--

GRANT ALL ON SEQUENCE hierarchy_hir_id_seq TO mochi_app;


--
-- Name: inventory_location; Type: ACL; Schema: mochi; Owner: mochidb_owner
--

GRANT SELECT,INSERT,DELETE,UPDATE ON TABLE inventory_location TO mochi_app;


--
-- Name: inventory_transaction_inv_trx_id_seq; Type: ACL; Schema: mochi; Owner: mochidb_owner
--

GRANT ALL ON SEQUENCE inventory_transaction_inv_trx_id_seq TO mochi_app;


--
-- Name: inventory_transaction; Type: ACL; Schema: mochi; Owner: mochidb_owner
--

GRANT SELECT,INSERT,DELETE,UPDATE ON TABLE inventory_transaction TO mochi_app;


--
-- Name: inventory_transaction_type; Type: ACL; Schema: mochi; Owner: mochidb_owner
--

GRANT SELECT,INSERT,DELETE,UPDATE ON TABLE inventory_transaction_type TO mochi_app;


--
-- Name: layout_category_lay_cat_id_seq; Type: ACL; Schema: mochi; Owner: mochidb_owner
--

GRANT ALL ON SEQUENCE layout_category_lay_cat_id_seq TO mochi_app;


--
-- Name: layout_lay_id_seq; Type: ACL; Schema: mochi; Owner: mochidb_owner
--

GRANT ALL ON SEQUENCE layout_lay_id_seq TO mochi_app;


--
-- Name: locale; Type: ACL; Schema: mochi; Owner: mochidb_owner
--

GRANT SELECT,INSERT,DELETE,UPDATE ON TABLE locale TO mochi_app;


--
-- Name: order; Type: ACL; Schema: mochi; Owner: mochidb_owner
--

GRANT SELECT,INSERT,DELETE,UPDATE ON TABLE "order" TO mochi_app;


--
-- Name: order_line; Type: ACL; Schema: mochi; Owner: mochidb_owner
--

GRANT SELECT,INSERT,DELETE,UPDATE ON TABLE order_line TO mochi_app;


--
-- Name: organisation; Type: ACL; Schema: mochi; Owner: mochidb_owner
--

GRANT SELECT ON TABLE organisation TO security_app;
GRANT SELECT,INSERT,DELETE,UPDATE ON TABLE organisation TO mochi_app;


--
-- Name: party; Type: ACL; Schema: mochi; Owner: mochidb_owner
--

GRANT SELECT ON TABLE party TO security_app;
GRANT SELECT,INSERT,DELETE,UPDATE ON TABLE party TO mochi_app;


--
-- Name: party_party_id_seq; Type: ACL; Schema: mochi; Owner: mochidb_owner
--

GRANT ALL ON SEQUENCE party_party_id_seq TO mochi_app;


--
-- Name: party_pty_id_seq; Type: ACL; Schema: mochi; Owner: mochidb_owner
--

GRANT ALL ON SEQUENCE party_pty_id_seq TO mochi_app;


--
-- Name: party_type; Type: ACL; Schema: mochi; Owner: mochidb_owner
--

GRANT SELECT ON TABLE party_type TO security_app;
GRANT SELECT,INSERT,DELETE,UPDATE ON TABLE party_type TO mochi_app;


--
-- Name: party_type_pty_typ_id_seq; Type: ACL; Schema: mochi; Owner: mochidb_owner
--

GRANT ALL ON SEQUENCE party_type_pty_typ_id_seq TO mochi_app;


--
-- Name: person; Type: ACL; Schema: mochi; Owner: mochidb_owner
--

GRANT SELECT ON TABLE person TO security_app;
GRANT SELECT,INSERT,DELETE,UPDATE ON TABLE person TO mochi_app;


--
-- Name: person_id_seq; Type: ACL; Schema: mochi; Owner: mochidb_owner
--

GRANT ALL ON SEQUENCE person_id_seq TO mochi_app;


--
-- Name: price_prc_id_seq; Type: ACL; Schema: mochi; Owner: mochidb_owner
--

GRANT ALL ON SEQUENCE price_prc_id_seq TO mochi_app;


--
-- Name: price; Type: ACL; Schema: mochi; Owner: mochidb_owner
--

GRANT SELECT,INSERT,DELETE,UPDATE ON TABLE price TO mochi_app;


--
-- Name: price_type; Type: ACL; Schema: mochi; Owner: mochidb_owner
--

GRANT SELECT,INSERT,DELETE,UPDATE ON TABLE price_type TO mochi_app;


--
-- Name: product; Type: ACL; Schema: mochi; Owner: mochidb_owner
--

GRANT SELECT,INSERT,DELETE,UPDATE ON TABLE product TO mochi_app;


--
-- Name: product_attr_lcl; Type: ACL; Schema: mochi; Owner: mochidb_owner
--

GRANT SELECT,INSERT,DELETE,UPDATE ON TABLE product_attr_lcl TO mochi_app;


--
-- Name: product_basic; Type: ACL; Schema: mochi; Owner: mochidb_owner
--

GRANT SELECT,INSERT,DELETE,UPDATE ON TABLE product_basic TO mochi_app;


--
-- Name: product_category_prd_cat_id_seq; Type: ACL; Schema: mochi; Owner: mochidb_owner
--

GRANT ALL ON SEQUENCE product_category_prd_cat_id_seq TO mochi_app;


--
-- Name: product_category; Type: ACL; Schema: mochi; Owner: mochidb_owner
--

GRANT SELECT,INSERT,DELETE,UPDATE ON TABLE product_category TO mochi_app;


--
-- Name: product_promotion; Type: ACL; Schema: mochi; Owner: mochidb_owner
--

GRANT SELECT,INSERT,DELETE,UPDATE ON TABLE product_promotion TO mochi_app;


--
-- Name: product_rating_prd_rat_id_seq; Type: ACL; Schema: mochi; Owner: mochidb_owner
--

GRANT ALL ON SEQUENCE product_rating_prd_rat_id_seq TO mochi_app;


--
-- Name: product_rating; Type: ACL; Schema: mochi; Owner: mochidb_owner
--

GRANT SELECT,INSERT,DELETE,UPDATE ON TABLE product_rating TO mochi_app;


--
-- Name: product_shipping; Type: ACL; Schema: mochi; Owner: mochidb_owner
--

GRANT SELECT,INSERT,DELETE,UPDATE ON TABLE product_shipping TO mochi_app;


--
-- Name: product_status_prd_sts_id_seq; Type: ACL; Schema: mochi; Owner: mochidb_owner
--

GRANT ALL ON SEQUENCE product_status_prd_sts_id_seq TO mochi_app;


--
-- Name: product_status; Type: ACL; Schema: mochi; Owner: mochidb_owner
--

GRANT SELECT,INSERT,DELETE,UPDATE ON TABLE product_status TO mochi_app;


--
-- Name: product_supplier; Type: ACL; Schema: mochi; Owner: mochidb_owner
--

GRANT SELECT,INSERT,DELETE,UPDATE ON TABLE product_supplier TO mochi_app;


--
-- Name: product_tag_prd_tag_id_seq; Type: ACL; Schema: mochi; Owner: mochidb_owner
--

GRANT ALL ON SEQUENCE product_tag_prd_tag_id_seq TO mochi_app;


--
-- Name: product_tag; Type: ACL; Schema: mochi; Owner: mochidb_owner
--

GRANT SELECT,INSERT,DELETE,UPDATE ON TABLE product_tag TO mochi_app;


--
-- Name: product_tag_attr_lcl_tag_id_seq; Type: ACL; Schema: mochi; Owner: mochidb_owner
--

GRANT ALL ON SEQUENCE product_tag_attr_lcl_tag_id_seq TO mochi_app;


--
-- Name: promotion; Type: ACL; Schema: mochi; Owner: mochidb_owner
--

GRANT SELECT,INSERT,DELETE,UPDATE ON TABLE promotion TO mochi_app;


--
-- Name: promotion_attr_lcl; Type: ACL; Schema: mochi; Owner: mochidb_owner
--

GRANT SELECT,INSERT,DELETE,UPDATE ON TABLE promotion_attr_lcl TO mochi_app;


--
-- Name: promotion_bngnpct; Type: ACL; Schema: mochi; Owner: mochidb_owner
--

GRANT SELECT,INSERT,DELETE,UPDATE ON TABLE promotion_bngnpct TO mochi_app;


--
-- Name: promotion_category_prm_cat_id_seq; Type: ACL; Schema: mochi; Owner: mochidb_owner
--

GRANT ALL ON SEQUENCE promotion_category_prm_cat_id_seq TO mochi_app;


--
-- Name: promotion_mechanic; Type: ACL; Schema: mochi; Owner: mochidb_owner
--

GRANT SELECT,INSERT,DELETE,UPDATE ON TABLE promotion_mechanic TO mochi_app;


--
-- Name: promotion_pctmkd; Type: ACL; Schema: mochi; Owner: mochidb_owner
--

GRANT SELECT,INSERT,DELETE,UPDATE ON TABLE promotion_pctmkd TO mochi_app;


--
-- Name: rating; Type: ACL; Schema: mochi; Owner: mochidb_owner
--

GRANT SELECT,INSERT,DELETE,UPDATE ON TABLE rating TO mochi_app;


--
-- Name: role_rle_id_seq; Type: ACL; Schema: mochi; Owner: mochidb_owner
--

GRANT ALL ON SEQUENCE role_rle_id_seq TO mochi_app;


--
-- Name: role; Type: ACL; Schema: mochi; Owner: mochidb_owner
--

GRANT SELECT ON TABLE role TO security_app;
GRANT SELECT,INSERT,DELETE,UPDATE ON TABLE role TO mochi_app;


--
-- Name: role_type; Type: ACL; Schema: mochi; Owner: mochidb_owner
--

GRANT SELECT ON TABLE role_type TO security_app;
GRANT SELECT,INSERT,DELETE,UPDATE ON TABLE role_type TO mochi_app;


--
-- Name: role_type_rle_typ_id_seq; Type: ACL; Schema: mochi; Owner: mochidb_owner
--

GRANT ALL ON SEQUENCE role_type_rle_typ_id_seq TO mochi_app;


--
-- Name: role_type_role_typ_id_seq; Type: ACL; Schema: mochi; Owner: mochidb_owner
--

GRANT ALL ON SEQUENCE role_type_role_typ_id_seq TO mochi_app;


--
-- Name: stock_on_hand; Type: ACL; Schema: mochi; Owner: mochidb_owner
--

GRANT SELECT,INSERT,DELETE,UPDATE ON TABLE stock_on_hand TO mochi_app;


--
-- Name: supplier_sup_num_seq; Type: ACL; Schema: mochi; Owner: mochidb_owner
--

GRANT ALL ON SEQUENCE supplier_sup_num_seq TO mochi_app;


--
-- Name: supplier; Type: ACL; Schema: mochi; Owner: mochidb_owner
--

GRANT SELECT,INSERT,DELETE,UPDATE ON TABLE supplier TO mochi_app;


--
-- Name: tag_tag_id_seq; Type: ACL; Schema: mochi; Owner: mochidb_owner
--

GRANT ALL ON SEQUENCE tag_tag_id_seq TO mochi_app;


--
-- Name: tag; Type: ACL; Schema: mochi; Owner: mochidb_owner
--

GRANT SELECT,INSERT,DELETE,UPDATE ON TABLE tag TO mochi_app;


--
-- Name: tag_attr_lcl_tag_id_seq; Type: ACL; Schema: mochi; Owner: mochidb_owner
--

GRANT ALL ON SEQUENCE tag_attr_lcl_tag_id_seq TO mochi_app;


--
-- Name: tag_attr_lcl; Type: ACL; Schema: mochi; Owner: mochidb_owner
--

GRANT SELECT,INSERT,DELETE,UPDATE ON TABLE tag_attr_lcl TO mochi_app;


SET search_path = security, pg_catalog;

--
-- Name: permission; Type: ACL; Schema: security; Owner: security_owner
--

GRANT SELECT,INSERT,DELETE,UPDATE ON TABLE permission TO security_app;
GRANT SELECT,INSERT,DELETE,UPDATE ON TABLE permission TO mochi_app;


--
-- Name: authority_id_seq; Type: ACL; Schema: security; Owner: security_owner
--

GRANT ALL ON SEQUENCE authority_id_seq TO mochi_app;
GRANT ALL ON SEQUENCE authority_id_seq TO security_app;


--
-- Name: clientdetails; Type: ACL; Schema: security; Owner: security_owner
--

GRANT SELECT,INSERT,DELETE,UPDATE ON TABLE clientdetails TO security_app;
GRANT SELECT,INSERT,DELETE,UPDATE ON TABLE clientdetails TO mochi_app;


--
-- Name: device_metadata; Type: ACL; Schema: security; Owner: security_owner
--

GRANT SELECT,INSERT,DELETE,UPDATE ON TABLE device_metadata TO security_app;
GRANT SELECT,INSERT,DELETE,UPDATE ON TABLE device_metadata TO mochi_app;


--
-- Name: hibernate_sequence; Type: ACL; Schema: security; Owner: security_owner
--

GRANT ALL ON SEQUENCE hibernate_sequence TO mochi_app;
GRANT ALL ON SEQUENCE hibernate_sequence TO security_app;


--
-- Name: new_location_token; Type: ACL; Schema: security; Owner: security_owner
--

GRANT SELECT,INSERT,DELETE,UPDATE ON TABLE new_location_token TO security_app;
GRANT SELECT,INSERT,DELETE,UPDATE ON TABLE new_location_token TO mochi_app;


--
-- Name: oauth_access_token; Type: ACL; Schema: security; Owner: security_owner
--

GRANT SELECT,INSERT,DELETE,UPDATE ON TABLE oauth_access_token TO security_app;
GRANT SELECT,INSERT,DELETE,UPDATE ON TABLE oauth_access_token TO mochi_app;


--
-- Name: oauth_approvals; Type: ACL; Schema: security; Owner: security_owner
--

GRANT SELECT,INSERT,DELETE,UPDATE ON TABLE oauth_approvals TO security_app;
GRANT SELECT,INSERT,DELETE,UPDATE ON TABLE oauth_approvals TO mochi_app;


--
-- Name: oauth_client_details; Type: ACL; Schema: security; Owner: security_owner
--

GRANT SELECT,INSERT,DELETE,UPDATE ON TABLE oauth_client_details TO security_app;
GRANT SELECT,INSERT,DELETE,UPDATE ON TABLE oauth_client_details TO mochi_app;


--
-- Name: oauth_client_token; Type: ACL; Schema: security; Owner: security_owner
--

GRANT SELECT,INSERT,DELETE,UPDATE ON TABLE oauth_client_token TO security_app;
GRANT SELECT,INSERT,DELETE,UPDATE ON TABLE oauth_client_token TO mochi_app;


--
-- Name: oauth_code; Type: ACL; Schema: security; Owner: security_owner
--

GRANT SELECT,INSERT,DELETE,UPDATE ON TABLE oauth_code TO security_app;
GRANT SELECT,INSERT,DELETE,UPDATE ON TABLE oauth_code TO mochi_app;


--
-- Name: oauth_refresh_token; Type: ACL; Schema: security; Owner: security_owner
--

GRANT SELECT,INSERT,DELETE,UPDATE ON TABLE oauth_refresh_token TO security_app;
GRANT SELECT,INSERT,DELETE,UPDATE ON TABLE oauth_refresh_token TO mochi_app;


--
-- Name: password_reset_token; Type: ACL; Schema: security; Owner: security_owner
--

GRANT SELECT,INSERT,DELETE,UPDATE ON TABLE password_reset_token TO security_app;
GRANT SELECT,INSERT,DELETE,UPDATE ON TABLE password_reset_token TO mochi_app;


--
-- Name: role_id_seq; Type: ACL; Schema: security; Owner: security_owner
--

GRANT ALL ON SEQUENCE role_id_seq TO mochi_app;
GRANT ALL ON SEQUENCE role_id_seq TO security_app;


--
-- Name: role; Type: ACL; Schema: security; Owner: security_owner
--

GRANT SELECT,INSERT,DELETE,UPDATE ON TABLE role TO security_app;
GRANT SELECT,INSERT,DELETE,UPDATE ON TABLE role TO mochi_app;


--
-- Name: role_permission_id_seq; Type: ACL; Schema: security; Owner: security_owner
--

GRANT ALL ON SEQUENCE role_permission_id_seq TO mochi_app;
GRANT ALL ON SEQUENCE role_permission_id_seq TO security_app;


--
-- Name: role_permission; Type: ACL; Schema: security; Owner: security_owner
--

GRANT SELECT,INSERT,DELETE,UPDATE ON TABLE role_permission TO security_app;
GRANT SELECT,INSERT,DELETE,UPDATE ON TABLE role_permission TO mochi_app;


--
-- Name: user_; Type: ACL; Schema: security; Owner: security_owner
--

GRANT SELECT,INSERT,DELETE,UPDATE ON TABLE user_ TO security_app;
GRANT SELECT,INSERT,DELETE,UPDATE ON TABLE user_ TO mochi_app;


--
-- Name: user_location; Type: ACL; Schema: security; Owner: security_owner
--

GRANT SELECT,INSERT,DELETE,UPDATE ON TABLE user_location TO security_app;
GRANT SELECT,INSERT,DELETE,UPDATE ON TABLE user_location TO mochi_app;


--
-- Name: user_role_id_seq; Type: ACL; Schema: security; Owner: security_owner
--

GRANT ALL ON SEQUENCE user_role_id_seq TO mochi_app;
GRANT ALL ON SEQUENCE user_role_id_seq TO security_app;


--
-- Name: user_role; Type: ACL; Schema: security; Owner: security_owner
--

GRANT SELECT,INSERT,DELETE,UPDATE ON TABLE user_role TO security_app;
GRANT SELECT,INSERT,DELETE,UPDATE ON TABLE user_role TO mochi_app;


--
-- Name: verification_token; Type: ACL; Schema: security; Owner: security_owner
--

GRANT SELECT,INSERT,DELETE,UPDATE ON TABLE verification_token TO security_app;
GRANT SELECT,INSERT,DELETE,UPDATE ON TABLE verification_token TO mochi_app;


--
-- PostgreSQL database dump complete
--

\connect postgres

SET default_transaction_read_only = off;

--
-- PostgreSQL database dump
--

-- Dumped from database version 9.6.5
-- Dumped by pg_dump version 9.6.5

SET statement_timeout = 0;
SET lock_timeout = 0;
SET idle_in_transaction_session_timeout = 0;
SET client_encoding = 'UTF8';
SET standard_conforming_strings = on;
SET check_function_bodies = false;
SET client_min_messages = warning;
SET row_security = off;

--
-- Name: postgres; Type: COMMENT; Schema: -; Owner: danielmackie
--

COMMENT ON DATABASE postgres IS 'default administrative connection database';


--
-- Name: plpgsql; Type: EXTENSION; Schema: -; Owner: 
--

CREATE EXTENSION IF NOT EXISTS plpgsql WITH SCHEMA pg_catalog;


--
-- Name: EXTENSION plpgsql; Type: COMMENT; Schema: -; Owner: 
--

COMMENT ON EXTENSION plpgsql IS 'PL/pgSQL procedural language';


--
-- Name: adminpack; Type: EXTENSION; Schema: -; Owner: 
--

CREATE EXTENSION IF NOT EXISTS adminpack WITH SCHEMA pg_catalog;


--
-- Name: EXTENSION adminpack; Type: COMMENT; Schema: -; Owner: 
--

COMMENT ON EXTENSION adminpack IS 'administrative functions for PostgreSQL';


--
-- Name: public; Type: ACL; Schema: -; Owner: danielmackie
--

GRANT ALL ON SCHEMA public TO postgres;


--
-- PostgreSQL database dump complete
--

\connect template1

SET default_transaction_read_only = off;

--
-- PostgreSQL database dump
--

-- Dumped from database version 9.6.5
-- Dumped by pg_dump version 9.6.5

SET statement_timeout = 0;
SET lock_timeout = 0;
SET idle_in_transaction_session_timeout = 0;
SET client_encoding = 'UTF8';
SET standard_conforming_strings = on;
SET check_function_bodies = false;
SET client_min_messages = warning;
SET row_security = off;

--
-- Name: template1; Type: COMMENT; Schema: -; Owner: danielmackie
--

COMMENT ON DATABASE template1 IS 'default template for new databases';


--
-- Name: plpgsql; Type: EXTENSION; Schema: -; Owner: 
--

CREATE EXTENSION IF NOT EXISTS plpgsql WITH SCHEMA pg_catalog;


--
-- Name: EXTENSION plpgsql; Type: COMMENT; Schema: -; Owner: 
--

COMMENT ON EXTENSION plpgsql IS 'PL/pgSQL procedural language';


--
-- Name: public; Type: ACL; Schema: -; Owner: danielmackie
--

GRANT ALL ON SCHEMA public TO postgres;


--
-- PostgreSQL database dump complete
--

--
-- PostgreSQL database cluster dump complete
--

