--
-- PostgreSQL database cluster dump
--

SET default_transaction_read_only = off;

SET client_encoding = 'UTF8';
SET standard_conforming_strings = on;

--
-- Drop databases
--

DROP DATABASE mochidb;




--
-- Drop roles
--

DROP ROLE danielmackie;
DROP ROLE hibernatedb_owner;
DROP ROLE mochi_app;
DROP ROLE mochidb_owner;
DROP ROLE oauth_owner;
DROP ROLE postgres;
DROP ROLE security_app;
DROP ROLE security_owner;


--
-- Roles
--

CREATE ROLE danielmackie;
ALTER ROLE danielmackie WITH SUPERUSER INHERIT CREATEROLE CREATEDB LOGIN REPLICATION BYPASSRLS;
CREATE ROLE hibernatedb_owner;
ALTER ROLE hibernatedb_owner WITH NOSUPERUSER INHERIT NOCREATEROLE NOCREATEDB LOGIN NOREPLICATION NOBYPASSRLS PASSWORD 'md5f798bce66fba20690a6154c380a509b3';
CREATE ROLE mochi_app;
ALTER ROLE mochi_app WITH NOSUPERUSER INHERIT NOCREATEROLE NOCREATEDB LOGIN NOREPLICATION NOBYPASSRLS PASSWORD 'md5885c762f665502650596fd1792913fa6' VALID UNTIL 'infinity';
CREATE ROLE mochidb_owner;
ALTER ROLE mochidb_owner WITH SUPERUSER INHERIT NOCREATEROLE CREATEDB LOGIN NOREPLICATION NOBYPASSRLS PASSWORD 'md5813c2e7e6b4be34c8da989a73cfd167c' VALID UNTIL 'infinity';
CREATE ROLE oauth_owner;
ALTER ROLE oauth_owner WITH NOSUPERUSER INHERIT NOCREATEROLE NOCREATEDB LOGIN NOREPLICATION NOBYPASSRLS PASSWORD 'md51913530a962f846531bc9e710649bd9c' VALID UNTIL 'infinity';
CREATE ROLE postgres;
ALTER ROLE postgres WITH SUPERUSER INHERIT CREATEROLE CREATEDB LOGIN REPLICATION BYPASSRLS PASSWORD 'md532e12f215ba27cb750c9e093ce4b5127';
CREATE ROLE security_app;
ALTER ROLE security_app WITH NOSUPERUSER INHERIT NOCREATEROLE NOCREATEDB LOGIN NOREPLICATION NOBYPASSRLS PASSWORD 'md5fa23895ef9c700be9a0373e1c7994009' VALID UNTIL 'infinity';
CREATE ROLE security_owner;
ALTER ROLE security_owner WITH NOSUPERUSER INHERIT NOCREATEROLE NOCREATEDB LOGIN NOREPLICATION NOBYPASSRLS PASSWORD 'md52d2148746b9970a479634eefe3cd0b5a' VALID UNTIL 'infinity';






--
-- Database creation
--

CREATE DATABASE mochidb WITH TEMPLATE = template0 OWNER = mochidb_owner;
GRANT CREATE ON DATABASE mochidb TO security_owner;
REVOKE CONNECT,TEMPORARY ON DATABASE template1 FROM PUBLIC;
GRANT ALL ON DATABASE template1 TO postgres;
GRANT CONNECT ON DATABASE template1 TO PUBLIC;


\connect mochidb

SET default_transaction_read_only = off;

--
-- PostgreSQL database dump
--

-- Dumped from database version 9.6.5
-- Dumped by pg_dump version 9.6.5

SET statement_timeout = 0;
SET lock_timeout = 0;
SET idle_in_transaction_session_timeout = 0;
SET client_encoding = 'UTF8';
SET standard_conforming_strings = on;
SET check_function_bodies = false;
SET client_min_messages = warning;
SET row_security = off;

--
-- Name: mochi; Type: SCHEMA; Schema: -; Owner: mochidb_owner
--

CREATE SCHEMA mochi;


ALTER SCHEMA mochi OWNER TO mochidb_owner;

--
-- Name: security; Type: SCHEMA; Schema: -; Owner: security_owner
--

CREATE SCHEMA security;


ALTER SCHEMA security OWNER TO security_owner;

--
-- Name: plpgsql; Type: EXTENSION; Schema: -; Owner: 
--

CREATE EXTENSION IF NOT EXISTS plpgsql WITH SCHEMA pg_catalog;


--
-- Name: EXTENSION plpgsql; Type: COMMENT; Schema: -; Owner: 
--

COMMENT ON EXTENSION plpgsql IS 'PL/pgSQL procedural language';


SET search_path = mochi, pg_catalog;

--
-- Name: ft_brand_categories(text, text); Type: FUNCTION; Schema: mochi; Owner: mochidb_owner
--

CREATE FUNCTION ft_brand_categories(text, text) RETURNS TABLE(cat_id bigint, cat_cd text, cat_lvl bigint, hir_id bigint, cat_prnt_id bigint, cat_typ_id bigint, product_count bigint, child_cat_count bigint, max_price numeric)
    LANGUAGE sql
    AS $_$















 SELECT p.cat_id,















    p.cat_cd,















    p.cat_lvl,















    p.hir_id,















    p.cat_typ_id,















    p.cat_prnt_id,















    count(DISTINCT prd.upc_cd) AS product_count,















    count(DISTINCT cc.cat_cd) AS child_cat_count,















    coalesce(















    max(CASE















	WHEN pt.prc_typ_cd = 'MKD01'















	THEN prc.prc_val















	END),















    max(CASE















	WHEN pt.prc_typ_cd = 'RET01'















	THEN prc.prc_val















	END)) as max_price















   FROM mochi.category p















     JOIN LATERAL mochi.ft_categories(p.cat_cd::text) cc(cat_id, cat_cd, cat_prnt_id, cat_typ_id) ON 1 = 1















     LEFT JOIN mochi.brand_category pc ON cc.cat_id = pc.cat_id















     LEFT JOIN mochi.brand bnd ON pc.bnd_id = bnd.bnd_id















     LEFT JOIN mochi.product prd ON pc.bnd_id = prd.bnd_id















     LEFT JOIN mochi.price prc ON prd.prd_id = prc.prd_id AND now() between prc.prc_st_dt and prc.prc_en_dt















     LEFT JOIN mochi.currency curr ON prc.ccy_id = curr.ccy_id 















     LEFT JOIN mochi.price_type pt ON prc.prc_typ_id = pt.prc_typ_id 















  WHERE cc.cat_typ_id = 2















  AND p.cat_cd = $1















  AND ccy_cd = $2















  GROUP BY p.cat_id, p.cat_cd, p.cat_lvl, p.hir_id, p.cat_typ_id, p.cat_prnt_id;















$_$;


ALTER FUNCTION mochi.ft_brand_categories(text, text) OWNER TO mochidb_owner;

--
-- Name: ft_categories(text); Type: FUNCTION; Schema: mochi; Owner: mochidb_owner
--

CREATE FUNCTION ft_categories(text) RETURNS TABLE(cat_id bigint, cat_cd text, cat_prnt_id bigint, cat_typ_id bigint)
    LANGUAGE sql
    AS $_$











WITH RECURSIVE 











    -- starting node(s)











    starting (cat_id, cat_cd, cat_prnt_id, cat_typ_id) AS











    (











      SELECT t.cat_id, t.cat_cd, t.cat_prnt_id, t.cat_typ_id











      FROM mochi.category AS t











      WHERE t.cat_cd = $1        











    ),











    descendants (cat_id, cat_cd, cat_prnt_id, cat_typ_id) AS











    (











      SELECT t.cat_id, t.cat_cd, t.cat_prnt_id, t.cat_typ_id











      FROM mochi.category AS t











      WHERE t.cat_cd = $1











      UNION ALL











      SELECT t.cat_id, t.cat_cd, t.cat_prnt_id, t.cat_typ_id











      FROM mochi.category AS t 











		JOIN descendants AS d 











		ON t.cat_prnt_id = d.cat_id











    )























SELECT 	descendants.cat_id,











		descendants.cat_cd,











		descendants.cat_prnt_id,











		descendants.cat_typ_id











FROM  starting 











		cross join descendants $_$;


ALTER FUNCTION mochi.ft_categories(text) OWNER TO mochidb_owner;

--
-- Name: ft_product_categories(text, text); Type: FUNCTION; Schema: mochi; Owner: mochidb_owner
--

CREATE FUNCTION ft_product_categories(text, text) RETURNS TABLE(cat_id bigint, cat_cd text, cat_lvl bigint, hir_id bigint, cat_prnt_id bigint, cat_typ_id bigint, product_count bigint, child_cat_count bigint, max_price numeric)
    LANGUAGE sql
    AS $_$















 SELECT p.cat_id,















    p.cat_cd,















    p.cat_lvl,















    p.hir_id,















    p.cat_typ_id,















    p.cat_prnt_id,















    count(DISTINCT prd.upc_cd) AS product_count,















    count(DISTINCT cc.cat_cd) AS child_cat_count,















    coalesce(















    max(CASE















	WHEN pt.prc_typ_cd = 'MKD01'















	THEN prc.prc_val















	END),















    max(CASE















	WHEN pt.prc_typ_cd = 'RET01'















	THEN prc.prc_val















	END)) as max_price















   FROM mochi.category p















     JOIN LATERAL mochi.ft_categories(p.cat_cd::text) cc(cat_id, cat_cd, cat_prnt_id, cat_typ_id) ON 1 = 1















     LEFT JOIN mochi.product_category pc ON cc.cat_id = pc.cat_id















     LEFT JOIN mochi.product prd ON pc.prd_id = prd.prd_id















     LEFT JOIN mochi.price prc ON prd.prd_id = prc.prd_id AND now() between prc.prc_st_dt and prc.prc_en_dt















     LEFT JOIN mochi.currency curr ON prc.ccy_id = curr.ccy_id 















     LEFT JOIN mochi.price_type pt ON prc.prc_typ_id = pt.prc_typ_id 















  WHERE cc.cat_typ_id = 1















  AND p.cat_cd = $1















  AND ccy_cd = $2















  GROUP BY p.cat_id, p.cat_cd, p.cat_lvl, p.hir_id, p.cat_typ_id, p.cat_prnt_id;















$_$;


ALTER FUNCTION mochi.ft_product_categories(text, text) OWNER TO mochidb_owner;

SET search_path = public, pg_catalog;

--
-- Name: random_between(integer, integer); Type: FUNCTION; Schema: public; Owner: postgres
--

CREATE FUNCTION random_between(low integer, high integer) RETURNS integer
    LANGUAGE plpgsql STRICT
    AS $$
BEGIN
   RETURN floor(random()* (high-low + 1) + low);
END;
$$;


ALTER FUNCTION public.random_between(low integer, high integer) OWNER TO postgres;

SET search_path = mochi, pg_catalog;

SET default_tablespace = '';

SET default_with_oids = false;

--
-- Name: address; Type: TABLE; Schema: mochi; Owner: mochidb_owner
--

CREATE TABLE address (
);


ALTER TABLE address OWNER TO mochidb_owner;

--
-- Name: address_type; Type: TABLE; Schema: mochi; Owner: mochidb_owner
--

CREATE TABLE address_type (
);


ALTER TABLE address_type OWNER TO mochidb_owner;

--
-- Name: brand_bnd_id_seq; Type: SEQUENCE; Schema: mochi; Owner: mochidb_owner
--

CREATE SEQUENCE brand_bnd_id_seq
    START WITH 6
    INCREMENT BY 1
    NO MINVALUE
    NO MAXVALUE
    CACHE 1;


ALTER TABLE brand_bnd_id_seq OWNER TO mochidb_owner;

--
-- Name: brand; Type: TABLE; Schema: mochi; Owner: mochidb_owner
--

CREATE TABLE brand (
    bnd_id bigint DEFAULT nextval('brand_bnd_id_seq'::regclass) NOT NULL,
    bnd_cd character(5)
);


ALTER TABLE brand OWNER TO mochidb_owner;

--
-- Name: brand_attr_lcl_bnd_id_seq; Type: SEQUENCE; Schema: mochi; Owner: mochidb_owner
--

CREATE SEQUENCE brand_attr_lcl_bnd_id_seq
    START WITH 19
    INCREMENT BY 1
    NO MINVALUE
    NO MAXVALUE
    CACHE 1;


ALTER TABLE brand_attr_lcl_bnd_id_seq OWNER TO mochidb_owner;

--
-- Name: brand_attr_lcl; Type: TABLE; Schema: mochi; Owner: mochidb_owner
--

CREATE TABLE brand_attr_lcl (
    bnd_lcl_id bigint DEFAULT nextval('brand_attr_lcl_bnd_id_seq'::regclass) NOT NULL,
    bnd_id bigint NOT NULL,
    bnd_desc character varying(100),
    bnd_img_pth character varying(100),
    lcl_cd character varying(5) NOT NULL
);


ALTER TABLE brand_attr_lcl OWNER TO mochidb_owner;

--
-- Name: brand_category_bnd_cat_id_seq; Type: SEQUENCE; Schema: mochi; Owner: mochidb_owner
--

CREATE SEQUENCE brand_category_bnd_cat_id_seq
    START WITH 1
    INCREMENT BY 1
    NO MINVALUE
    NO MAXVALUE
    CACHE 1;


ALTER TABLE brand_category_bnd_cat_id_seq OWNER TO mochidb_owner;

--
-- Name: brand_category; Type: TABLE; Schema: mochi; Owner: mochidb_owner
--

CREATE TABLE brand_category (
    bnd_cat_id bigint DEFAULT nextval('brand_category_bnd_cat_id_seq'::regclass) NOT NULL,
    bnd_id bigint,
    cat_id bigint
);


ALTER TABLE brand_category OWNER TO mochidb_owner;

--
-- Name: brand_promotion; Type: TABLE; Schema: mochi; Owner: mochidb_owner
--

CREATE TABLE brand_promotion (
    bnd_id bigint NOT NULL,
    prm_id bigint NOT NULL
);


ALTER TABLE brand_promotion OWNER TO mochidb_owner;

--
-- Name: category_cat_id_seq; Type: SEQUENCE; Schema: mochi; Owner: mochidb_owner
--

CREATE SEQUENCE category_cat_id_seq
    START WITH 1
    INCREMENT BY 1
    NO MINVALUE
    NO MAXVALUE
    CACHE 1;


ALTER TABLE category_cat_id_seq OWNER TO mochidb_owner;

--
-- Name: category; Type: TABLE; Schema: mochi; Owner: mochidb_owner
--

CREATE TABLE category (
    cat_id bigint DEFAULT nextval('category_cat_id_seq'::regclass) NOT NULL,
    cat_cd character(5) NOT NULL,
    cat_prnt_id bigint,
    cat_lvl bigint,
    cat_typ_id bigint
);


ALTER TABLE category OWNER TO mochidb_owner;

--
-- Name: category_attr_lcl_cat_id_seq; Type: SEQUENCE; Schema: mochi; Owner: mochidb_owner
--

CREATE SEQUENCE category_attr_lcl_cat_id_seq
    START WITH 4
    INCREMENT BY 1
    NO MINVALUE
    NO MAXVALUE
    CACHE 1;


ALTER TABLE category_attr_lcl_cat_id_seq OWNER TO mochidb_owner;

--
-- Name: category_attr_lcl; Type: TABLE; Schema: mochi; Owner: mochidb_owner
--

CREATE TABLE category_attr_lcl (
    cat_lcl_id bigint DEFAULT nextval('category_attr_lcl_cat_id_seq'::regclass) NOT NULL,
    cat_id bigint NOT NULL,
    cat_desc character varying(100),
    cat_img_pth character varying(100),
    lcl_cd character varying(5) NOT NULL
);


ALTER TABLE category_attr_lcl OWNER TO mochidb_owner;

--
-- Name: category_brand; Type: TABLE; Schema: mochi; Owner: mochidb_owner
--

CREATE TABLE category_brand (
    cat_id bigint DEFAULT nextval('category_cat_id_seq'::regclass) NOT NULL
);


ALTER TABLE category_brand OWNER TO mochidb_owner;

--
-- Name: category_product; Type: TABLE; Schema: mochi; Owner: mochidb_owner
--

CREATE TABLE category_product (
    cat_id bigint DEFAULT nextval('category_cat_id_seq'::regclass) NOT NULL
);


ALTER TABLE category_product OWNER TO mochidb_owner;

--
-- Name: category_promotion; Type: TABLE; Schema: mochi; Owner: mochidb_owner
--

CREATE TABLE category_promotion (
    cat_id bigint NOT NULL,
    prm_id bigint NOT NULL
);


ALTER TABLE category_promotion OWNER TO mochidb_owner;

--
-- Name: category_type_cat_typ_id_seq; Type: SEQUENCE; Schema: mochi; Owner: mochidb_owner
--

CREATE SEQUENCE category_type_cat_typ_id_seq
    START WITH 1
    INCREMENT BY 1
    NO MINVALUE
    NO MAXVALUE
    CACHE 1;


ALTER TABLE category_type_cat_typ_id_seq OWNER TO mochidb_owner;

--
-- Name: category_type; Type: TABLE; Schema: mochi; Owner: mochidb_owner
--

CREATE TABLE category_type (
    cat_typ_id bigint DEFAULT nextval('category_type_cat_typ_id_seq'::regclass) NOT NULL,
    cat_typ_cd character varying(5) NOT NULL,
    cat_typ_desc character varying(20)
);


ALTER TABLE category_type OWNER TO mochidb_owner;

--
-- Name: currency; Type: TABLE; Schema: mochi; Owner: mochidb_owner
--

CREATE TABLE currency (
    ccy_id bigint NOT NULL,
    ccy_cd character(3)
);


ALTER TABLE currency OWNER TO mochidb_owner;

--
-- Name: customer_cst_id_seq; Type: SEQUENCE; Schema: mochi; Owner: mochidb_owner
--

CREATE SEQUENCE customer_cst_id_seq
    START WITH 1000000001
    INCREMENT BY 1
    NO MINVALUE
    NO MAXVALUE
    CACHE 1;


ALTER TABLE customer_cst_id_seq OWNER TO mochidb_owner;

--
-- Name: customer; Type: TABLE; Schema: mochi; Owner: mochidb_owner
--

CREATE TABLE customer (
    rle_id bigint NOT NULL,
    cst_id character(10) DEFAULT nextval('customer_cst_id_seq'::regclass)
);


ALTER TABLE customer OWNER TO mochidb_owner;

--
-- Name: product_type_prd_typ_id_seq; Type: SEQUENCE; Schema: mochi; Owner: mochidb_owner
--

CREATE SEQUENCE product_type_prd_typ_id_seq
    START WITH 1
    INCREMENT BY 1
    NO MINVALUE
    NO MAXVALUE
    CACHE 1;


ALTER TABLE product_type_prd_typ_id_seq OWNER TO mochidb_owner;

--
-- Name: department; Type: TABLE; Schema: mochi; Owner: mochidb_owner
--

CREATE TABLE department (
    dept_id bigint DEFAULT nextval('product_type_prd_typ_id_seq'::regclass) NOT NULL,
    dept_cd character varying(5) NOT NULL,
    dept_class character varying(20)
);


ALTER TABLE department OWNER TO mochidb_owner;

--
-- Name: department_attr_lcl; Type: TABLE; Schema: mochi; Owner: mochidb_owner
--

CREATE TABLE department_attr_lcl (
    dept_lcl_id bigint NOT NULL,
    dept_id bigint NOT NULL,
    dept_desc character varying(100),
    lcl_cd character varying(5) NOT NULL
);


ALTER TABLE department_attr_lcl OWNER TO mochidb_owner;

--
-- Name: discount; Type: TABLE; Schema: mochi; Owner: mochidb_owner
--

CREATE TABLE discount (
    dis_id bigint NOT NULL,
    dis_cd character(5),
    prm_id bigint,
    dis_typ_id bigint NOT NULL,
    dis_val numeric
);


ALTER TABLE discount OWNER TO mochidb_owner;

--
-- Name: discount_type; Type: TABLE; Schema: mochi; Owner: mochidb_owner
--

CREATE TABLE discount_type (
    dis_typ_id bigint NOT NULL,
    dis_typ_desc character varying NOT NULL
);


ALTER TABLE discount_type OWNER TO mochidb_owner;

--
-- Name: food_attr_lcl; Type: TABLE; Schema: mochi; Owner: mochidb_owner
--

CREATE TABLE food_attr_lcl (
    prd_lcl_id bigint NOT NULL,
    prd_id bigint NOT NULL,
    ingredients text,
    lcl_cd character varying(5) NOT NULL
);


ALTER TABLE food_attr_lcl OWNER TO mochidb_owner;

--
-- Name: hibernate_sequence; Type: SEQUENCE; Schema: mochi; Owner: mochidb_owner
--

CREATE SEQUENCE hibernate_sequence
    START WITH 232134
    INCREMENT BY 1
    NO MINVALUE
    NO MAXVALUE
    CACHE 1;


ALTER TABLE hibernate_sequence OWNER TO mochidb_owner;

--
-- Name: hierarchy_hir_id_seq; Type: SEQUENCE; Schema: mochi; Owner: mochidb_owner
--

CREATE SEQUENCE hierarchy_hir_id_seq
    START WITH 41
    INCREMENT BY 1
    NO MINVALUE
    NO MAXVALUE
    CACHE 1;


ALTER TABLE hierarchy_hir_id_seq OWNER TO mochidb_owner;

--
-- Name: inventory_on_hand; Type: TABLE; Schema: mochi; Owner: mochidb_owner
--

CREATE TABLE inventory_on_hand (
);


ALTER TABLE inventory_on_hand OWNER TO mochidb_owner;

--
-- Name: inventory_transaction; Type: TABLE; Schema: mochi; Owner: mochidb_owner
--

CREATE TABLE inventory_transaction (
);


ALTER TABLE inventory_transaction OWNER TO mochidb_owner;

--
-- Name: jewellery_attr_lcl; Type: TABLE; Schema: mochi; Owner: mochidb_owner
--

CREATE TABLE jewellery_attr_lcl (
    prd_lcl_id bigint NOT NULL,
    prd_id bigint NOT NULL,
    primary_metal_type character varying(100),
    primary_stone_type character varying(100),
    lcl_cd character varying(5) NOT NULL
);


ALTER TABLE jewellery_attr_lcl OWNER TO mochidb_owner;

--
-- Name: layout_category_lay_cat_id_seq; Type: SEQUENCE; Schema: mochi; Owner: mochidb_owner
--

CREATE SEQUENCE layout_category_lay_cat_id_seq
    START WITH 1
    INCREMENT BY 1
    NO MINVALUE
    NO MAXVALUE
    CACHE 1;


ALTER TABLE layout_category_lay_cat_id_seq OWNER TO mochidb_owner;

--
-- Name: layout_lay_id_seq; Type: SEQUENCE; Schema: mochi; Owner: mochidb_owner
--

CREATE SEQUENCE layout_lay_id_seq
    START WITH 1
    INCREMENT BY 1
    NO MINVALUE
    NO MAXVALUE
    CACHE 1;


ALTER TABLE layout_lay_id_seq OWNER TO mochidb_owner;

--
-- Name: locale; Type: TABLE; Schema: mochi; Owner: mochidb_owner
--

CREATE TABLE locale (
    lcl_cd character varying(20) NOT NULL
);


ALTER TABLE locale OWNER TO mochidb_owner;

--
-- Name: location; Type: TABLE; Schema: mochi; Owner: mochidb_owner
--

CREATE TABLE location (
);


ALTER TABLE location OWNER TO mochidb_owner;

--
-- Name: order; Type: TABLE; Schema: mochi; Owner: mochidb_owner
--

CREATE TABLE "order" (
    ord_id bigint NOT NULL,
    pty_id bigint NOT NULL
);


ALTER TABLE "order" OWNER TO mochidb_owner;

--
-- Name: order_line; Type: TABLE; Schema: mochi; Owner: mochidb_owner
--

CREATE TABLE order_line (
    ord_id bigint NOT NULL,
    prd_id bigint NOT NULL,
    ord_lne_no bigint NOT NULL,
    qty smallint NOT NULL,
    prm_id bigint NOT NULL,
    amt money NOT NULL
);


ALTER TABLE order_line OWNER TO mochidb_owner;

--
-- Name: organisation; Type: TABLE; Schema: mochi; Owner: mochidb_owner
--

CREATE TABLE organisation (
    org_id bigint NOT NULL,
    org_nme character varying(100) NOT NULL,
    org_reg_no character varying(50) NOT NULL
);


ALTER TABLE organisation OWNER TO mochidb_owner;

--
-- Name: party; Type: TABLE; Schema: mochi; Owner: mochidb_owner
--

CREATE TABLE party (
    pty_id bigint NOT NULL,
    pty_typ_id bigint NOT NULL
);


ALTER TABLE party OWNER TO mochidb_owner;

--
-- Name: party_party_id_seq; Type: SEQUENCE; Schema: mochi; Owner: mochidb_owner
--

CREATE SEQUENCE party_party_id_seq
    START WITH 1
    INCREMENT BY 1
    NO MINVALUE
    NO MAXVALUE
    CACHE 1;


ALTER TABLE party_party_id_seq OWNER TO mochidb_owner;

--
-- Name: party_pty_id_seq; Type: SEQUENCE; Schema: mochi; Owner: mochidb_owner
--

CREATE SEQUENCE party_pty_id_seq
    START WITH 1
    INCREMENT BY 1
    NO MINVALUE
    NO MAXVALUE
    CACHE 1;


ALTER TABLE party_pty_id_seq OWNER TO mochidb_owner;

--
-- Name: party_pty_id_seq; Type: SEQUENCE OWNED BY; Schema: mochi; Owner: mochidb_owner
--

ALTER SEQUENCE party_pty_id_seq OWNED BY party.pty_id;


--
-- Name: party_type; Type: TABLE; Schema: mochi; Owner: mochidb_owner
--

CREATE TABLE party_type (
    pty_typ_id bigint NOT NULL,
    pty_typ_desc character varying NOT NULL
);


ALTER TABLE party_type OWNER TO mochidb_owner;

--
-- Name: party_type_pty_typ_id_seq; Type: SEQUENCE; Schema: mochi; Owner: mochidb_owner
--

CREATE SEQUENCE party_type_pty_typ_id_seq
    START WITH 1
    INCREMENT BY 1
    NO MINVALUE
    NO MAXVALUE
    CACHE 1;


ALTER TABLE party_type_pty_typ_id_seq OWNER TO mochidb_owner;

--
-- Name: party_type_pty_typ_id_seq; Type: SEQUENCE OWNED BY; Schema: mochi; Owner: mochidb_owner
--

ALTER SEQUENCE party_type_pty_typ_id_seq OWNED BY party_type.pty_typ_id;


--
-- Name: person; Type: TABLE; Schema: mochi; Owner: mochidb_owner
--

CREATE TABLE person (
    psn_id bigint NOT NULL,
    psn_gvn_nm character varying NOT NULL,
    psn_fml_nm character varying NOT NULL,
    enb boolean NOT NULL
);


ALTER TABLE person OWNER TO mochidb_owner;

--
-- Name: person_id_seq; Type: SEQUENCE; Schema: mochi; Owner: mochidb_owner
--

CREATE SEQUENCE person_id_seq
    START WITH 6
    INCREMENT BY 1
    NO MINVALUE
    NO MAXVALUE
    CACHE 1;


ALTER TABLE person_id_seq OWNER TO mochidb_owner;

--
-- Name: price_prc_id_seq; Type: SEQUENCE; Schema: mochi; Owner: mochidb_owner
--

CREATE SEQUENCE price_prc_id_seq
    START WITH 1
    INCREMENT BY 1
    NO MINVALUE
    NO MAXVALUE
    CACHE 1;


ALTER TABLE price_prc_id_seq OWNER TO mochidb_owner;

--
-- Name: price; Type: TABLE; Schema: mochi; Owner: mochidb_owner
--

CREATE TABLE price (
    prc_id bigint DEFAULT nextval('price_prc_id_seq'::regclass) NOT NULL,
    prc_typ_id bigint NOT NULL,
    prd_id bigint NOT NULL,
    prc_val numeric NOT NULL,
    ccy_id bigint NOT NULL
);


ALTER TABLE price OWNER TO mochidb_owner;

--
-- Name: price_type; Type: TABLE; Schema: mochi; Owner: mochidb_owner
--

CREATE TABLE price_type (
    prc_typ_id bigint NOT NULL,
    prc_typ_desc character varying,
    prc_typ_cd character varying
);


ALTER TABLE price_type OWNER TO mochidb_owner;

--
-- Name: product; Type: TABLE; Schema: mochi; Owner: mochidb_owner
--

CREATE TABLE product (
    prd_id bigint NOT NULL,
    upc_cd character varying(12) NOT NULL,
    prd_crtd_dt date NOT NULL,
    bnd_id bigint NOT NULL,
    dept_id bigint NOT NULL,
    prd_sts_id bigint NOT NULL,
    prm_cat_id bigint NOT NULL
);


ALTER TABLE product OWNER TO mochidb_owner;

--
-- Name: product_attr_lcl; Type: TABLE; Schema: mochi; Owner: mochidb_owner
--

CREATE TABLE product_attr_lcl (
    prd_lcl_id bigint NOT NULL,
    prd_id bigint NOT NULL,
    prd_desc character varying(100),
    prd_img_pth character varying(100),
    lcl_cd character varying(5) NOT NULL
);


ALTER TABLE product_attr_lcl OWNER TO mochidb_owner;

--
-- Name: product_bundle; Type: TABLE; Schema: mochi; Owner: mochidb_owner
--

CREATE TABLE product_bundle (
    prd_bdl_id bigint NOT NULL,
    bdl_id bigint NOT NULL,
    prd_id bigint NOT NULL
);


ALTER TABLE product_bundle OWNER TO mochidb_owner;

--
-- Name: product_category_prd_cat_id_seq; Type: SEQUENCE; Schema: mochi; Owner: mochidb_owner
--

CREATE SEQUENCE product_category_prd_cat_id_seq
    START WITH 1
    INCREMENT BY 1
    NO MINVALUE
    NO MAXVALUE
    CACHE 1;


ALTER TABLE product_category_prd_cat_id_seq OWNER TO mochidb_owner;

--
-- Name: product_category; Type: TABLE; Schema: mochi; Owner: mochidb_owner
--

CREATE TABLE product_category (
    prd_cat_id bigint DEFAULT nextval('product_category_prd_cat_id_seq'::regclass) NOT NULL,
    prd_id bigint,
    cat_id bigint
);


ALTER TABLE product_category OWNER TO mochidb_owner;

--
-- Name: product_food; Type: TABLE; Schema: mochi; Owner: mochidb_owner
--

CREATE TABLE product_food (
    prd_id bigint NOT NULL,
    exp_dt date,
    ctry_of_orig character varying(3)
);


ALTER TABLE product_food OWNER TO mochidb_owner;

--
-- Name: product_jewellery; Type: TABLE; Schema: mochi; Owner: mochidb_owner
--

CREATE TABLE product_jewellery (
    prd_id bigint NOT NULL
);


ALTER TABLE product_jewellery OWNER TO mochidb_owner;

--
-- Name: product_promotion; Type: TABLE; Schema: mochi; Owner: mochidb_owner
--

CREATE TABLE product_promotion (
    prd_id bigint NOT NULL,
    prm_id bigint NOT NULL
);


ALTER TABLE product_promotion OWNER TO mochidb_owner;

--
-- Name: product_rating_prd_rat_id_seq; Type: SEQUENCE; Schema: mochi; Owner: mochidb_owner
--

CREATE SEQUENCE product_rating_prd_rat_id_seq
    START WITH 1
    INCREMENT BY 1
    NO MINVALUE
    NO MAXVALUE
    CACHE 1;


ALTER TABLE product_rating_prd_rat_id_seq OWNER TO mochidb_owner;

--
-- Name: product_rating; Type: TABLE; Schema: mochi; Owner: mochidb_owner
--

CREATE TABLE product_rating (
    prd_rat_id bigint DEFAULT nextval('product_rating_prd_rat_id_seq'::regclass) NOT NULL,
    prd_id bigint NOT NULL,
    rat_id bigint NOT NULL,
    pty_id bigint NOT NULL,
    prd_rat_dt timestamp with time zone NOT NULL
);


ALTER TABLE product_rating OWNER TO mochidb_owner;

--
-- Name: product_shipping; Type: TABLE; Schema: mochi; Owner: mochidb_owner
--

CREATE TABLE product_shipping (
    prd_id bigint NOT NULL
);


ALTER TABLE product_shipping OWNER TO mochidb_owner;

--
-- Name: product_status_prd_sts_id_seq; Type: SEQUENCE; Schema: mochi; Owner: mochidb_owner
--

CREATE SEQUENCE product_status_prd_sts_id_seq
    START WITH 1
    INCREMENT BY 1
    NO MINVALUE
    NO MAXVALUE
    CACHE 1;


ALTER TABLE product_status_prd_sts_id_seq OWNER TO mochidb_owner;

--
-- Name: product_status; Type: TABLE; Schema: mochi; Owner: mochidb_owner
--

CREATE TABLE product_status (
    prd_sts_id bigint DEFAULT nextval('product_status_prd_sts_id_seq'::regclass) NOT NULL,
    prd_sts_cd character varying(5) NOT NULL,
    prd_sts_desc character varying(20)
);


ALTER TABLE product_status OWNER TO mochidb_owner;

--
-- Name: product_supplier; Type: TABLE; Schema: mochi; Owner: mochidb_owner
--

CREATE TABLE product_supplier (
);


ALTER TABLE product_supplier OWNER TO mochidb_owner;

--
-- Name: product_tag_prd_tag_id_seq; Type: SEQUENCE; Schema: mochi; Owner: mochidb_owner
--

CREATE SEQUENCE product_tag_prd_tag_id_seq
    START WITH 25
    INCREMENT BY 1
    NO MINVALUE
    NO MAXVALUE
    CACHE 1;


ALTER TABLE product_tag_prd_tag_id_seq OWNER TO mochidb_owner;

--
-- Name: product_tag; Type: TABLE; Schema: mochi; Owner: mochidb_owner
--

CREATE TABLE product_tag (
    prd_tag_id bigint DEFAULT nextval('product_tag_prd_tag_id_seq'::regclass) NOT NULL,
    prd_id bigint,
    tag_id bigint
);


ALTER TABLE product_tag OWNER TO mochidb_owner;

--
-- Name: product_tag_attr_lcl_tag_id_seq; Type: SEQUENCE; Schema: mochi; Owner: mochidb_owner
--

CREATE SEQUENCE product_tag_attr_lcl_tag_id_seq
    START WITH 1
    INCREMENT BY 1
    NO MINVALUE
    NO MAXVALUE
    CACHE 1;


ALTER TABLE product_tag_attr_lcl_tag_id_seq OWNER TO mochidb_owner;

--
-- Name: promotion; Type: TABLE; Schema: mochi; Owner: mochidb_owner
--

CREATE TABLE promotion (
    prm_id bigint NOT NULL,
    prm_cd character(5) NOT NULL,
    prm_sht_desc character varying,
    prm_lng_desc character varying,
    prm_st_dt date NOT NULL,
    prm_en_dt date NOT NULL,
    prm_typ_id bigint NOT NULL
);


ALTER TABLE promotion OWNER TO mochidb_owner;

--
-- Name: promotion_brand; Type: TABLE; Schema: mochi; Owner: mochidb_owner
--

CREATE TABLE promotion_brand (
    prm_id bigint NOT NULL
);


ALTER TABLE promotion_brand OWNER TO mochidb_owner;

--
-- Name: promotion_category; Type: TABLE; Schema: mochi; Owner: mochidb_owner
--

CREATE TABLE promotion_category (
    prm_id bigint NOT NULL
);


ALTER TABLE promotion_category OWNER TO mochidb_owner;

--
-- Name: promotion_category_prm_cat_id_seq; Type: SEQUENCE; Schema: mochi; Owner: mochidb_owner
--

CREATE SEQUENCE promotion_category_prm_cat_id_seq
    START WITH 1
    INCREMENT BY 1
    NO MINVALUE
    NO MAXVALUE
    CACHE 1;


ALTER TABLE promotion_category_prm_cat_id_seq OWNER TO mochidb_owner;

--
-- Name: promotion_order; Type: TABLE; Schema: mochi; Owner: mochidb_owner
--

CREATE TABLE promotion_order (
    prm_id bigint NOT NULL
);


ALTER TABLE promotion_order OWNER TO mochidb_owner;

--
-- Name: promotion_product; Type: TABLE; Schema: mochi; Owner: mochidb_owner
--

CREATE TABLE promotion_product (
    prm_id bigint NOT NULL
);


ALTER TABLE promotion_product OWNER TO mochidb_owner;

--
-- Name: promotion_type; Type: TABLE; Schema: mochi; Owner: mochidb_owner
--

CREATE TABLE promotion_type (
    prm_typ_id bigint NOT NULL,
    prm_typ_desc character varying
);


ALTER TABLE promotion_type OWNER TO mochidb_owner;

--
-- Name: rating; Type: TABLE; Schema: mochi; Owner: mochidb_owner
--

CREATE TABLE rating (
    rat_id bigint NOT NULL,
    rat_desc character varying(50),
    rat_val smallint
);


ALTER TABLE rating OWNER TO mochidb_owner;

--
-- Name: role_rle_id_seq; Type: SEQUENCE; Schema: mochi; Owner: mochidb_owner
--

CREATE SEQUENCE role_rle_id_seq
    START WITH 1
    INCREMENT BY 1
    NO MINVALUE
    NO MAXVALUE
    CACHE 1;


ALTER TABLE role_rle_id_seq OWNER TO mochidb_owner;

--
-- Name: role; Type: TABLE; Schema: mochi; Owner: mochidb_owner
--

CREATE TABLE role (
    rle_id bigint DEFAULT nextval('role_rle_id_seq'::regclass) NOT NULL,
    rle_typ_id bigint NOT NULL,
    rle_start_dttm date DEFAULT now() NOT NULL,
    pty_id bigint NOT NULL
);


ALTER TABLE role OWNER TO mochidb_owner;

--
-- Name: role_type; Type: TABLE; Schema: mochi; Owner: mochidb_owner
--

CREATE TABLE role_type (
    rle_typ_id bigint NOT NULL,
    rle_typ_desc character varying NOT NULL
);


ALTER TABLE role_type OWNER TO mochidb_owner;

--
-- Name: role_type_rle_typ_id_seq; Type: SEQUENCE; Schema: mochi; Owner: mochidb_owner
--

CREATE SEQUENCE role_type_rle_typ_id_seq
    START WITH 1
    INCREMENT BY 1
    NO MINVALUE
    NO MAXVALUE
    CACHE 1;


ALTER TABLE role_type_rle_typ_id_seq OWNER TO mochidb_owner;

--
-- Name: role_type_rle_typ_id_seq; Type: SEQUENCE OWNED BY; Schema: mochi; Owner: mochidb_owner
--

ALTER SEQUENCE role_type_rle_typ_id_seq OWNED BY role_type.rle_typ_id;


--
-- Name: role_type_role_typ_id_seq; Type: SEQUENCE; Schema: mochi; Owner: mochidb_owner
--

CREATE SEQUENCE role_type_role_typ_id_seq
    START WITH 1
    INCREMENT BY 1
    NO MINVALUE
    NO MAXVALUE
    CACHE 1;


ALTER TABLE role_type_role_typ_id_seq OWNER TO mochidb_owner;

--
-- Name: supplier; Type: TABLE; Schema: mochi; Owner: mochidb_owner
--

CREATE TABLE supplier (
);


ALTER TABLE supplier OWNER TO mochidb_owner;

--
-- Name: tag_tag_id_seq; Type: SEQUENCE; Schema: mochi; Owner: mochidb_owner
--

CREATE SEQUENCE tag_tag_id_seq
    START WITH 15
    INCREMENT BY 1
    NO MINVALUE
    NO MAXVALUE
    CACHE 1;


ALTER TABLE tag_tag_id_seq OWNER TO mochidb_owner;

--
-- Name: tag; Type: TABLE; Schema: mochi; Owner: mochidb_owner
--

CREATE TABLE tag (
    tag_id bigint DEFAULT nextval('tag_tag_id_seq'::regclass) NOT NULL,
    tag_cd character(5) NOT NULL
);


ALTER TABLE tag OWNER TO mochidb_owner;

--
-- Name: tag_attr_lcl_tag_id_seq; Type: SEQUENCE; Schema: mochi; Owner: mochidb_owner
--

CREATE SEQUENCE tag_attr_lcl_tag_id_seq
    START WITH 1
    INCREMENT BY 1
    NO MINVALUE
    NO MAXVALUE
    CACHE 1;


ALTER TABLE tag_attr_lcl_tag_id_seq OWNER TO mochidb_owner;

--
-- Name: tag_attr_lcl; Type: TABLE; Schema: mochi; Owner: mochidb_owner
--

CREATE TABLE tag_attr_lcl (
    tag_lcl_id bigint DEFAULT nextval('tag_attr_lcl_tag_id_seq'::regclass) NOT NULL,
    tag_id bigint NOT NULL,
    tag_desc character varying(100),
    tag_img_pth character varying(100),
    lcl_cd character varying(5) NOT NULL
);


ALTER TABLE tag_attr_lcl OWNER TO mochidb_owner;

SET search_path = security, pg_catalog;

--
-- Name: permission; Type: TABLE; Schema: security; Owner: security_owner
--

CREATE TABLE permission (
    id bigint NOT NULL,
    name character varying(255)
);


ALTER TABLE permission OWNER TO security_owner;

--
-- Name: authority_id_seq; Type: SEQUENCE; Schema: security; Owner: security_owner
--

CREATE SEQUENCE authority_id_seq
    START WITH 1
    INCREMENT BY 1
    NO MINVALUE
    NO MAXVALUE
    CACHE 1;


ALTER TABLE authority_id_seq OWNER TO security_owner;

--
-- Name: authority_id_seq; Type: SEQUENCE OWNED BY; Schema: security; Owner: security_owner
--

ALTER SEQUENCE authority_id_seq OWNED BY permission.id;


--
-- Name: clientdetails; Type: TABLE; Schema: security; Owner: security_owner
--

CREATE TABLE clientdetails (
    appid character varying(256) NOT NULL,
    resourceids character varying(256),
    appsecret character varying(256),
    scope character varying(256),
    granttypes character varying(256),
    redirecturl character varying(256),
    authorities character varying(256),
    access_token_validity integer,
    refresh_token_validity integer,
    additionalinformation character varying(4096),
    autoapprovescopes character varying(256)
);


ALTER TABLE clientdetails OWNER TO security_owner;

--
-- Name: hibernate_sequence; Type: SEQUENCE; Schema: security; Owner: security_owner
--

CREATE SEQUENCE hibernate_sequence
    START WITH 1
    INCREMENT BY 1
    NO MINVALUE
    NO MAXVALUE
    CACHE 1;


ALTER TABLE hibernate_sequence OWNER TO security_owner;

--
-- Name: oauth_access_token; Type: TABLE; Schema: security; Owner: security_owner
--

CREATE TABLE oauth_access_token (
    token_id character varying(256),
    token bytea,
    authentication_id character varying(256) NOT NULL,
    user_name character varying(256),
    client_id character varying(256),
    authentication bytea,
    refresh_token character varying(256)
);


ALTER TABLE oauth_access_token OWNER TO security_owner;

--
-- Name: oauth_approvals; Type: TABLE; Schema: security; Owner: security_owner
--

CREATE TABLE oauth_approvals (
    userid character varying(256),
    clientid character varying(256),
    scope character varying(256),
    status character varying(10),
    expiresat timestamp without time zone,
    lastmodifiedat timestamp without time zone
);


ALTER TABLE oauth_approvals OWNER TO security_owner;

--
-- Name: oauth_client_details; Type: TABLE; Schema: security; Owner: security_owner
--

CREATE TABLE oauth_client_details (
    client_id character varying(256) NOT NULL,
    resource_ids character varying(256),
    client_secret character varying(256),
    scope character varying(256),
    authorized_grant_types character varying(256),
    web_server_redirect_uri character varying(256),
    authorities character varying(256),
    access_token_validity integer,
    refresh_token_validity integer,
    additional_information character varying(4096),
    autoapprove character varying(256)
);


ALTER TABLE oauth_client_details OWNER TO security_owner;

--
-- Name: oauth_client_token; Type: TABLE; Schema: security; Owner: security_owner
--

CREATE TABLE oauth_client_token (
    token_id character varying(256),
    token bytea,
    authentication_id character varying(256) NOT NULL,
    user_name character varying(256),
    client_id character varying(256)
);


ALTER TABLE oauth_client_token OWNER TO security_owner;

--
-- Name: oauth_code; Type: TABLE; Schema: security; Owner: security_owner
--

CREATE TABLE oauth_code (
    code character varying(256),
    authentication bytea
);


ALTER TABLE oauth_code OWNER TO security_owner;

--
-- Name: oauth_refresh_token; Type: TABLE; Schema: security; Owner: security_owner
--

CREATE TABLE oauth_refresh_token (
    token_id character varying(256),
    token bytea,
    authentication bytea
);


ALTER TABLE oauth_refresh_token OWNER TO security_owner;

--
-- Name: role_id_seq; Type: SEQUENCE; Schema: security; Owner: security_owner
--

CREATE SEQUENCE role_id_seq
    START WITH 1
    INCREMENT BY 1
    NO MINVALUE
    NO MAXVALUE
    CACHE 1;


ALTER TABLE role_id_seq OWNER TO security_owner;

--
-- Name: role; Type: TABLE; Schema: security; Owner: security_owner
--

CREATE TABLE role (
    id bigint DEFAULT nextval('role_id_seq'::regclass) NOT NULL,
    name character varying(40)
);


ALTER TABLE role OWNER TO security_owner;

--
-- Name: role_permission_id_seq; Type: SEQUENCE; Schema: security; Owner: security_owner
--

CREATE SEQUENCE role_permission_id_seq
    START WITH 1
    INCREMENT BY 1
    NO MINVALUE
    NO MAXVALUE
    CACHE 1;


ALTER TABLE role_permission_id_seq OWNER TO security_owner;

--
-- Name: role_permission; Type: TABLE; Schema: security; Owner: security_owner
--

CREATE TABLE role_permission (
    id bigint DEFAULT nextval('role_permission_id_seq'::regclass) NOT NULL,
    role_id bigint NOT NULL,
    permission_id bigint NOT NULL
);


ALTER TABLE role_permission OWNER TO security_owner;

--
-- Name: user_; Type: TABLE; Schema: security; Owner: security_owner
--

CREATE TABLE user_ (
    pty_id bigint NOT NULL,
    account_expired boolean,
    account_locked boolean,
    credentials_expired boolean,
    enabled boolean,
    password character varying(255),
    user_name character varying(255)
);


ALTER TABLE user_ OWNER TO security_owner;

--
-- Name: user_role_id_seq; Type: SEQUENCE; Schema: security; Owner: security_owner
--

CREATE SEQUENCE user_role_id_seq
    START WITH 1
    INCREMENT BY 1
    NO MINVALUE
    NO MAXVALUE
    CACHE 1;


ALTER TABLE user_role_id_seq OWNER TO security_owner;

--
-- Name: user_role; Type: TABLE; Schema: security; Owner: security_owner
--

CREATE TABLE user_role (
    id bigint DEFAULT nextval('user_role_id_seq'::regclass) NOT NULL,
    pty_id bigint NOT NULL,
    role_id bigint NOT NULL
);


ALTER TABLE user_role OWNER TO security_owner;

SET search_path = mochi, pg_catalog;

--
-- Name: party pty_id; Type: DEFAULT; Schema: mochi; Owner: mochidb_owner
--

ALTER TABLE ONLY party ALTER COLUMN pty_id SET DEFAULT nextval('party_pty_id_seq'::regclass);


--
-- Name: party_type pty_typ_id; Type: DEFAULT; Schema: mochi; Owner: mochidb_owner
--

ALTER TABLE ONLY party_type ALTER COLUMN pty_typ_id SET DEFAULT nextval('party_type_pty_typ_id_seq'::regclass);


--
-- Name: role_type rle_typ_id; Type: DEFAULT; Schema: mochi; Owner: mochidb_owner
--

ALTER TABLE ONLY role_type ALTER COLUMN rle_typ_id SET DEFAULT nextval('role_type_rle_typ_id_seq'::regclass);


SET search_path = security, pg_catalog;

--
-- Name: permission id; Type: DEFAULT; Schema: security; Owner: security_owner
--

ALTER TABLE ONLY permission ALTER COLUMN id SET DEFAULT nextval('authority_id_seq'::regclass);


SET search_path = mochi, pg_catalog;

--
-- Data for Name: address; Type: TABLE DATA; Schema: mochi; Owner: mochidb_owner
--

COPY address  FROM stdin;
\.


--
-- Data for Name: address_type; Type: TABLE DATA; Schema: mochi; Owner: mochidb_owner
--

COPY address_type  FROM stdin;
\.


--
-- Data for Name: brand; Type: TABLE DATA; Schema: mochi; Owner: mochidb_owner
--

COPY brand (bnd_id, bnd_cd) FROM stdin;
32	DLE01
33	ENZ01
34	DIV01
35	DRI01
36	WON01
37	PLA01
38	GLO01
39	ADO01
40	GOL01
41	SHI01
\.


--
-- Data for Name: brand_attr_lcl; Type: TABLE DATA; Schema: mochi; Owner: mochidb_owner
--

COPY brand_attr_lcl (bnd_lcl_id, bnd_id, bnd_desc, bnd_img_pth, lcl_cd) FROM stdin;
59	32	Dole	\N	en-GB
60	32	Dole	\N	zh-HK
61	33	Enza	\N	en-GB
62	33	Enza	\N	zh-HK
63	34	Diva	\N	en-GB
64	34	Diva	\N	zh-HK
65	35	Driscolls	\N	en-GB
66	35	Driscolls	\N	zh-HK
67	36	Wonderful	\N	en-GB
68	36	Wonderful	\N	zh-HK
69	37	Planters	\N	en-GB
70	37	Planters	\N	zh-HK
71	38	Glorys	\N	en-GB
72	38	Glorys	\N	zh-HK
73	39	Adora	\N	en-GB
74	39	Adora	\N	zh-HK
75	40	Gold	\N	en-GB
76	40	Gold	\N	zh-HK
77	41	Shine	\N	en-GB
78	41	Shine	\N	zh-HK
\.


--
-- Name: brand_attr_lcl_bnd_id_seq; Type: SEQUENCE SET; Schema: mochi; Owner: mochidb_owner
--

SELECT pg_catalog.setval('brand_attr_lcl_bnd_id_seq', 78, true);


--
-- Name: brand_bnd_id_seq; Type: SEQUENCE SET; Schema: mochi; Owner: mochidb_owner
--

SELECT pg_catalog.setval('brand_bnd_id_seq', 41, true);


--
-- Data for Name: brand_category; Type: TABLE DATA; Schema: mochi; Owner: mochidb_owner
--

COPY brand_category (bnd_cat_id, bnd_id, cat_id) FROM stdin;
11	32	45
12	33	45
13	34	45
14	35	45
\.


--
-- Name: brand_category_bnd_cat_id_seq; Type: SEQUENCE SET; Schema: mochi; Owner: mochidb_owner
--

SELECT pg_catalog.setval('brand_category_bnd_cat_id_seq', 14, true);


--
-- Data for Name: brand_promotion; Type: TABLE DATA; Schema: mochi; Owner: mochidb_owner
--

COPY brand_promotion (bnd_id, prm_id) FROM stdin;
\.


--
-- Data for Name: category; Type: TABLE DATA; Schema: mochi; Owner: mochidb_owner
--

COPY category (cat_id, cat_cd, cat_prnt_id, cat_lvl, cat_typ_id) FROM stdin;
43	BSP01	39	1	1
39	PRM02	\N	0	1
38	FET01	39	1	1
40	BND01	\N	0	1
42	OTH02	40	1	1
8	SVG01	4	2	1
16	NUT01	2	1	1
28	DUM02	2	1	1
36	REV01	6	3	1
15	TRO01	3	2	1
4	VEG01	2	1	1
30	DUM04	2	1	1
23	BRA01	16	2	1
20	ALM01	16	2	1
25	OFT01	3	2	1
26	ONT01	16	2	1
13	MEL01	3	2	1
22	PEC01	16	2	1
27	DUM01	2	1	1
21	PEA01	16	2	1
5	DGV01	4	2	1
11	DRU01	3	2	1
3	FRT01	2	1	1
14	CIT01	3	2	1
17	PIS01	16	2	1
33	DUM07	2	1	1
19	CAS01	16	2	1
31	DUM05	2	1	1
35	DUM09	36	4	1
37	ORV01	6	3	1
34	DUM08	2	1	1
32	DUM06	2	1	1
12	BER01	3	2	1
10	POM01	3	2	1
18	HAZ01	16	2	1
9	OTH01	4	2	1
24	MAC01	16	2	1
6	ROV01	4	2	1
29	DUM03	2	1	1
2	PRM01	\N	0	1
7	BAP01	4	2	1
44	UNK01	39	1	1
45	FBR01	40	0	2
\.


--
-- Data for Name: category_attr_lcl; Type: TABLE DATA; Schema: mochi; Owner: mochidb_owner
--

COPY category_attr_lcl (cat_lcl_id, cat_id, cat_desc, cat_img_pth, lcl_cd) FROM stdin;
14	3	水果		zh-HK
17	5	深綠色蔬菜	\N	zh-HK
19	6	紅色和橙色蔬菜	\N	zh-HK
21	7	豆類和豌豆	\N	zh-HK
23	8	澱粉蔬菜	\N	zh-HK
25	9	其他蔬菜	\N	zh-HK
27	10	梨果	\N	zh-HK
29	11	核果	\N	zh-HK
31	12	漿果	\N	zh-HK
33	13	瓜	\N	zh-HK
35	14	柑橘	\N	zh-HK
37	15	熱帶	\N	zh-HK
39	16	堅果	\N	zh-HK
41	17	開心果	\N	zh-HK
43	18	榛子	\N	zh-HK
45	19	腰果	\N	zh-HK
47	20	杏仁	\N	zh-HK
49	21	花生	\N	zh-HK
51	22	胡桃	\N	zh-HK
53	23	巴西	\N	zh-HK
55	24	澳洲	\N	zh-HK
57	25	其他水果	\N	zh-HK
59	26	其他堅果	\N	zh-HK
61	27	假 1	\N	zh-HK
63	28	假 2	\N	zh-HK
65	29	假 3	\N	zh-HK
67	30	假 4	\N	zh-HK
69	31	假 5	\N	zh-HK
71	32	假 6	\N	zh-HK
73	33	假 7	\N	zh-HK
75	34	假 8	\N	zh-HK
77	35	假 9	\N	zh-HK
79	36	紅色蔬菜	\N	zh-HK
81	37	橙色蔬菜	\N	zh-HK
10	2	ALL		en-GB
11	3	Fruit		en-GB
20	7	Beans and Peas	\N	en-GB
26	10	Pomes	\N	en-GB
28	11	Drupes	\N	en-GB
30	12	Berries	\N	en-GB
32	13	Melons	\N	en-GB
34	14	Citrus	\N	en-GB
36	15	Tropical	\N	en-GB
38	16	Nuts	\N	en-GB
15	4	蔬菜	VEG01.jpg	zh-HK
12	4	Vegetables	VEG01.jpg	en-GB
40	17	Pistachios	\N	en-GB
42	18	Hazelnuts	\N	en-GB
44	19	Cashews	\N	en-GB
46	20	Almonds	\N	en-GB
48	21	Peanuts	\N	en-GB
50	22	Pecans	\N	en-GB
52	23	Brazil	\N	en-GB
54	24	Macadamia	\N	en-GB
56	25	Other Fruit	\N	en-GB
58	26	Other Nuts	\N	en-GB
60	27	DUMMY 1	\N	en-GB
62	28	DUMMY 2	\N	en-GB
64	29	DUMMY 3	\N	en-GB
66	30	DUMMY 4	\N	en-GB
68	31	DUMMY 5	\N	en-GB
70	32	DUMMY 6	\N	en-GB
72	33	DUMMY 7	\N	en-GB
74	34	DUMMY 8	\N	en-GB
76	35	DUMMY 9	\N	en-GB
82	38	Featured	\N	en-GB
83	38	精選	\N	zh-HK
84	39	MISC	\N	en-GB
85	39	雜	\N	zh-HK
86	40	All Brands	\N	en-GB
87	40	所有品牌	\N	zh-HK
90	42	Other Brands	\N	en-GB
99	42	其他品牌	\N	zh-HK
100	43	Best Sellers	\N	en-GB
101	43	最暢銷	\N	zh-HK
16	5	Dark Green	\N	en-GB
18	6	Red and Orange	\N	en-GB
22	8	Starchy	\N	en-GB
24	9	Other	\N	en-GB
78	36	Red	\N	en-GB
80	37	Orange	\N	en-GB
102	44	Unknown	\N	en-GB
103	44	未知	\N	zh-HK
13	2	ALL		zh-HK
104	45	Featured Brands	\N	en-GB
105	45	推薦品牌	\N	zh-HK
\.


--
-- Name: category_attr_lcl_cat_id_seq; Type: SEQUENCE SET; Schema: mochi; Owner: mochidb_owner
--

SELECT pg_catalog.setval('category_attr_lcl_cat_id_seq', 22, true);


--
-- Data for Name: category_brand; Type: TABLE DATA; Schema: mochi; Owner: mochidb_owner
--

COPY category_brand (cat_id) FROM stdin;
45
\.


--
-- Name: category_cat_id_seq; Type: SEQUENCE SET; Schema: mochi; Owner: mochidb_owner
--

SELECT pg_catalog.setval('category_cat_id_seq', 8, true);


--
-- Data for Name: category_product; Type: TABLE DATA; Schema: mochi; Owner: mochidb_owner
--

COPY category_product (cat_id) FROM stdin;
43
39
38
40
42
8
16
28
36
15
4
30
23
20
25
26
13
22
27
21
5
11
3
14
17
33
19
31
35
37
34
32
12
10
18
9
24
6
29
2
7
44
\.


--
-- Data for Name: category_promotion; Type: TABLE DATA; Schema: mochi; Owner: mochidb_owner
--

COPY category_promotion (cat_id, prm_id) FROM stdin;
\.


--
-- Data for Name: category_type; Type: TABLE DATA; Schema: mochi; Owner: mochidb_owner
--

COPY category_type (cat_typ_id, cat_typ_cd, cat_typ_desc) FROM stdin;
1	PRD01	product
2	BND01	brand
3	PRM01	promotion
4	LAY01	layout
\.


--
-- Name: category_type_cat_typ_id_seq; Type: SEQUENCE SET; Schema: mochi; Owner: mochidb_owner
--

SELECT pg_catalog.setval('category_type_cat_typ_id_seq', 2, true);


--
-- Data for Name: currency; Type: TABLE DATA; Schema: mochi; Owner: mochidb_owner
--

COPY currency (ccy_id, ccy_cd) FROM stdin;
1	HKD
2	USD
\.


--
-- Data for Name: customer; Type: TABLE DATA; Schema: mochi; Owner: mochidb_owner
--

COPY customer (rle_id, cst_id) FROM stdin;
1	1000000011
232217	1000000026
232221	1000000028
232231	1000000033
232233	1000000034
232235	1000000035
232237	1000000036
232239	1000000037
232241	1000000038
232243	1000000039
232245	1000000040
232247	1000000041
232249	1000000042
232251	1000000043
232253	1000000044
232255	1000000045
232257	1000000046
232259	1000000047
232261	1000000048
232263	1000000049
232305	1000000070
232311	1000000073
232313	1000000074
233017	1000000264
233019	1000000265
233021	1000000266
233023	1000000267
233025	1000000268
\.


--
-- Name: customer_cst_id_seq; Type: SEQUENCE SET; Schema: mochi; Owner: mochidb_owner
--

SELECT pg_catalog.setval('customer_cst_id_seq', 1000000268, true);


--
-- Data for Name: department; Type: TABLE DATA; Schema: mochi; Owner: mochidb_owner
--

COPY department (dept_id, dept_cd, dept_class) FROM stdin;
2	JEW01	Jewellery
3	FOO01	Food
1	SHP01	Shipping
\.


--
-- Data for Name: department_attr_lcl; Type: TABLE DATA; Schema: mochi; Owner: mochidb_owner
--

COPY department_attr_lcl (dept_lcl_id, dept_id, dept_desc, lcl_cd) FROM stdin;
1	2	Jewellery	en-GB
2	2	首飾	zh-HK
3	3	Food	en-GB
4	3	餐飲	zh-HK
\.


--
-- Data for Name: discount; Type: TABLE DATA; Schema: mochi; Owner: mochidb_owner
--

COPY discount (dis_id, dis_cd, prm_id, dis_typ_id, dis_val) FROM stdin;
\.


--
-- Data for Name: discount_type; Type: TABLE DATA; Schema: mochi; Owner: mochidb_owner
--

COPY discount_type (dis_typ_id, dis_typ_desc) FROM stdin;
1	percentage
2	value
\.


--
-- Data for Name: food_attr_lcl; Type: TABLE DATA; Schema: mochi; Owner: mochidb_owner
--

COPY food_attr_lcl (prd_lcl_id, prd_id, ingredients, lcl_cd) FROM stdin;
6	5	Not Applicable	en-GB
8	7	Not Applicable	en-GB
10	9	Not Applicable	en-GB
14	13	Not Applicable	en-GB
22	21	Not Applicable	en-GB
24	23	Not Applicable	en-GB
26	25	Not Applicable	en-GB
27	26	Not Applicable	en-GB
29	28	Not Applicable	en-GB
31	30	Not Applicable	en-GB
3	2	Not Applicable	en-GB
9	8	Not Applicable	en-GB
18	17	Not Applicable	en-GB
4	3	Not Applicable	en-GB
5	4	Not Applicable	en-GB
7	6	Not Applicable	en-GB
13	12	Not Applicable	en-GB
17	16	Not Applicable	en-GB
11	10	Not Applicable	en-GB
12	11	Not Applicable	en-GB
15	14	Not Applicable	en-GB
16	15	Not Applicable	en-GB
20	19	Not Applicable	en-GB
21	20	Not Applicable	en-GB
23	22	Not Applicable	en-GB
25	24	Not Applicable	en-GB
28	27	Not Applicable	en-GB
30	29	Not Applicable	en-GB
2	1	Not Applicable	en-GB
19	18	Not Applicable	en-GB
45	5	不適用	zh-HK
47	7	不適用	zh-HK
49	9	不適用	zh-HK
53	13	不適用	zh-HK
61	21	不適用	zh-HK
63	23	不適用	zh-HK
65	25	不適用	zh-HK
66	26	不適用	zh-HK
68	28	不適用	zh-HK
70	30	不適用	zh-HK
42	2	不適用	zh-HK
48	8	不適用	zh-HK
57	17	不適用	zh-HK
43	3	不適用	zh-HK
44	4	不適用	zh-HK
46	6	不適用	zh-HK
52	12	不適用	zh-HK
56	16	不適用	zh-HK
50	10	不適用	zh-HK
51	11	不適用	zh-HK
54	14	不適用	zh-HK
55	15	不適用	zh-HK
59	19	不適用	zh-HK
60	20	不適用	zh-HK
62	22	不適用	zh-HK
64	24	不適用	zh-HK
67	27	不適用	zh-HK
69	29	不適用	zh-HK
41	1	不適用	zh-HK
58	18	不適用	zh-HK
\.


--
-- Name: hibernate_sequence; Type: SEQUENCE SET; Schema: mochi; Owner: mochidb_owner
--

SELECT pg_catalog.setval('hibernate_sequence', 233027, true);


--
-- Name: hierarchy_hir_id_seq; Type: SEQUENCE SET; Schema: mochi; Owner: mochidb_owner
--

SELECT pg_catalog.setval('hierarchy_hir_id_seq', 43, true);


--
-- Data for Name: inventory_on_hand; Type: TABLE DATA; Schema: mochi; Owner: mochidb_owner
--

COPY inventory_on_hand  FROM stdin;
\.


--
-- Data for Name: inventory_transaction; Type: TABLE DATA; Schema: mochi; Owner: mochidb_owner
--

COPY inventory_transaction  FROM stdin;
\.


--
-- Data for Name: jewellery_attr_lcl; Type: TABLE DATA; Schema: mochi; Owner: mochidb_owner
--

COPY jewellery_attr_lcl (prd_lcl_id, prd_id, primary_metal_type, primary_stone_type, lcl_cd) FROM stdin;
\.


--
-- Name: layout_category_lay_cat_id_seq; Type: SEQUENCE SET; Schema: mochi; Owner: mochidb_owner
--

SELECT pg_catalog.setval('layout_category_lay_cat_id_seq', 22, true);


--
-- Name: layout_lay_id_seq; Type: SEQUENCE SET; Schema: mochi; Owner: mochidb_owner
--

SELECT pg_catalog.setval('layout_lay_id_seq', 4, true);


--
-- Data for Name: locale; Type: TABLE DATA; Schema: mochi; Owner: mochidb_owner
--

COPY locale (lcl_cd) FROM stdin;
af-ZA
am-ET
ar-AE
ar-BH
ar-DZ
ar-EG
ar-IQ
ar-JO
ar-KW
ar-LB
ar-LY
ar-MA
arn-CL
ar-OM
ar-QA
ar-SA
ar-SY
ar-TN
ar-YE
as-IN
az-Cyrl-AZ
az-Latn-AZ
ba-RU
be-BY
bg-BG
bn-BD
bn-IN
bo-CN
br-FR
bs-Cyrl-BA
bs-Latn-BA
ca-ES
co-FR
cs-CZ
cy-GB
da-DK
de-AT
de-CH
de-DE
de-LI
de-LU
dsb-DE
dv-MV
el-GR
en-029
en-AU
en-BZ
en-CA
en-GB
en-IE
en-IN
en-JM
en-MY
en-NZ
en-PH
en-SG
en-TT
en-US
en-ZA
en-ZW
es-AR
es-BO
es-CL
es-CO
es-CR
es-DO
es-EC
es-ES
es-GT
es-HN
es-MX
es-NI
es-PA
es-PE
es-PR
es-PY
es-SV
es-US
es-UY
es-VE
et-EE
eu-ES
fa-IR
fi-FI
fil-PH
fo-FO
fr-BE
fr-CA
fr-CH
fr-FR
fr-LU
fr-MC
fy-NL
ga-IE
gd-GB
gl-ES
gsw-FR
gu-IN
ha-Latn-NG
he-IL
hi-IN
hr-BA
hr-HR
hsb-DE
hu-HU
hy-AM
id-ID
ig-NG
ii-CN
is-IS
it-CH
it-IT
iu-Cans-CA
iu-Latn-CA
ja-JP
ka-GE
kk-KZ
kl-GL
km-KH
kn-IN
kok-IN
ko-KR
ky-KG
lb-LU
lo-LA
lt-LT
lv-LV
mi-NZ
mk-MK
ml-IN
mn-MN
mn-Mong-CN
moh-CA
mr-IN
ms-BN
ms-MY
mt-MT
nb-NO
ne-NP
nl-BE
nl-NL
nn-NO
nso-ZA
oc-FR
or-IN
pa-IN
pl-PL
prs-AF
ps-AF
pt-BR
pt-PT
qut-GT
quz-BO
quz-EC
quz-PE
rm-CH
ro-RO
ru-RU
rw-RW
sah-RU
sa-IN
se-FI
se-NO
se-SE
si-LK
sk-SK
sl-SI
sma-NO
sma-SE
smj-NO
smj-SE
smn-FI
sms-FI
sq-AL
sr-Cyrl-BA
sr-Cyrl-CS
sr-Cyrl-ME
sr-Cyrl-RS
sr-Latn-BA
sr-Latn-CS
sr-Latn-ME
sr-Latn-RS
sv-FI
sv-SE
sw-KE
syr-SY
ta-IN
te-IN
tg-Cyrl-TJ
th-TH
tk-TM
tn-ZA
tr-TR
tt-RU
tzm-Latn-DZ
ug-CN
uk-UA
ur-PK
uz-Cyrl-UZ
uz-Latn-UZ
vi-VN
wo-SN
xh-ZA
yo-NG
zh-CN
zh-HK
zh-MO
zh-SG
zh-TW
zu-ZA
\.


--
-- Data for Name: location; Type: TABLE DATA; Schema: mochi; Owner: mochidb_owner
--

COPY location  FROM stdin;
\.


--
-- Data for Name: order; Type: TABLE DATA; Schema: mochi; Owner: mochidb_owner
--

COPY "order" (ord_id, pty_id) FROM stdin;
\.


--
-- Data for Name: order_line; Type: TABLE DATA; Schema: mochi; Owner: mochidb_owner
--

COPY order_line (ord_id, prd_id, ord_lne_no, qty, prm_id, amt) FROM stdin;
\.


--
-- Data for Name: organisation; Type: TABLE DATA; Schema: mochi; Owner: mochidb_owner
--

COPY organisation (org_id, org_nme, org_reg_no) FROM stdin;
\.


--
-- Data for Name: party; Type: TABLE DATA; Schema: mochi; Owner: mochidb_owner
--

COPY party (pty_id, pty_typ_id) FROM stdin;
1	1
232216	1
232220	1
232230	1
232232	1
232234	1
232236	1
232238	1
232240	1
232242	1
232244	1
232246	1
232248	1
232250	1
232252	1
232254	1
232256	1
232258	1
232260	1
232262	1
232304	1
232310	1
232312	1
233016	1
233018	1
233020	1
233022	1
233024	1
\.


--
-- Name: party_party_id_seq; Type: SEQUENCE SET; Schema: mochi; Owner: mochidb_owner
--

SELECT pg_catalog.setval('party_party_id_seq', 1, false);


--
-- Name: party_pty_id_seq; Type: SEQUENCE SET; Schema: mochi; Owner: mochidb_owner
--

SELECT pg_catalog.setval('party_pty_id_seq', 1, false);


--
-- Data for Name: party_type; Type: TABLE DATA; Schema: mochi; Owner: mochidb_owner
--

COPY party_type (pty_typ_id, pty_typ_desc) FROM stdin;
1	Person
2	Organisation
\.


--
-- Name: party_type_pty_typ_id_seq; Type: SEQUENCE SET; Schema: mochi; Owner: mochidb_owner
--

SELECT pg_catalog.setval('party_type_pty_typ_id_seq', 1, false);


--
-- Data for Name: person; Type: TABLE DATA; Schema: mochi; Owner: mochidb_owner
--

COPY person (psn_id, psn_gvn_nm, psn_fml_nm, enb) FROM stdin;
1	Daniel	Mackie	t
232230	Will	Parkhouse	t
232232	Will	Parkhouse	t
232234	zoro	zoro	t
232236	j	j	t
232238	x	x	t
232240	z	z	t
232242	h	h	t
232244	i	i	t
232246	f	f	t
232248	Alexia	V	t
232250	marley	macculloch	t
232252	Layla	MacCulloch	t
232254	bill	bill	t
232256	dan	dan	t
232258	dan	dan	t
232260	nod	nod	t
232262	Daniel	Mackie	t
232304	Daniel	Mackie	t
232310	Daniel	Mackie	t
232312	Daniel	Mackie	t
232216	billy	wong	t
232220	purple	wong	t
233016	adam	apple	f
233018	barry	white	f
233020	will	parkhouse	f
233022	john	wayne	f
233024	bob	bob	f
\.


--
-- Name: person_id_seq; Type: SEQUENCE SET; Schema: mochi; Owner: mochidb_owner
--

SELECT pg_catalog.setval('person_id_seq', 6, false);


--
-- Data for Name: price; Type: TABLE DATA; Schema: mochi; Owner: mochidb_owner
--

COPY price (prc_id, prc_typ_id, prd_id, prc_val, ccy_id) FROM stdin;
1	1	1	75	1
2	1	2	75	1
3	1	3	120	1
4	1	4	60	1
5	1	5	48	1
6	1	6	32	1
7	1	7	56	1
8	1	8	16	1
9	1	9	82	1
10	1	10	35	1
11	1	11	60	1
12	1	12	60	1
13	1	13	22	1
14	1	14	48	1
15	1	15	75	1
16	1	16	16	1
17	1	17	72	1
18	1	18	45	1
19	1	19	60	1
20	1	20	36	1
21	1	21	69	1
22	1	22	95	1
23	1	23	160	1
24	1	24	180	1
25	1	25	28	1
26	1	26	200	1
27	1	27	190	1
28	1	28	950	1
29	1	29	650	1
30	1	30	170	1
31	1	1	9.6	2
32	1	2	9.6	2
33	1	3	15.4	2
34	1	4	7.7	2
35	1	5	6.2	2
36	1	6	4.1	2
37	1	7	7.2	2
38	1	8	2.1	2
39	1	9	10.5	2
40	1	10	4.5	2
41	1	11	7.7	2
42	1	12	7.7	2
43	1	13	2.8	2
44	1	14	6.2	2
45	1	15	9.6	2
46	1	16	2.1	2
47	1	17	9.2	2
48	1	18	5.8	2
49	1	19	7.7	2
50	1	20	4.6	2
51	1	21	8.8	2
52	1	22	12.2	2
53	1	23	20.5	2
54	1	24	23.1	2
55	1	25	3.6	2
56	1	26	25.6	2
57	1	27	24.4	2
58	1	28	121.8	2
59	1	29	83.3	2
60	1	30	21.8	2
61	2	1	8.64	2
62	2	2	8.64	2
63	2	3	13.86	2
64	2	4	6.93	2
65	2	5	5.58	2
66	2	6	3.69	2
67	2	7	6.48	2
68	2	8	1.89	2
69	2	9	9.45	2
70	2	10	4.05	2
71	2	11	6.93	2
72	2	12	6.93	2
73	2	13	2.52	2
74	2	14	5.58	2
75	2	15	8.64	2
76	2	16	1.89	2
77	2	17	8.28	2
78	2	18	5.22	2
79	2	19	6.93	2
80	2	20	4.14	2
81	2	21	7.92	2
82	2	22	10.98	2
83	2	23	18.45	2
84	2	24	20.79	2
85	2	25	3.24	2
86	2	26	23.04	2
87	2	27	21.96	2
88	2	28	109.62	2
89	2	29	74.97	2
90	2	30	19.62	2
91	2	1	67.50	1
92	2	2	67.50	1
93	2	3	108.00	1
94	2	4	54.00	1
95	2	5	43.20	1
96	2	6	28.80	1
97	2	7	50.40	1
98	2	8	14.40	1
99	2	9	73.80	1
100	2	10	31.50	1
101	2	11	54.00	1
102	2	12	54.00	1
103	2	13	19.80	1
104	2	14	43.20	1
105	2	15	67.50	1
106	2	16	14.40	1
107	2	17	64.80	1
108	2	18	40.50	1
109	2	19	54.00	1
110	2	20	32.40	1
111	2	21	62.10	1
112	2	22	85.50	1
113	2	23	144.00	1
114	2	24	162.00	1
115	2	25	25.20	1
116	2	26	180.00	1
117	2	27	171.00	1
118	2	28	855.00	1
119	2	29	585.00	1
120	2	30	153.00	1
\.


--
-- Name: price_prc_id_seq; Type: SEQUENCE SET; Schema: mochi; Owner: mochidb_owner
--

SELECT pg_catalog.setval('price_prc_id_seq', 120, true);


--
-- Data for Name: price_type; Type: TABLE DATA; Schema: mochi; Owner: mochidb_owner
--

COPY price_type (prc_typ_id, prc_typ_desc, prc_typ_cd) FROM stdin;
1	retail	RET01
2	markdown	MKD01
\.


--
-- Data for Name: product; Type: TABLE DATA; Schema: mochi; Owner: mochidb_owner
--

COPY product (prd_id, upc_cd, prd_crtd_dt, bnd_id, dept_id, prd_sts_id, prm_cat_id) FROM stdin;
11	3577789	2019-01-04	32	3	1	9
5	12383658	2019-01-04	34	3	1	5
7	14445678	2019-01-04	37	3	1	8
9	12366678	2019-01-04	32	3	1	7
13	76477789	2019-01-04	33	3	1	8
21	18170258	2019-02-05	38	3	1	10
23	17236024	2019-02-05	35	3	1	12
25	15483827	2019-02-05	35	3	1	13
26	13627671	2019-02-05	35	3	1	20
28	16153782	2019-02-05	34	3	1	26
30	16067775	2019-02-05	33	3	1	26
2	23464789	2019-01-04	40	3	1	14
8	25556789	2019-01-04	41	3	1	14
17	18911676	2019-02-05	37	3	1	10
3	19633678	2019-01-04	37	3	1	5
4	23456645	2019-01-04	41	3	1	8
6	23739283	2019-01-04	38	3	1	6
12	64377789	2019-01-04	34	3	1	9
16	18188784	2019-02-05	41	3	1	9
10	23477789	2019-01-04	35	3	1	9
14	13159658	2019-02-05	32	3	1	8
15	15410595	2019-02-05	38	3	1	9
19	10760430	2019-02-05	33	3	1	14
20	10688155	2019-02-05	37	3	1	13
22	17235347	2019-02-05	39	3	1	10
24	19037164	2019-02-05	41	3	1	12
27	15946292	2019-02-05	39	3	1	17
29	17152401	2019-02-05	33	3	1	19
1	12345678	2019-01-04	38	3	1	15
18	17366878	2019-02-05	39	3	1	15
\.


--
-- Data for Name: product_attr_lcl; Type: TABLE DATA; Schema: mochi; Owner: mochidb_owner
--

COPY product_attr_lcl (prd_lcl_id, prd_id, prd_desc, prd_img_pth, lcl_cd) FROM stdin;
2	1	芒果	mango.jpg	zh-HK
4	2	橙子	orange.jpg	zh-HK
6	3	西兰花	broccoli.jpg	zh-HK
8	4	菜花	cauliflower.jpg	zh-HK
10	5	黄瓜	cucumber.jpg	zh-HK
12	6	红菜头	beetroot.jpg	zh-HK
14	7	胡萝卜	carrots.jpg	zh-HK
16	8	番茄	tomato.jpg	zh-HK
18	9	豆子	beans.jpg	zh-HK
20	10	茄子	brinjal.jpg	zh-HK
22	11	辣椒	capsicum.jpg	zh-HK
24	12	蘑菇	button-mushroom.jpg	zh-HK
26	13	土豆	potato.jpg	zh-HK
28	14	南瓜	pumpkin.jpg	zh-HK
30	15	玉米	corn.jpg	zh-HK
32	16	洋蔥	onion.jpg	zh-HK
34	17	蘋果	apple.jpg	zh-HK
36	18	香蕉	banana.jpg	zh-HK
38	19	葡萄	grapes.jpg	zh-HK
40	20	麝香甜瓜	musk-melon.jpg	zh-HK
42	21	梨	pears.jpg	zh-HK
44	22	石榴	pomegranate.jpg	zh-HK
46	23	覆盆子	raspberry.jpg	zh-HK
48	24	草莓	strawberry.jpg	zh-HK
50	25	西瓜	water-melon.jpg	zh-HK
52	26	杏仁	almonds.jpg	zh-HK
54	27	開心果	pistachio.jpg	zh-HK
56	28	堅果混合物	nuts-mixture.jpg	zh-HK
58	29	腰果	cashews.jpg	zh-HK
60	30	核桃	walnuts.jpg	zh-HK
1	1	mango	mango.jpg	en-GB
3	2	orange	orange.jpg	en-GB
5	3	brocolli	broccoli.jpg	en-GB
7	4	cauliflower	cauliflower.jpg	en-GB
9	5	cucumber	cucumber.jpg	en-GB
11	6	beetroot	beetroot.jpg	en-GB
13	7	carrot	carrots.jpg	en-GB
15	8	tomato	tomato.jpg	en-GB
17	9	beans	beans.jpg	en-GB
19	10	brinjal	brinjal.jpg	en-GB
21	11	capsicum	capsicum.jpg	en-GB
23	12	mushroom	button-mushroom.jpg	en-GB
25	13	potato	potato.jpg	en-GB
27	14	Pumpkin	pumpkin.jpg	en-GB
29	15	Corn	corn.jpg	en-GB
31	16	Onion	onion.jpg	en-GB
33	17	Apple	apple.jpg	en-GB
35	18	Banana	banana.jpg	en-GB
37	19	Grapes	grapes.jpg	en-GB
39	20	Musk Melon	musk-melon.jpg	en-GB
41	21	Pears	pears.jpg	en-GB
43	22	Pomegranate	pomegranate.jpg	en-GB
47	24	Strawberry	strawberry.jpg	en-GB
49	25	Water Melon	water-melon.jpg	en-GB
51	26	Almonds	almonds.jpg	en-GB
53	27	Pistachio	pistachio.jpg	en-GB
55	28	Nuts Mixture	nuts-mixture.jpg	en-GB
57	29	Cashews	cashews.jpg	en-GB
59	30	Walnuts	walnuts.jpg	en-GB
45	23	RaspberryDan	raspberry.jpg	en-GB
\.


--
-- Data for Name: product_bundle; Type: TABLE DATA; Schema: mochi; Owner: mochidb_owner
--

COPY product_bundle (prd_bdl_id, bdl_id, prd_id) FROM stdin;
\.


--
-- Data for Name: product_category; Type: TABLE DATA; Schema: mochi; Owner: mochidb_owner
--

COPY product_category (prd_cat_id, prd_id, cat_id) FROM stdin;
39	1	15
40	2	14
41	3	5
42	4	8
43	5	5
44	6	6
45	7	8
46	8	14
47	9	7
48	10	9
50	12	9
51	13	8
52	14	8
53	15	9
54	16	9
55	17	10
56	18	15
57	19	14
58	20	13
59	21	10
60	22	10
61	23	12
62	24	12
63	25	13
64	26	20
65	27	17
66	28	26
67	29	19
68	30	26
69	1	38
70	10	38
71	11	38
72	14	38
73	15	38
74	18	38
75	19	38
76	20	38
77	22	38
78	24	38
79	27	38
80	29	38
81	2	43
82	14	43
83	18	43
84	22	43
85	12	43
86	16	43
87	26	43
88	6	43
89	20	43
90	5	43
\.


--
-- Name: product_category_prd_cat_id_seq; Type: SEQUENCE SET; Schema: mochi; Owner: mochidb_owner
--

SELECT pg_catalog.setval('product_category_prd_cat_id_seq', 122, true);


--
-- Data for Name: product_food; Type: TABLE DATA; Schema: mochi; Owner: mochidb_owner
--

COPY product_food (prd_id, exp_dt, ctry_of_orig) FROM stdin;
5	2020-04-23	CHN
7	2020-04-23	CHN
9	2020-04-23	CHN
13	2020-04-23	CHN
21	2020-04-23	CHN
23	2020-04-23	CHN
25	2020-04-23	CHN
26	2020-04-23	CHN
28	2020-04-23	CHN
30	2020-04-23	CHN
2	2020-04-23	CHN
8	2020-04-23	CHN
17	2020-04-23	CHN
3	2020-04-23	CHN
4	2020-04-23	CHN
6	2020-04-23	CHN
12	2020-04-23	CHN
16	2020-04-23	CHN
10	2020-04-23	CHN
11	2020-04-23	CHN
14	2020-04-23	CHN
15	2020-04-23	CHN
19	2020-04-23	CHN
20	2020-04-23	CHN
22	2020-04-23	CHN
24	2020-04-23	CHN
27	2020-04-23	CHN
29	2020-04-23	CHN
1	2020-04-23	CHN
18	2020-04-23	CHN
\.


--
-- Data for Name: product_jewellery; Type: TABLE DATA; Schema: mochi; Owner: mochidb_owner
--

COPY product_jewellery (prd_id) FROM stdin;
\.


--
-- Data for Name: product_promotion; Type: TABLE DATA; Schema: mochi; Owner: mochidb_owner
--

COPY product_promotion (prd_id, prm_id) FROM stdin;
\.


--
-- Data for Name: product_rating; Type: TABLE DATA; Schema: mochi; Owner: mochidb_owner
--

COPY product_rating (prd_rat_id, prd_id, rat_id, pty_id, prd_rat_dt) FROM stdin;
1	11	6	1	2020-04-21 12:24:49.524028+08
2	5	1	1	2020-04-21 12:24:49.524028+08
3	7	5	1	2020-04-21 12:24:49.524028+08
4	9	5	1	2020-04-21 12:24:49.524028+08
5	13	2	1	2020-04-21 12:24:49.524028+08
6	21	2	1	2020-04-21 12:24:49.524028+08
7	23	4	1	2020-04-21 12:24:49.524028+08
8	25	3	1	2020-04-21 12:24:49.524028+08
9	26	5	1	2020-04-21 12:24:49.524028+08
10	28	3	1	2020-04-21 12:24:49.524028+08
11	30	3	1	2020-04-21 12:24:49.524028+08
12	2	5	1	2020-04-21 12:24:49.524028+08
13	8	4	1	2020-04-21 12:24:49.524028+08
14	17	2	1	2020-04-21 12:24:49.524028+08
15	3	3	1	2020-04-21 12:24:49.524028+08
16	4	2	1	2020-04-21 12:24:49.524028+08
17	6	5	1	2020-04-21 12:24:49.524028+08
18	12	5	1	2020-04-21 12:24:49.524028+08
19	16	5	1	2020-04-21 12:24:49.524028+08
20	10	4	1	2020-04-21 12:24:49.524028+08
21	14	5	1	2020-04-21 12:24:49.524028+08
22	15	2	1	2020-04-21 12:24:49.524028+08
23	19	3	1	2020-04-21 12:24:49.524028+08
24	20	4	1	2020-04-21 12:24:49.524028+08
25	22	2	1	2020-04-21 12:24:49.524028+08
26	24	4	1	2020-04-21 12:24:49.524028+08
27	27	4	1	2020-04-21 12:24:49.524028+08
28	29	3	1	2020-04-21 12:24:49.524028+08
29	1	5	1	2020-04-21 12:24:49.524028+08
30	18	4	1	2020-04-21 12:24:49.524028+08
31	11	1	232230	2020-04-21 12:25:18.024842+08
32	5	5	232230	2020-04-21 12:25:18.024842+08
33	7	4	232230	2020-04-21 12:25:18.024842+08
34	9	5	232230	2020-04-21 12:25:18.024842+08
35	13	4	232230	2020-04-21 12:25:18.024842+08
36	21	6	232230	2020-04-21 12:25:18.024842+08
37	23	2	232230	2020-04-21 12:25:18.024842+08
38	25	2	232230	2020-04-21 12:25:18.024842+08
39	26	2	232230	2020-04-21 12:25:18.024842+08
40	28	6	232230	2020-04-21 12:25:18.024842+08
41	30	4	232230	2020-04-21 12:25:18.024842+08
42	2	4	232230	2020-04-21 12:25:18.024842+08
43	8	5	232230	2020-04-21 12:25:18.024842+08
44	17	3	232230	2020-04-21 12:25:18.024842+08
45	3	5	232230	2020-04-21 12:25:18.024842+08
46	4	2	232230	2020-04-21 12:25:18.024842+08
47	6	4	232230	2020-04-21 12:25:18.024842+08
48	12	4	232230	2020-04-21 12:25:18.024842+08
49	16	6	232230	2020-04-21 12:25:18.024842+08
50	10	3	232230	2020-04-21 12:25:18.024842+08
51	14	2	232230	2020-04-21 12:25:18.024842+08
52	15	5	232230	2020-04-21 12:25:18.024842+08
53	19	5	232230	2020-04-21 12:25:18.024842+08
54	20	4	232230	2020-04-21 12:25:18.024842+08
55	22	3	232230	2020-04-21 12:25:18.024842+08
56	24	6	232230	2020-04-21 12:25:18.024842+08
57	27	2	232230	2020-04-21 12:25:18.024842+08
58	29	6	232230	2020-04-21 12:25:18.024842+08
59	1	2	232230	2020-04-21 12:25:18.024842+08
60	18	1	232230	2020-04-21 12:25:18.024842+08
61	11	4	232250	2020-04-21 12:25:36.451586+08
62	5	2	232250	2020-04-21 12:25:36.451586+08
63	7	5	232250	2020-04-21 12:25:36.451586+08
64	9	2	232250	2020-04-21 12:25:36.451586+08
65	13	2	232250	2020-04-21 12:25:36.451586+08
66	21	3	232250	2020-04-21 12:25:36.451586+08
67	23	2	232250	2020-04-21 12:25:36.451586+08
68	25	3	232250	2020-04-21 12:25:36.451586+08
69	26	4	232250	2020-04-21 12:25:36.451586+08
70	28	3	232250	2020-04-21 12:25:36.451586+08
71	30	2	232250	2020-04-21 12:25:36.451586+08
72	2	2	232250	2020-04-21 12:25:36.451586+08
73	8	1	232250	2020-04-21 12:25:36.451586+08
74	17	1	232250	2020-04-21 12:25:36.451586+08
75	3	4	232250	2020-04-21 12:25:36.451586+08
76	4	6	232250	2020-04-21 12:25:36.451586+08
77	6	2	232250	2020-04-21 12:25:36.451586+08
78	12	2	232250	2020-04-21 12:25:36.451586+08
79	16	4	232250	2020-04-21 12:25:36.451586+08
80	10	2	232250	2020-04-21 12:25:36.451586+08
81	14	4	232250	2020-04-21 12:25:36.451586+08
82	15	5	232250	2020-04-21 12:25:36.451586+08
83	19	5	232250	2020-04-21 12:25:36.451586+08
84	20	3	232250	2020-04-21 12:25:36.451586+08
85	22	3	232250	2020-04-21 12:25:36.451586+08
86	24	2	232250	2020-04-21 12:25:36.451586+08
87	27	2	232250	2020-04-21 12:25:36.451586+08
88	29	4	232250	2020-04-21 12:25:36.451586+08
89	1	2	232250	2020-04-21 12:25:36.451586+08
90	18	3	232250	2020-04-21 12:25:36.451586+08
91	11	4	232254	2020-04-21 12:26:01.053376+08
92	5	5	232254	2020-04-21 12:26:01.053376+08
93	7	5	232254	2020-04-21 12:26:01.053376+08
94	9	3	232254	2020-04-21 12:26:01.053376+08
95	13	2	232254	2020-04-21 12:26:01.053376+08
96	21	6	232254	2020-04-21 12:26:01.053376+08
97	23	5	232254	2020-04-21 12:26:01.053376+08
98	25	2	232254	2020-04-21 12:26:01.053376+08
99	26	3	232254	2020-04-21 12:26:01.053376+08
100	28	3	232254	2020-04-21 12:26:01.053376+08
101	30	5	232254	2020-04-21 12:26:01.053376+08
102	2	4	232254	2020-04-21 12:26:01.053376+08
103	8	5	232254	2020-04-21 12:26:01.053376+08
104	17	5	232254	2020-04-21 12:26:01.053376+08
105	3	4	232254	2020-04-21 12:26:01.053376+08
106	4	3	232254	2020-04-21 12:26:01.053376+08
107	6	5	232254	2020-04-21 12:26:01.053376+08
108	12	6	232254	2020-04-21 12:26:01.053376+08
109	16	3	232254	2020-04-21 12:26:01.053376+08
110	10	2	232254	2020-04-21 12:26:01.053376+08
111	14	1	232254	2020-04-21 12:26:01.053376+08
112	15	1	232254	2020-04-21 12:26:01.053376+08
113	19	1	232254	2020-04-21 12:26:01.053376+08
114	20	6	232254	2020-04-21 12:26:01.053376+08
115	22	3	232254	2020-04-21 12:26:01.053376+08
116	24	3	232254	2020-04-21 12:26:01.053376+08
117	27	2	232254	2020-04-21 12:26:01.053376+08
118	29	4	232254	2020-04-21 12:26:01.053376+08
119	1	1	232254	2020-04-21 12:26:01.053376+08
120	18	3	232254	2020-04-21 12:26:01.053376+08
\.


--
-- Name: product_rating_prd_rat_id_seq; Type: SEQUENCE SET; Schema: mochi; Owner: mochidb_owner
--

SELECT pg_catalog.setval('product_rating_prd_rat_id_seq', 120, true);


--
-- Data for Name: product_shipping; Type: TABLE DATA; Schema: mochi; Owner: mochidb_owner
--

COPY product_shipping (prd_id) FROM stdin;
\.


--
-- Data for Name: product_status; Type: TABLE DATA; Schema: mochi; Owner: mochidb_owner
--

COPY product_status (prd_sts_id, prd_sts_cd, prd_sts_desc) FROM stdin;
1	ACT01	active
2	INA01	inactive
\.


--
-- Name: product_status_prd_sts_id_seq; Type: SEQUENCE SET; Schema: mochi; Owner: mochidb_owner
--

SELECT pg_catalog.setval('product_status_prd_sts_id_seq', 1, false);


--
-- Data for Name: product_supplier; Type: TABLE DATA; Schema: mochi; Owner: mochidb_owner
--

COPY product_supplier  FROM stdin;
\.


--
-- Data for Name: product_tag; Type: TABLE DATA; Schema: mochi; Owner: mochidb_owner
--

COPY product_tag (prd_tag_id, prd_id, tag_id) FROM stdin;
25	10	17
26	11	15
27	22	17
30	7	17
31	2	15
32	5	17
34	13	17
\.


--
-- Name: product_tag_attr_lcl_tag_id_seq; Type: SEQUENCE SET; Schema: mochi; Owner: mochidb_owner
--

SELECT pg_catalog.setval('product_tag_attr_lcl_tag_id_seq', 1, false);


--
-- Name: product_tag_prd_tag_id_seq; Type: SEQUENCE SET; Schema: mochi; Owner: mochidb_owner
--

SELECT pg_catalog.setval('product_tag_prd_tag_id_seq', 34, true);


--
-- Name: product_type_prd_typ_id_seq; Type: SEQUENCE SET; Schema: mochi; Owner: mochidb_owner
--

SELECT pg_catalog.setval('product_type_prd_typ_id_seq', 1, true);


--
-- Data for Name: promotion; Type: TABLE DATA; Schema: mochi; Owner: mochidb_owner
--

COPY promotion (prm_id, prm_cd, prm_sht_desc, prm_lng_desc, prm_st_dt, prm_en_dt, prm_typ_id) FROM stdin;
\.


--
-- Data for Name: promotion_brand; Type: TABLE DATA; Schema: mochi; Owner: mochidb_owner
--

COPY promotion_brand (prm_id) FROM stdin;
\.


--
-- Data for Name: promotion_category; Type: TABLE DATA; Schema: mochi; Owner: mochidb_owner
--

COPY promotion_category (prm_id) FROM stdin;
\.


--
-- Name: promotion_category_prm_cat_id_seq; Type: SEQUENCE SET; Schema: mochi; Owner: mochidb_owner
--

SELECT pg_catalog.setval('promotion_category_prm_cat_id_seq', 1, false);


--
-- Data for Name: promotion_order; Type: TABLE DATA; Schema: mochi; Owner: mochidb_owner
--

COPY promotion_order (prm_id) FROM stdin;
\.


--
-- Data for Name: promotion_product; Type: TABLE DATA; Schema: mochi; Owner: mochidb_owner
--

COPY promotion_product (prm_id) FROM stdin;
\.


--
-- Data for Name: promotion_type; Type: TABLE DATA; Schema: mochi; Owner: mochidb_owner
--

COPY promotion_type (prm_typ_id, prm_typ_desc) FROM stdin;
1	product
2	order
3	category
4	brand
\.


--
-- Data for Name: rating; Type: TABLE DATA; Schema: mochi; Owner: mochidb_owner
--

COPY rating (rat_id, rat_desc, rat_val) FROM stdin;
1	One Star	1
2	Two Star	2
3	Three Star	3
4	Four Star	4
5	Five Star	5
\.


--
-- Data for Name: role; Type: TABLE DATA; Schema: mochi; Owner: mochidb_owner
--

COPY role (rle_id, rle_typ_id, rle_start_dttm, pty_id) FROM stdin;
1	1	2018-11-15	1
232217	1	2018-11-15	232216
232221	1	2018-11-15	232220
232231	1	2018-11-15	232230
232233	1	2018-11-15	232232
232235	1	2018-12-01	232234
232237	1	2018-12-01	232236
232239	1	2018-12-01	232238
232241	1	2018-12-01	232240
232243	1	2018-12-01	232242
232245	1	2018-12-01	232244
232247	1	2018-12-01	232246
232249	1	2018-12-12	232248
232251	1	2018-12-24	232250
232253	1	2018-12-24	232252
232255	1	2019-04-06	232254
232257	1	2019-04-06	232256
232259	1	2019-04-06	232258
232261	1	2019-04-15	232260
232263	1	2019-07-10	232262
232305	1	2019-07-11	232304
232311	1	2019-07-11	232310
232313	1	2019-07-11	232312
233017	1	2020-06-11	233016
233019	1	2020-06-11	233018
233021	1	2020-06-11	233020
233023	1	2020-06-11	233022
233025	1	2020-06-11	233024
\.


--
-- Name: role_rle_id_seq; Type: SEQUENCE SET; Schema: mochi; Owner: mochidb_owner
--

SELECT pg_catalog.setval('role_rle_id_seq', 1, false);


--
-- Data for Name: role_type; Type: TABLE DATA; Schema: mochi; Owner: mochidb_owner
--

COPY role_type (rle_typ_id, rle_typ_desc) FROM stdin;
1	Customer
2	Supplier
\.


--
-- Name: role_type_rle_typ_id_seq; Type: SEQUENCE SET; Schema: mochi; Owner: mochidb_owner
--

SELECT pg_catalog.setval('role_type_rle_typ_id_seq', 1, false);


--
-- Name: role_type_role_typ_id_seq; Type: SEQUENCE SET; Schema: mochi; Owner: mochidb_owner
--

SELECT pg_catalog.setval('role_type_role_typ_id_seq', 1, false);


--
-- Data for Name: supplier; Type: TABLE DATA; Schema: mochi; Owner: mochidb_owner
--

COPY supplier  FROM stdin;
\.


--
-- Data for Name: tag; Type: TABLE DATA; Schema: mochi; Owner: mochidb_owner
--

COPY tag (tag_id, tag_cd) FROM stdin;
15	ORG01
17	GFR01
\.


--
-- Data for Name: tag_attr_lcl; Type: TABLE DATA; Schema: mochi; Owner: mochidb_owner
--

COPY tag_attr_lcl (tag_lcl_id, tag_id, tag_desc, tag_img_pth, lcl_cd) FROM stdin;
1	15	Organic	\N	en-GB
3	17	Gluten Free	\N	en-GB
2	15	有機	\N	zh-HK
4	17	不含麩質	\N	zh-HK
\.


--
-- Name: tag_attr_lcl_tag_id_seq; Type: SEQUENCE SET; Schema: mochi; Owner: mochidb_owner
--

SELECT pg_catalog.setval('tag_attr_lcl_tag_id_seq', 4, true);


--
-- Name: tag_tag_id_seq; Type: SEQUENCE SET; Schema: mochi; Owner: mochidb_owner
--

SELECT pg_catalog.setval('tag_tag_id_seq', 18, true);


SET search_path = security, pg_catalog;

--
-- Name: authority_id_seq; Type: SEQUENCE SET; Schema: security; Owner: security_owner
--

SELECT pg_catalog.setval('authority_id_seq', 1, false);


--
-- Data for Name: clientdetails; Type: TABLE DATA; Schema: security; Owner: security_owner
--

COPY clientdetails (appid, resourceids, appsecret, scope, granttypes, redirecturl, authorities, access_token_validity, refresh_token_validity, additionalinformation, autoapprovescopes) FROM stdin;
\.


--
-- Name: hibernate_sequence; Type: SEQUENCE SET; Schema: security; Owner: security_owner
--

SELECT pg_catalog.setval('hibernate_sequence', 1, false);


--
-- Data for Name: oauth_access_token; Type: TABLE DATA; Schema: security; Owner: security_owner
--

COPY oauth_access_token (token_id, token, authentication_id, user_name, client_id, authentication, refresh_token) FROM stdin;
8585f3d0a05957a580260b911965db6f	\\xaced0005737200436f72672e737072696e676672616d65776f726b2e73656375726974792e6f61757468322e636f6d6d6f6e2e44656661756c744f4175746832416363657373546f6b656e0cb29e361b24face0200064c00156164646974696f6e616c496e666f726d6174696f6e74000f4c6a6176612f7574696c2f4d61703b4c000a65787069726174696f6e7400104c6a6176612f7574696c2f446174653b4c000c72656672657368546f6b656e74003f4c6f72672f737072696e676672616d65776f726b2f73656375726974792f6f61757468322f636f6d6d6f6e2f4f417574683252656672657368546f6b656e3b4c000573636f706574000f4c6a6176612f7574696c2f5365743b4c0009746f6b656e547970657400124c6a6176612f6c616e672f537472696e673b4c000576616c756571007e00057870737200176a6176612e7574696c2e4c696e6b6564486173684d617034c04e5c106cc0fb0200015a000b6163636573734f72646572787200116a6176612e7574696c2e486173684d61700507dac1c31660d103000246000a6c6f6164466163746f724900097468726573686f6c6478703f400000000000067708000000080000000374000d61757468656e74696361746564737200116a6176612e6c616e672e426f6f6c65616ecd207280d59cfaee0200015a000576616c7565787001740015616363657373546f6b656e4578706972794461746574001c323032302d30372d31322031343a30343a30312e3030312b30383030740008757365724e616d65740007626f6240626f6278007372000e6a6176612e7574696c2e44617465686a81014b5974190300007870770800000173419f8a92787372004c6f72672e737072696e676672616d65776f726b2e73656375726974792e6f61757468322e636f6d6d6f6e2e44656661756c744578706972696e674f417574683252656672657368546f6b656e2fdf47639dd0c9b70200014c000a65787069726174696f6e71007e0002787200446f72672e737072696e676672616d65776f726b2e73656375726974792e6f61757468322e636f6d6d6f6e2e44656661756c744f417574683252656672657368546f6b656e73e10e0a6354d45e0200014c000576616c756571007e0005787074002463376530626664392d353738622d343036612d626262642d3837313935353734663665337371007e0011770800000173dc1c7dd078737200256a6176612e7574696c2e436f6c6c656374696f6e7324556e6d6f6469666961626c65536574801d92d18f9b80550200007872002c6a6176612e7574696c2e436f6c6c656374696f6e7324556e6d6f6469666961626c65436f6c6c656374696f6e19420080cb5ef71e0200014c0001637400164c6a6176612f7574696c2f436f6c6c656374696f6e3b7870737200176a6176612e7574696c2e4c696e6b656448617368536574d86cd75a95dd2a1e020000787200116a6176612e7574696c2e48617368536574ba44859596b8b7340300007870770c000000103f400000000000027400047265616474000577726974657874000662656172657274002433396236306430332d316334302d346465652d393734342d643363653232663765336263	35618f744928cf835f93349121d9c3e5	bob@bob	spring-security-oauth2-read-write-client	\\xaced0005737200416f72672e737072696e676672616d65776f726b2e73656375726974792e6f61757468322e70726f76696465722e4f417574683241757468656e7469636174696f6ebd400b02166252130200024c000d73746f7265645265717565737474003c4c6f72672f737072696e676672616d65776f726b2f73656375726974792f6f61757468322f70726f76696465722f4f4175746832526571756573743b4c00127573657241757468656e7469636174696f6e7400324c6f72672f737072696e676672616d65776f726b2f73656375726974792f636f72652f41757468656e7469636174696f6e3b787200476f72672e737072696e676672616d65776f726b2e73656375726974792e61757468656e7469636174696f6e2e416273747261637441757468656e7469636174696f6e546f6b656ed3aa287e6e47640e0200035a000d61757468656e746963617465644c000b617574686f7269746965737400164c6a6176612f7574696c2f436f6c6c656374696f6e3b4c000764657461696c737400124c6a6176612f6c616e672f4f626a6563743b787000737200266a6176612e7574696c2e436f6c6c656374696f6e7324556e6d6f6469666961626c654c697374fc0f2531b5ec8e100200014c00046c6973747400104c6a6176612f7574696c2f4c6973743b7872002c6a6176612e7574696c2e436f6c6c656374696f6e7324556e6d6f6469666961626c65436f6c6c656374696f6e19420080cb5ef71e0200014c00016371007e00047870737200136a6176612e7574696c2e41727261794c6973747881d21d99c7619d03000149000473697a6578700000002377040000002373720025696f2e6e7a6265652e73656375726974792e617574686f726974792e417574686f7269747900000000000000010200024c000269647400104c6a6176612f6c616e672f4c6f6e673b4c00046e616d657400124c6a6176612f6c616e672f537472696e673b78707372000e6a6176612e6c616e672e4c6f6e673b8be490cc8f23df0200014a000576616c7565787200106a6176612e6c616e672e4e756d62657286ac951d0b94e08b0200007870000000000000001d74000e50524f445543545f5245414445527371007e000d7371007e0011000000000000001374000f435553544f4d45525f5550444154457371007e000d7371007e0011000000000000001274000d435553544f4d45525f524541447371007e000d7371007e0011000000000000001474000f435553544f4d45525f44454c4554457371007e000d7371007e001100000000000000097400134f5247414e49534154494f4e5f4352454154457371007e000d7371007e0011000000000000002274000f435553544f4d45525f5245414445527371007e000d7371007e0011000000000000000874000d504552534f4e5f44454c4554457371007e000d7371007e0011000000000000000574000d504552534f4e5f4352454154457371007e000d7371007e0011000000000000001874000f535550504c4945525f44454c4554457371007e000d7371007e0011000000000000001574000f535550504c4945525f4352454154457371007e000d7371007e001100000000000000217400134f5247414e49534154494f4e5f5245414445527371007e000d7371007e0011000000000000001e74000c50415254595f5245414445527371007e000d7371007e0011000000000000000a7400114f5247414e49534154494f4e5f524541447371007e000d7371007e0011000000000000001774000f535550504c4945525f5550444154457371007e000d7371007e0011000000000000000274000a50415254595f524541447371007e000d7371007e0011000000000000001f74000b524f4c455f5245414445527371007e000d7371007e0011000000000000000674000b504552534f4e5f524541447371007e000d7371007e0011000000000000001674000d535550504c4945525f524541447371007e000d7371007e0011000000000000001c74000e50524f445543545f44454c4554457371007e000d7371007e0011000000000000002074000d504552534f4e5f5245414445527371007e000d7371007e0011000000000000000474000c50415254595f44454c4554457371007e000d7371007e0011000000000000001a74000c50524f445543545f524541447371007e000d7371007e0011000000000000000774000d504552534f4e5f5550444154457371007e000d7371007e0011000000000000000d74000b524f4c455f4352454154457371007e000d7371007e0011000000000000001074000b524f4c455f44454c4554457371007e000d7371007e0011000000000000000374000c50415254595f5550444154457371007e000d7371007e0011000000000000000f74000b524f4c455f5550444154457371007e000d7371007e0011000000000000001974000e50524f445543545f4352454154457371007e000d7371007e0011000000000000000b7400134f5247414e49534154494f4e5f5550444154457371007e000d7371007e0011000000000000001174000f435553544f4d45525f4352454154457371007e000d7371007e0011000000000000002374000f535550504c4945525f5245414445527371007e000d7371007e0011000000000000000e740009524f4c455f524541447371007e000d7371007e0011000000000000000174000c50415254595f4352454154457371007e000d7371007e0011000000000000000c7400134f5247414e49534154494f4e5f44454c4554457371007e000d7371007e0011000000000000001b74000e50524f445543545f5550444154457871007e000c707372003a6f72672e737072696e676672616d65776f726b2e73656375726974792e6f61757468322e70726f76696465722e4f41757468325265717565737400000000000000010200075a0008617070726f7665644c000b617574686f72697469657371007e00044c000a657874656e73696f6e7374000f4c6a6176612f7574696c2f4d61703b4c000b726564697265637455726971007e000f4c00077265667265736874003b4c6f72672f737072696e676672616d65776f726b2f73656375726974792f6f61757468322f70726f76696465722f546f6b656e526571756573743b4c000b7265736f7572636549647374000f4c6a6176612f7574696c2f5365743b4c000d726573706f6e7365547970657371007e007e787200386f72672e737072696e676672616d65776f726b2e73656375726974792e6f61757468322e70726f76696465722e426173655265717565737436287a3ea37169bd0200034c0008636c69656e74496471007e000f4c001172657175657374506172616d657465727371007e007c4c000573636f706571007e007e7870740028737072696e672d73656375726974792d6f61757468322d726561642d77726974652d636c69656e74737200256a6176612e7574696c2e436f6c6c656374696f6e7324556e6d6f6469666961626c654d6170f1a5a8fe74f507420200014c00016d71007e007c7870737200116a6176612e7574696c2e486173684d61700507dac1c31660d103000246000a6c6f6164466163746f724900097468726573686f6c6478703f400000000000067708000000080000000374000a6772616e745f7479706574000870617373776f7264740009636c69656e745f6964740028737072696e672d73656375726974792d6f61757468322d726561642d77726974652d636c69656e74740008757365726e616d65740007626f6240626f6278737200256a6176612e7574696c2e436f6c6c656374696f6e7324556e6d6f6469666961626c65536574801d92d18f9b80550200007871007e0009737200176a6176612e7574696c2e4c696e6b656448617368536574d86cd75a95dd2a1e020000787200116a6176612e7574696c2e48617368536574ba44859596b8b7340300007870770c000000103f4000000000000274000472656164740005777269746578017371007e008f770c000000103f40000000000001737200426f72672e737072696e676672616d65776f726b2e73656375726974792e636f72652e617574686f726974792e53696d706c654772616e746564417574686f7269747900000000000002080200014c0004726f6c6571007e000f787074000455534552787371007e00843f40000000000000770800000010000000007870707371007e008f770c000000103f400000000000017400187265736f757263652d7365727665722d726573742d617069787371007e008f770c000000103f40000000000000787372004f6f72672e737072696e676672616d65776f726b2e73656375726974792e61757468656e7469636174696f6e2e557365726e616d6550617373776f726441757468656e7469636174696f6e546f6b656e00000000000002080200024c000b63726564656e7469616c7371007e00054c00097072696e636970616c71007e00057871007e0003017371007e00077371007e000b0000002377040000002371007e001071007e001571007e001871007e001b71007e001e71007e002171007e002471007e002771007e002a71007e002d71007e003071007e003371007e003671007e003971007e003c71007e003f71007e004271007e004571007e004871007e004b71007e004e71007e005171007e005471007e005771007e005a71007e005d71007e006071007e006371007e006671007e006971007e006c71007e006f71007e007271007e007571007e00787871007e009e737200176a6176612e7574696c2e4c696e6b6564486173684d617034c04e5c106cc0fb0200015a000b6163636573734f726465727871007e00843f400000000000067708000000080000000371007e008671007e008771007e008871007e008971007e008a71007e008b7800707372001b696f2e6e7a6265652e73656375726974792e757365722e5573657200000000000000010200095a000e6163636f756e74457870697265645a000d6163636f756e744c6f636b65645a001263726564656e7469616c73457870697265645a0007656e61626c65644c0002496471007e000e4c000870617373776f726471007e000f4c0005726f6c657371007e007e4c000975736572506172747974001d4c696f2f6e7a6265652f656e746974792f70617274792f50617274793b4c0008757365726e616d6571007e000f7870000000017371007e00110000000000038e4074003c243261243038243444544b41396167686333674a4d616e307a6a6e32652f55524b53613636374a586c5655727736705337394f7a4273776d3670714b7372002f6f72672e68696265726e6174652e636f6c6c656374696f6e2e696e7465726e616c2e50657273697374656e745365748b47ef79d4c9917d0200014c000373657471007e007e7872003e6f72672e68696265726e6174652e636f6c6c656374696f6e2e696e7465726e616c2e416273747261637450657273697374656e74436f6c6c656374696f6e5718b75d8aba735402000b5a001b616c6c6f774c6f61644f7574736964655472616e73616374696f6e49000a63616368656453697a655a000564697274795a000e656c656d656e7452656d6f7665645a000b696e697469616c697a65645a000d697354656d7053657373696f6e4c00036b65797400164c6a6176612f696f2f53657269616c697a61626c653b4c00056f776e657271007e00054c0004726f6c6571007e000f4c001273657373696f6e466163746f72795575696471007e000f4c000e73746f726564536e617073686f7471007e00a8787000ffffffff000001007371007e00110000000000038e4071007e00a3740021696f2e6e7a6265652e73656375726974792e757365722e557365722e726f6c6573707371007e00843f400000000000017708000000020000000173720024696f2e6e7a6265652e73656375726974792e757365722e726f6c652e55736572526f6c6500000000000000010200034c0002496471007e000e4c000b617574686f72697469657371007e007e4c00046e616d6571007e000f787071007e00737371007e00a600ffffffff0000010071007e007371007e00ae740030696f2e6e7a6265652e73656375726974792e757365722e726f6c652e55736572526f6c652e617574686f726974696573707371007e00843f400000000000307708000000400000002371007e001071007e001071007e001571007e001571007e001871007e001871007e001b71007e001b71007e001e71007e001e71007e002171007e002171007e002471007e002471007e002771007e002771007e002a71007e002a71007e002d71007e002d71007e003071007e003071007e003371007e003371007e003671007e003671007e003971007e003971007e003c71007e003c71007e003f71007e003f71007e004271007e004271007e004571007e004571007e004871007e004871007e004b71007e004b71007e004e71007e004e71007e005171007e005171007e005471007e005471007e005771007e005771007e005a71007e005a71007e005d71007e005d71007e006071007e006071007e006371007e006371007e006671007e006671007e006971007e006971007e006c71007e006c71007e006f71007e006f71007e007271007e007271007e007571007e007571007e007871007e0078787371007e008f770c000000403f4000000000002371007e001071007e001571007e001871007e001b71007e001e71007e002171007e002471007e002771007e002a71007e002d71007e003071007e003371007e003671007e003971007e003c71007e003f71007e004271007e004571007e004871007e004b71007e004e71007e005171007e005471007e005771007e005a71007e005d71007e006071007e006371007e006671007e006971007e006c71007e006f71007e007271007e007571007e00787874000541646d696e71007e00ae787371007e008f770c000000103f4000000000000171007e00ae78737200346f72672e68696265726e6174652e70726f78792e706f6a6f2e6279746562756464792e53657269616c697a61626c6550726f7879c8e2f1ffb619aa2e0200084c000f636f6d706f6e656e744964547970657400224c6f72672f68696265726e6174652f747970652f436f6d706f73697465547970653b4c001b6964656e7469666965724765747465724d6574686f64436c6173737400114c6a6176612f6c616e672f436c6173733b4c001a6964656e7469666965724765747465724d6574686f644e616d6571007e000f4c001b6964656e7469666965725365747465724d6574686f64436c61737371007e00b74c001a6964656e7469666965725365747465724d6574686f644e616d6571007e000f5b001c6964656e7469666965725365747465724d6574686f64506172616d737400125b4c6a6176612f6c616e672f436c6173733b5b000a696e746572666163657371007e00b84c000f70657273697374656e74436c61737371007e00b77872002d6f72672e68696265726e6174652e70726f78792e416273747261637453657269616c697a61626c6550726f7879926a2d5a450b04610200055a001b616c6c6f774c6f61644f7574736964655472616e73616374696f6e4c000a656e746974794e616d6571007e000f4c0002696471007e00a84c0008726561644f6e6c797400134c6a6176612f6c616e672f426f6f6c65616e3b4c001273657373696f6e466163746f72795575696471007e000f78700074001b696f2e6e7a6265652e656e746974792e70617274792e506172747971007e00a47070707672001b696f2e6e7a6265652e656e746974792e70617274792e50617274790000000000000000000000787074000a6765745061727479496471007e00be74000a73657450617274794964757200125b4c6a6176612e6c616e672e436c6173733bab16d7aecbcd5a990200007870000000017671007e00117571007e00c100000001767200226f72672e68696265726e6174652e70726f78792e48696265726e61746550726f7879517e3626971bbe22020000787071007e00be740007626f6240626f62	443b5c93db24007f4a39fe1b23a8af29
\.


--
-- Data for Name: oauth_approvals; Type: TABLE DATA; Schema: security; Owner: security_owner
--

COPY oauth_approvals (userid, clientid, scope, status, expiresat, lastmodifiedat) FROM stdin;
\.


--
-- Data for Name: oauth_client_details; Type: TABLE DATA; Schema: security; Owner: security_owner
--

COPY oauth_client_details (client_id, resource_ids, client_secret, scope, authorized_grant_types, web_server_redirect_uri, authorities, access_token_validity, refresh_token_validity, additional_information, autoapprove) FROM stdin;
spring-security-oauth2-read-client	resource-server-rest-api	$2a$04$WGq2P9egiOYoOFemBRfsiO9qTcyJtNRnPKNBl5tokP7IP.eZn93km	read	password,authorization_code,refresh_token,implicit	\N	USER	10800	2592000	\N	\N
spring-security-oauth2-read-write-client	resource-server-rest-api	$2a$04$soeOR.QFmClXeFIrhJVLWOQxfHjsJLSpWrU1iGxcMGdu.a5hvfY4W	read,write	password,authorization_code,refresh_token,implicit	\N	USER	10800	2592000	\N	\N
client		\N					30	\N	{}	
my-client-with-password	oauth2-resource	\N	read	password		ROLE_CLIENT	30	\N	{}	
\.


--
-- Data for Name: oauth_client_token; Type: TABLE DATA; Schema: security; Owner: security_owner
--

COPY oauth_client_token (token_id, token, authentication_id, user_name, client_id) FROM stdin;
\.


--
-- Data for Name: oauth_code; Type: TABLE DATA; Schema: security; Owner: security_owner
--

COPY oauth_code (code, authentication) FROM stdin;
\.


--
-- Data for Name: oauth_refresh_token; Type: TABLE DATA; Schema: security; Owner: security_owner
--

COPY oauth_refresh_token (token_id, token, authentication) FROM stdin;
443b5c93db24007f4a39fe1b23a8af29	\\xaced00057372004c6f72672e737072696e676672616d65776f726b2e73656375726974792e6f61757468322e636f6d6d6f6e2e44656661756c744578706972696e674f417574683252656672657368546f6b656e2fdf47639dd0c9b70200014c000a65787069726174696f6e7400104c6a6176612f7574696c2f446174653b787200446f72672e737072696e676672616d65776f726b2e73656375726974792e6f61757468322e636f6d6d6f6e2e44656661756c744f417574683252656672657368546f6b656e73e10e0a6354d45e0200014c000576616c75657400124c6a6176612f6c616e672f537472696e673b787074002463376530626664392d353738622d343036612d626262642d3837313935353734663665337372000e6a6176612e7574696c2e44617465686a81014b5974190300007870770800000173dc1c7dd078	\\xaced0005737200416f72672e737072696e676672616d65776f726b2e73656375726974792e6f61757468322e70726f76696465722e4f417574683241757468656e7469636174696f6ebd400b02166252130200024c000d73746f7265645265717565737474003c4c6f72672f737072696e676672616d65776f726b2f73656375726974792f6f61757468322f70726f76696465722f4f4175746832526571756573743b4c00127573657241757468656e7469636174696f6e7400324c6f72672f737072696e676672616d65776f726b2f73656375726974792f636f72652f41757468656e7469636174696f6e3b787200476f72672e737072696e676672616d65776f726b2e73656375726974792e61757468656e7469636174696f6e2e416273747261637441757468656e7469636174696f6e546f6b656ed3aa287e6e47640e0200035a000d61757468656e746963617465644c000b617574686f7269746965737400164c6a6176612f7574696c2f436f6c6c656374696f6e3b4c000764657461696c737400124c6a6176612f6c616e672f4f626a6563743b787000737200266a6176612e7574696c2e436f6c6c656374696f6e7324556e6d6f6469666961626c654c697374fc0f2531b5ec8e100200014c00046c6973747400104c6a6176612f7574696c2f4c6973743b7872002c6a6176612e7574696c2e436f6c6c656374696f6e7324556e6d6f6469666961626c65436f6c6c656374696f6e19420080cb5ef71e0200014c00016371007e00047870737200136a6176612e7574696c2e41727261794c6973747881d21d99c7619d03000149000473697a6578700000002377040000002373720025696f2e6e7a6265652e73656375726974792e617574686f726974792e417574686f7269747900000000000000010200024c000269647400104c6a6176612f6c616e672f4c6f6e673b4c00046e616d657400124c6a6176612f6c616e672f537472696e673b78707372000e6a6176612e6c616e672e4c6f6e673b8be490cc8f23df0200014a000576616c7565787200106a6176612e6c616e672e4e756d62657286ac951d0b94e08b0200007870000000000000001d74000e50524f445543545f5245414445527371007e000d7371007e0011000000000000001374000f435553544f4d45525f5550444154457371007e000d7371007e0011000000000000001274000d435553544f4d45525f524541447371007e000d7371007e0011000000000000001474000f435553544f4d45525f44454c4554457371007e000d7371007e001100000000000000097400134f5247414e49534154494f4e5f4352454154457371007e000d7371007e0011000000000000002274000f435553544f4d45525f5245414445527371007e000d7371007e0011000000000000000874000d504552534f4e5f44454c4554457371007e000d7371007e0011000000000000000574000d504552534f4e5f4352454154457371007e000d7371007e0011000000000000001874000f535550504c4945525f44454c4554457371007e000d7371007e0011000000000000001574000f535550504c4945525f4352454154457371007e000d7371007e001100000000000000217400134f5247414e49534154494f4e5f5245414445527371007e000d7371007e0011000000000000001e74000c50415254595f5245414445527371007e000d7371007e0011000000000000000a7400114f5247414e49534154494f4e5f524541447371007e000d7371007e0011000000000000001774000f535550504c4945525f5550444154457371007e000d7371007e0011000000000000000274000a50415254595f524541447371007e000d7371007e0011000000000000001f74000b524f4c455f5245414445527371007e000d7371007e0011000000000000000674000b504552534f4e5f524541447371007e000d7371007e0011000000000000001674000d535550504c4945525f524541447371007e000d7371007e0011000000000000001c74000e50524f445543545f44454c4554457371007e000d7371007e0011000000000000002074000d504552534f4e5f5245414445527371007e000d7371007e0011000000000000000474000c50415254595f44454c4554457371007e000d7371007e0011000000000000001a74000c50524f445543545f524541447371007e000d7371007e0011000000000000000774000d504552534f4e5f5550444154457371007e000d7371007e0011000000000000000d74000b524f4c455f4352454154457371007e000d7371007e0011000000000000001074000b524f4c455f44454c4554457371007e000d7371007e0011000000000000000374000c50415254595f5550444154457371007e000d7371007e0011000000000000000f74000b524f4c455f5550444154457371007e000d7371007e0011000000000000001974000e50524f445543545f4352454154457371007e000d7371007e0011000000000000000b7400134f5247414e49534154494f4e5f5550444154457371007e000d7371007e0011000000000000001174000f435553544f4d45525f4352454154457371007e000d7371007e0011000000000000002374000f535550504c4945525f5245414445527371007e000d7371007e0011000000000000000e740009524f4c455f524541447371007e000d7371007e0011000000000000000174000c50415254595f4352454154457371007e000d7371007e0011000000000000000c7400134f5247414e49534154494f4e5f44454c4554457371007e000d7371007e0011000000000000001b74000e50524f445543545f5550444154457871007e000c707372003a6f72672e737072696e676672616d65776f726b2e73656375726974792e6f61757468322e70726f76696465722e4f41757468325265717565737400000000000000010200075a0008617070726f7665644c000b617574686f72697469657371007e00044c000a657874656e73696f6e7374000f4c6a6176612f7574696c2f4d61703b4c000b726564697265637455726971007e000f4c00077265667265736874003b4c6f72672f737072696e676672616d65776f726b2f73656375726974792f6f61757468322f70726f76696465722f546f6b656e526571756573743b4c000b7265736f7572636549647374000f4c6a6176612f7574696c2f5365743b4c000d726573706f6e7365547970657371007e007e787200386f72672e737072696e676672616d65776f726b2e73656375726974792e6f61757468322e70726f76696465722e426173655265717565737436287a3ea37169bd0200034c0008636c69656e74496471007e000f4c001172657175657374506172616d657465727371007e007c4c000573636f706571007e007e7870740028737072696e672d73656375726974792d6f61757468322d726561642d77726974652d636c69656e74737200256a6176612e7574696c2e436f6c6c656374696f6e7324556e6d6f6469666961626c654d6170f1a5a8fe74f507420200014c00016d71007e007c7870737200116a6176612e7574696c2e486173684d61700507dac1c31660d103000246000a6c6f6164466163746f724900097468726573686f6c6478703f400000000000067708000000080000000374000a6772616e745f7479706574000870617373776f7264740009636c69656e745f6964740028737072696e672d73656375726974792d6f61757468322d726561642d77726974652d636c69656e74740008757365726e616d65740007626f6240626f6278737200256a6176612e7574696c2e436f6c6c656374696f6e7324556e6d6f6469666961626c65536574801d92d18f9b80550200007871007e0009737200176a6176612e7574696c2e4c696e6b656448617368536574d86cd75a95dd2a1e020000787200116a6176612e7574696c2e48617368536574ba44859596b8b7340300007870770c000000103f4000000000000274000472656164740005777269746578017371007e008f770c000000103f40000000000001737200426f72672e737072696e676672616d65776f726b2e73656375726974792e636f72652e617574686f726974792e53696d706c654772616e746564417574686f7269747900000000000002080200014c0004726f6c6571007e000f787074000455534552787371007e00843f40000000000000770800000010000000007870707371007e008f770c000000103f400000000000017400187265736f757263652d7365727665722d726573742d617069787371007e008f770c000000103f40000000000000787372004f6f72672e737072696e676672616d65776f726b2e73656375726974792e61757468656e7469636174696f6e2e557365726e616d6550617373776f726441757468656e7469636174696f6e546f6b656e00000000000002080200024c000b63726564656e7469616c7371007e00054c00097072696e636970616c71007e00057871007e0003017371007e00077371007e000b0000002377040000002371007e001071007e001571007e001871007e001b71007e001e71007e002171007e002471007e002771007e002a71007e002d71007e003071007e003371007e003671007e003971007e003c71007e003f71007e004271007e004571007e004871007e004b71007e004e71007e005171007e005471007e005771007e005a71007e005d71007e006071007e006371007e006671007e006971007e006c71007e006f71007e007271007e007571007e00787871007e009e737200176a6176612e7574696c2e4c696e6b6564486173684d617034c04e5c106cc0fb0200015a000b6163636573734f726465727871007e00843f400000000000067708000000080000000371007e008671007e008771007e008871007e008971007e008a71007e008b7800707372001b696f2e6e7a6265652e73656375726974792e757365722e5573657200000000000000010200095a000e6163636f756e74457870697265645a000d6163636f756e744c6f636b65645a001263726564656e7469616c73457870697265645a0007656e61626c65644c0002496471007e000e4c000870617373776f726471007e000f4c0005726f6c657371007e007e4c000975736572506172747974001d4c696f2f6e7a6265652f656e746974792f70617274792f50617274793b4c0008757365726e616d6571007e000f7870000000017371007e00110000000000038e4074003c243261243038243444544b41396167686333674a4d616e307a6a6e32652f55524b53613636374a586c5655727736705337394f7a4273776d3670714b7372002f6f72672e68696265726e6174652e636f6c6c656374696f6e2e696e7465726e616c2e50657273697374656e745365748b47ef79d4c9917d0200014c000373657471007e007e7872003e6f72672e68696265726e6174652e636f6c6c656374696f6e2e696e7465726e616c2e416273747261637450657273697374656e74436f6c6c656374696f6e5718b75d8aba735402000b5a001b616c6c6f774c6f61644f7574736964655472616e73616374696f6e49000a63616368656453697a655a000564697274795a000e656c656d656e7452656d6f7665645a000b696e697469616c697a65645a000d697354656d7053657373696f6e4c00036b65797400164c6a6176612f696f2f53657269616c697a61626c653b4c00056f776e657271007e00054c0004726f6c6571007e000f4c001273657373696f6e466163746f72795575696471007e000f4c000e73746f726564536e617073686f7471007e00a8787000ffffffff000001007371007e00110000000000038e4071007e00a3740021696f2e6e7a6265652e73656375726974792e757365722e557365722e726f6c6573707371007e00843f400000000000017708000000020000000173720024696f2e6e7a6265652e73656375726974792e757365722e726f6c652e55736572526f6c6500000000000000010200034c0002496471007e000e4c000b617574686f72697469657371007e007e4c00046e616d6571007e000f787071007e00737371007e00a600ffffffff0000010071007e007371007e00ae740030696f2e6e7a6265652e73656375726974792e757365722e726f6c652e55736572526f6c652e617574686f726974696573707371007e00843f400000000000307708000000400000002371007e001071007e001071007e001571007e001571007e001871007e001871007e001b71007e001b71007e001e71007e001e71007e002171007e002171007e002471007e002471007e002771007e002771007e002a71007e002a71007e002d71007e002d71007e003071007e003071007e003371007e003371007e003671007e003671007e003971007e003971007e003c71007e003c71007e003f71007e003f71007e004271007e004271007e004571007e004571007e004871007e004871007e004b71007e004b71007e004e71007e004e71007e005171007e005171007e005471007e005471007e005771007e005771007e005a71007e005a71007e005d71007e005d71007e006071007e006071007e006371007e006371007e006671007e006671007e006971007e006971007e006c71007e006c71007e006f71007e006f71007e007271007e007271007e007571007e007571007e007871007e0078787371007e008f770c000000403f4000000000002371007e001071007e001571007e001871007e001b71007e001e71007e002171007e002471007e002771007e002a71007e002d71007e003071007e003371007e003671007e003971007e003c71007e003f71007e004271007e004571007e004871007e004b71007e004e71007e005171007e005471007e005771007e005a71007e005d71007e006071007e006371007e006671007e006971007e006c71007e006f71007e007271007e007571007e00787874000541646d696e71007e00ae787371007e008f770c000000103f4000000000000171007e00ae78737200346f72672e68696265726e6174652e70726f78792e706f6a6f2e6279746562756464792e53657269616c697a61626c6550726f7879c8e2f1ffb619aa2e0200084c000f636f6d706f6e656e744964547970657400224c6f72672f68696265726e6174652f747970652f436f6d706f73697465547970653b4c001b6964656e7469666965724765747465724d6574686f64436c6173737400114c6a6176612f6c616e672f436c6173733b4c001a6964656e7469666965724765747465724d6574686f644e616d6571007e000f4c001b6964656e7469666965725365747465724d6574686f64436c61737371007e00b74c001a6964656e7469666965725365747465724d6574686f644e616d6571007e000f5b001c6964656e7469666965725365747465724d6574686f64506172616d737400125b4c6a6176612f6c616e672f436c6173733b5b000a696e746572666163657371007e00b84c000f70657273697374656e74436c61737371007e00b77872002d6f72672e68696265726e6174652e70726f78792e416273747261637453657269616c697a61626c6550726f7879926a2d5a450b04610200055a001b616c6c6f774c6f61644f7574736964655472616e73616374696f6e4c000a656e746974794e616d6571007e000f4c0002696471007e00a84c0008726561644f6e6c797400134c6a6176612f6c616e672f426f6f6c65616e3b4c001273657373696f6e466163746f72795575696471007e000f78700074001b696f2e6e7a6265652e656e746974792e70617274792e506172747971007e00a47070707672001b696f2e6e7a6265652e656e746974792e70617274792e50617274790000000000000000000000787074000a6765745061727479496471007e00be74000a73657450617274794964757200125b4c6a6176612e6c616e672e436c6173733bab16d7aecbcd5a990200007870000000017671007e00117571007e00c100000001767200226f72672e68696265726e6174652e70726f78792e48696265726e61746550726f7879517e3626971bbe22020000787071007e00be740007626f6240626f62
\.


--
-- Data for Name: permission; Type: TABLE DATA; Schema: security; Owner: security_owner
--

COPY permission (id, name) FROM stdin;
1	PARTY_CREATE
2	PARTY_READ
3	PARTY_UPDATE
4	PARTY_DELETE
5	PERSON_CREATE
6	PERSON_READ
7	PERSON_UPDATE
8	PERSON_DELETE
9	ORGANISATION_CREATE
10	ORGANISATION_READ
11	ORGANISATION_UPDATE
12	ORGANISATION_DELETE
13	ROLE_CREATE
14	ROLE_READ
15	ROLE_UPDATE
16	ROLE_DELETE
17	CUSTOMER_CREATE
18	CUSTOMER_READ
19	CUSTOMER_UPDATE
20	CUSTOMER_DELETE
21	SUPPLIER_CREATE
22	SUPPLIER_READ
23	SUPPLIER_UPDATE
24	SUPPLIER_DELETE
25	PRODUCT_CREATE
26	PRODUCT_READ
27	PRODUCT_UPDATE
28	PRODUCT_DELETE
29	PRODUCT_READER
30	PARTY_READER
31	ROLE_READER
32	PERSON_READER
33	ORGANISATION_READER
34	CUSTOMER_READER
35	SUPPLIER_READER
\.


--
-- Data for Name: role; Type: TABLE DATA; Schema: security; Owner: security_owner
--

COPY role (id, name) FROM stdin;
2	Customer
1	Admin
\.


--
-- Name: role_id_seq; Type: SEQUENCE SET; Schema: security; Owner: security_owner
--

SELECT pg_catalog.setval('role_id_seq', 1, false);


--
-- Data for Name: role_permission; Type: TABLE DATA; Schema: security; Owner: security_owner
--

COPY role_permission (id, role_id, permission_id) FROM stdin;
29	1	1
30	1	2
31	1	3
32	1	4
33	1	5
34	1	6
35	1	7
36	1	8
37	1	9
38	1	10
39	1	11
40	1	12
41	1	13
42	1	14
43	1	15
44	1	16
45	1	17
46	1	18
47	1	19
48	1	20
49	1	21
50	1	22
51	1	23
52	1	24
53	1	25
54	1	26
55	1	27
56	1	28
57	1	29
58	1	30
59	1	31
60	1	32
61	1	33
62	1	34
63	1	35
64	2	2
65	2	6
66	2	10
67	2	14
68	2	18
69	2	22
70	2	26
71	2	29
72	2	30
73	2	31
74	2	32
75	2	33
76	2	34
77	2	35
\.


--
-- Name: role_permission_id_seq; Type: SEQUENCE SET; Schema: security; Owner: security_owner
--

SELECT pg_catalog.setval('role_permission_id_seq', 77, true);


--
-- Data for Name: user_; Type: TABLE DATA; Schema: security; Owner: security_owner
--

COPY user_ (pty_id, account_expired, account_locked, credentials_expired, enabled, password, user_name) FROM stdin;
1	f	f	f	t	$2a$08$qvrzQZ7jJ7oy2p/msL4M0.l83Cd0jNsX6AJUitbgRXGzge4j035ha	admin
232216	f	f	f	t	\N	asd321
232220	f	f	f	t	$2a$08$HDsx4cloh1PXKlNp6C2yGObROfR3VysQAYdABq5naOXiGvFknU8/G	dandandan
232230	f	f	f	t	$2a$08$7eM8kbxuV2Jse66alC42H.e0RR9cy4Hyp6Ospu5p3b/EmzeVgKhpK	willP009
232232	f	f	f	t	$2a$08$3RoMwu7GVj6MXm6VabqzIOlP5rT5.v9bg9KNd7nSsTeKaklgZqbFu	willP010
232234	f	f	f	t	$2a$08$cTnUGt.0wthXBGvsVMZHx.AJyQa0ebgvJW04X8JZ8/1/BXDfIjdWG	zoro
232236	f	f	f	t	$2a$08$FabdFDGk9m8OjZPgKAErz.vrj.tBA0q8lnWT3W4Mi7dz9mHTuNSz.	j
232238	f	f	f	t	$2a$08$81tduh5zwgiYtNggVPM6rOdDgv5YmCp.zI6gg13KpbXXv2qGqD0Am	x
232240	f	f	f	t	$2a$08$5w4IxUjIw5BGrqRYSu/pDe5roRv3EubLbRH/sq39fIglXLLtfmNCW	z
232242	f	f	f	t	$2a$08$09Z1moTTHngZmBYkgDKT6u.HG/IUv/wnZGRuGdQr3nIRfenYq1Tna	h
232244	f	f	f	t	$2a$08$or5gp1qilssjjsmY.AlQJeqaYEG9eZmc4NhM3pV3SAFxqYi0CEZHG	i
232246	f	f	f	t	$2a$08$eSAoAHFKAQrrfy3sgDGyc.DQiUvdN2wwq8uKLUAK.pJ.3fV7g3BK2	f
232248	f	f	f	t	$2a$08$AeXLuGlP.9pcWACajgNQq.ft4nUNlVqxC6542ZZRSLrOlDksB.8Nq	av1
232250	f	f	f	t	$2a$08$kbU80lL54gj.H333EHle9.uGYOgYu9jUf0TVqhxUR5QqquQQyQDjy	moobot
232252	f	f	f	t	$2a$08$0rG7b0MAv3NhnhUnm9Wo/ue/OF3HeOxEpzjgAK8IIsVxQCpgFA6ji	Labrador
232254	f	f	f	t	$2a$08$p1t6.ZTkGYnpgb/ZJ93n/eR3mPck7483VDthqLjMmq87C5eFPLlNi	bill
232256	f	f	f	t	$2a$08$ZYgWAyU302Vu55IyqGY6KewH5dcTp5bfCQcD0VoFxRdJ6Jm6SOUKe	danielmackie82@gmail.com
232258	f	f	f	t	$2a$08$FshVXmerj.mItbrKW1Dn8OvXo00F0SFC0XM6Is90HU29csTinQTt2	dan
232260	f	f	f	t	$2a$08$LD84vr08Qr3eDbwuXshAXusm4eJ2qhN1kyMsOAD/LpdsreQjYBkkC	nod
232262	f	f	f	t	$2a$08$c8qi4W9yonajx5mQ6GIsFe.BlpqfoIqa9YGwGvM7R99.RHu.SQ22a	dmac269
232304	f	f	f	t	$2a$08$uMskpBcSMtkRQevNlIE5xORKArzGL8feooSuLyuL59.uRVXlhItMm	dmac088
232310	f	f	f	t	$2a$08$WAj6Z.QOG6UqvCbEzlnFD./uyT2TafVm5MPH2LRUMUohM8Y33VboW	dmac999
232312	f	f	f	t	$2a$08$1aM3WzOjSX9nJZUFhFutsOT4p8Xkos5iIidrXFnYeTAw6weAmykL.	dmac1111
233016	f	f	f	t	$2a$08$rogMMd/vJ56a08lqOlzArujiQRN1.2avzCQLtDOQB8QcXYos6mxsy	adam@apple
233018	f	f	f	t	$2a$08$RTEy6nmop87vx8IUyIsodO6YYUOrmwXB4V7wUhhcHf2SFMjwxd1Gy	barry@white
233020	f	f	f	t	$2a$08$FLLvo2tVvtH29IaFbCOvHuCfq2UNWKcYQhiwfcFxYrKUSMwXgolcC	will@parkhouse
233022	f	f	f	t	$2a$08$2HdSUuizuRx9Sw4q822W6OC.XBdNCC711euR/fghUWNeLdwhY2n/C	john@wayne
233024	f	f	f	t	$2a$08$4DTKA9aghc3gJMan0zjn2e/URKSa667JXlVUrw6pS79OzBswm6pqK	bob@bob
\.


--
-- Data for Name: user_role; Type: TABLE DATA; Schema: security; Owner: security_owner
--

COPY user_role (id, pty_id, role_id) FROM stdin;
1	1	1
2	232216	1
3	232220	1
4	232230	2
5	232232	2
6	232234	2
7	232236	2
8	232238	2
9	232240	2
10	232242	2
11	232244	2
12	232246	2
13	232248	2
14	232250	2
15	232252	2
16	232254	2
17	232256	2
18	232258	2
19	232260	2
20	232262	2
41	232304	2
44	232310	2
45	232312	2
192	233016	1
193	233018	2
194	233020	2
195	233022	2
196	233024	1
\.


--
-- Name: user_role_id_seq; Type: SEQUENCE SET; Schema: security; Owner: security_owner
--

SELECT pg_catalog.setval('user_role_id_seq', 197, true);


SET search_path = mochi, pg_catalog;

--
-- Name: brand_attr_lcl brand_attr_lcl_pkey; Type: CONSTRAINT; Schema: mochi; Owner: mochidb_owner
--

ALTER TABLE ONLY brand_attr_lcl
    ADD CONSTRAINT brand_attr_lcl_pkey PRIMARY KEY (bnd_lcl_id);


--
-- Name: brand_category brand_category_pkey; Type: CONSTRAINT; Schema: mochi; Owner: mochidb_owner
--

ALTER TABLE ONLY brand_category
    ADD CONSTRAINT brand_category_pkey PRIMARY KEY (bnd_cat_id);


--
-- Name: brand brand_pkey; Type: CONSTRAINT; Schema: mochi; Owner: mochidb_owner
--

ALTER TABLE ONLY brand
    ADD CONSTRAINT brand_pkey PRIMARY KEY (bnd_id);


--
-- Name: brand_promotion brand_promotion_pkey; Type: CONSTRAINT; Schema: mochi; Owner: mochidb_owner
--

ALTER TABLE ONLY brand_promotion
    ADD CONSTRAINT brand_promotion_pkey PRIMARY KEY (bnd_id, prm_id);


--
-- Name: category_attr_lcl category_attr_lcl_pkey; Type: CONSTRAINT; Schema: mochi; Owner: mochidb_owner
--

ALTER TABLE ONLY category_attr_lcl
    ADD CONSTRAINT category_attr_lcl_pkey PRIMARY KEY (cat_lcl_id);


--
-- Name: category_brand category_brand_pkey; Type: CONSTRAINT; Schema: mochi; Owner: mochidb_owner
--

ALTER TABLE ONLY category_brand
    ADD CONSTRAINT category_brand_pkey PRIMARY KEY (cat_id);


--
-- Name: category category_pkey; Type: CONSTRAINT; Schema: mochi; Owner: mochidb_owner
--

ALTER TABLE ONLY category
    ADD CONSTRAINT category_pkey PRIMARY KEY (cat_id);


--
-- Name: category_product category_product_pkey; Type: CONSTRAINT; Schema: mochi; Owner: mochidb_owner
--

ALTER TABLE ONLY category_product
    ADD CONSTRAINT category_product_pkey PRIMARY KEY (cat_id);


--
-- Name: category_promotion category_promotion_pkey; Type: CONSTRAINT; Schema: mochi; Owner: mochidb_owner
--

ALTER TABLE ONLY category_promotion
    ADD CONSTRAINT category_promotion_pkey PRIMARY KEY (cat_id, prm_id);


--
-- Name: category_type category_type_pkey; Type: CONSTRAINT; Schema: mochi; Owner: mochidb_owner
--

ALTER TABLE ONLY category_type
    ADD CONSTRAINT category_type_pkey PRIMARY KEY (cat_typ_id);


--
-- Name: currency currency_pkey; Type: CONSTRAINT; Schema: mochi; Owner: mochidb_owner
--

ALTER TABLE ONLY currency
    ADD CONSTRAINT currency_pkey PRIMARY KEY (ccy_id);


--
-- Name: customer customer_cst_id_key; Type: CONSTRAINT; Schema: mochi; Owner: mochidb_owner
--

ALTER TABLE ONLY customer
    ADD CONSTRAINT customer_cst_id_key UNIQUE (cst_id);


--
-- Name: customer customer_pkey; Type: CONSTRAINT; Schema: mochi; Owner: mochidb_owner
--

ALTER TABLE ONLY customer
    ADD CONSTRAINT customer_pkey PRIMARY KEY (rle_id);


--
-- Name: department_attr_lcl department_attr_lcl_pkey; Type: CONSTRAINT; Schema: mochi; Owner: mochidb_owner
--

ALTER TABLE ONLY department_attr_lcl
    ADD CONSTRAINT department_attr_lcl_pkey PRIMARY KEY (dept_lcl_id);


--
-- Name: discount discount_pkey; Type: CONSTRAINT; Schema: mochi; Owner: mochidb_owner
--

ALTER TABLE ONLY discount
    ADD CONSTRAINT discount_pkey PRIMARY KEY (dis_id);


--
-- Name: discount_type discount_type_pkey; Type: CONSTRAINT; Schema: mochi; Owner: mochidb_owner
--

ALTER TABLE ONLY discount_type
    ADD CONSTRAINT discount_type_pkey PRIMARY KEY (dis_typ_id);


--
-- Name: food_attr_lcl food_attr_lcl_pkey; Type: CONSTRAINT; Schema: mochi; Owner: mochidb_owner
--

ALTER TABLE ONLY food_attr_lcl
    ADD CONSTRAINT food_attr_lcl_pkey PRIMARY KEY (prd_lcl_id);


--
-- Name: jewellery_attr_lcl jewellery_attr_lcl_pkey; Type: CONSTRAINT; Schema: mochi; Owner: mochidb_owner
--

ALTER TABLE ONLY jewellery_attr_lcl
    ADD CONSTRAINT jewellery_attr_lcl_pkey PRIMARY KEY (prd_lcl_id);


--
-- Name: order_line order_line_ord_id_key; Type: CONSTRAINT; Schema: mochi; Owner: mochidb_owner
--

ALTER TABLE ONLY order_line
    ADD CONSTRAINT order_line_ord_id_key UNIQUE (ord_id);


--
-- Name: order_line order_line_pkey; Type: CONSTRAINT; Schema: mochi; Owner: mochidb_owner
--

ALTER TABLE ONLY order_line
    ADD CONSTRAINT order_line_pkey PRIMARY KEY (ord_id, prd_id, ord_lne_no);


--
-- Name: order orders_pkey; Type: CONSTRAINT; Schema: mochi; Owner: mochidb_owner
--

ALTER TABLE ONLY "order"
    ADD CONSTRAINT orders_pkey PRIMARY KEY (ord_id);


--
-- Name: order orders_pty_id_key; Type: CONSTRAINT; Schema: mochi; Owner: mochidb_owner
--

ALTER TABLE ONLY "order"
    ADD CONSTRAINT orders_pty_id_key UNIQUE (pty_id);


--
-- Name: organisation organisation_org_id_key; Type: CONSTRAINT; Schema: mochi; Owner: mochidb_owner
--

ALTER TABLE ONLY organisation
    ADD CONSTRAINT organisation_org_id_key UNIQUE (org_id);


--
-- Name: party party_pkey; Type: CONSTRAINT; Schema: mochi; Owner: mochidb_owner
--

ALTER TABLE ONLY party
    ADD CONSTRAINT party_pkey PRIMARY KEY (pty_id);


--
-- Name: party_type party_type_pkey; Type: CONSTRAINT; Schema: mochi; Owner: mochidb_owner
--

ALTER TABLE ONLY party_type
    ADD CONSTRAINT party_type_pkey PRIMARY KEY (pty_typ_id);


--
-- Name: party_type party_type_pty_typ_desc_key; Type: CONSTRAINT; Schema: mochi; Owner: mochidb_owner
--

ALTER TABLE ONLY party_type
    ADD CONSTRAINT party_type_pty_typ_desc_key UNIQUE (pty_typ_desc);


--
-- Name: person person_psn_id_key; Type: CONSTRAINT; Schema: mochi; Owner: mochidb_owner
--

ALTER TABLE ONLY person
    ADD CONSTRAINT person_psn_id_key UNIQUE (psn_id);


--
-- Name: locale pk_locale; Type: CONSTRAINT; Schema: mochi; Owner: mochidb_owner
--

ALTER TABLE ONLY locale
    ADD CONSTRAINT pk_locale PRIMARY KEY (lcl_cd);


--
-- Name: jewellery_attr_lcl prd_id_lcl_cd_1; Type: CONSTRAINT; Schema: mochi; Owner: mochidb_owner
--

ALTER TABLE ONLY jewellery_attr_lcl
    ADD CONSTRAINT prd_id_lcl_cd_1 UNIQUE (prd_id, lcl_cd);


--
-- Name: food_attr_lcl prd_id_lcl_cd_2; Type: CONSTRAINT; Schema: mochi; Owner: mochidb_owner
--

ALTER TABLE ONLY food_attr_lcl
    ADD CONSTRAINT prd_id_lcl_cd_2 UNIQUE (prd_id, lcl_cd);


--
-- Name: department_attr_lcl prd_id_lcl_cd_3; Type: CONSTRAINT; Schema: mochi; Owner: mochidb_owner
--

ALTER TABLE ONLY department_attr_lcl
    ADD CONSTRAINT prd_id_lcl_cd_3 UNIQUE (dept_id, lcl_cd);


--
-- Name: price price_pkey; Type: CONSTRAINT; Schema: mochi; Owner: mochidb_owner
--

ALTER TABLE ONLY price
    ADD CONSTRAINT price_pkey PRIMARY KEY (prc_id);


--
-- Name: price_type price_type_pkey; Type: CONSTRAINT; Schema: mochi; Owner: mochidb_owner
--

ALTER TABLE ONLY price_type
    ADD CONSTRAINT price_type_pkey PRIMARY KEY (prc_typ_id);


--
-- Name: product_attr_lcl product_attr_lcl_pkey; Type: CONSTRAINT; Schema: mochi; Owner: mochidb_owner
--

ALTER TABLE ONLY product_attr_lcl
    ADD CONSTRAINT product_attr_lcl_pkey PRIMARY KEY (prd_lcl_id);


--
-- Name: product_bundle product_bundle_pkey; Type: CONSTRAINT; Schema: mochi; Owner: mochidb_owner
--

ALTER TABLE ONLY product_bundle
    ADD CONSTRAINT product_bundle_pkey PRIMARY KEY (prd_bdl_id, bdl_id, prd_id);


--
-- Name: product_category product_category_pkey; Type: CONSTRAINT; Schema: mochi; Owner: mochidb_owner
--

ALTER TABLE ONLY product_category
    ADD CONSTRAINT product_category_pkey PRIMARY KEY (prd_cat_id);


--
-- Name: product_food product_food_pkey; Type: CONSTRAINT; Schema: mochi; Owner: mochidb_owner
--

ALTER TABLE ONLY product_food
    ADD CONSTRAINT product_food_pkey PRIMARY KEY (prd_id);


--
-- Name: product_jewellery product_jewellery_pkey; Type: CONSTRAINT; Schema: mochi; Owner: mochidb_owner
--

ALTER TABLE ONLY product_jewellery
    ADD CONSTRAINT product_jewellery_pkey PRIMARY KEY (prd_id);


--
-- Name: product product_pkey; Type: CONSTRAINT; Schema: mochi; Owner: mochidb_owner
--

ALTER TABLE ONLY product
    ADD CONSTRAINT product_pkey PRIMARY KEY (prd_id);


--
-- Name: product_promotion product_promotion_pkey; Type: CONSTRAINT; Schema: mochi; Owner: mochidb_owner
--

ALTER TABLE ONLY product_promotion
    ADD CONSTRAINT product_promotion_pkey PRIMARY KEY (prd_id, prm_id);


--
-- Name: product_rating product_rating_pkey; Type: CONSTRAINT; Schema: mochi; Owner: mochidb_owner
--

ALTER TABLE ONLY product_rating
    ADD CONSTRAINT product_rating_pkey PRIMARY KEY (prd_rat_id);


--
-- Name: product_shipping product_shipping_pkey; Type: CONSTRAINT; Schema: mochi; Owner: mochidb_owner
--

ALTER TABLE ONLY product_shipping
    ADD CONSTRAINT product_shipping_pkey PRIMARY KEY (prd_id);


--
-- Name: product_status product_status_pkey; Type: CONSTRAINT; Schema: mochi; Owner: mochidb_owner
--

ALTER TABLE ONLY product_status
    ADD CONSTRAINT product_status_pkey PRIMARY KEY (prd_sts_id);


--
-- Name: product_tag product_tag_pkey; Type: CONSTRAINT; Schema: mochi; Owner: mochidb_owner
--

ALTER TABLE ONLY product_tag
    ADD CONSTRAINT product_tag_pkey PRIMARY KEY (prd_tag_id);


--
-- Name: department product_type_pkey; Type: CONSTRAINT; Schema: mochi; Owner: mochidb_owner
--

ALTER TABLE ONLY department
    ADD CONSTRAINT product_type_pkey PRIMARY KEY (dept_id);


--
-- Name: promotion_brand promotion_brand_pkey; Type: CONSTRAINT; Schema: mochi; Owner: mochidb_owner
--

ALTER TABLE ONLY promotion_brand
    ADD CONSTRAINT promotion_brand_pkey PRIMARY KEY (prm_id);


--
-- Name: promotion_category promotion_category_pkey; Type: CONSTRAINT; Schema: mochi; Owner: mochidb_owner
--

ALTER TABLE ONLY promotion_category
    ADD CONSTRAINT promotion_category_pkey PRIMARY KEY (prm_id);


--
-- Name: promotion_order promotion_order_pkey; Type: CONSTRAINT; Schema: mochi; Owner: mochidb_owner
--

ALTER TABLE ONLY promotion_order
    ADD CONSTRAINT promotion_order_pkey PRIMARY KEY (prm_id);


--
-- Name: promotion promotion_pkey; Type: CONSTRAINT; Schema: mochi; Owner: mochidb_owner
--

ALTER TABLE ONLY promotion
    ADD CONSTRAINT promotion_pkey PRIMARY KEY (prm_id);


--
-- Name: promotion_product promotion_product_pkey; Type: CONSTRAINT; Schema: mochi; Owner: mochidb_owner
--

ALTER TABLE ONLY promotion_product
    ADD CONSTRAINT promotion_product_pkey PRIMARY KEY (prm_id);


--
-- Name: promotion_type promotion_type_pkey; Type: CONSTRAINT; Schema: mochi; Owner: mochidb_owner
--

ALTER TABLE ONLY promotion_type
    ADD CONSTRAINT promotion_type_pkey PRIMARY KEY (prm_typ_id);


--
-- Name: rating rating_pkey; Type: CONSTRAINT; Schema: mochi; Owner: mochidb_owner
--

ALTER TABLE ONLY rating
    ADD CONSTRAINT rating_pkey PRIMARY KEY (rat_id);


--
-- Name: role role_pkey; Type: CONSTRAINT; Schema: mochi; Owner: mochidb_owner
--

ALTER TABLE ONLY role
    ADD CONSTRAINT role_pkey PRIMARY KEY (rle_id);


--
-- Name: role role_pty_id_key; Type: CONSTRAINT; Schema: mochi; Owner: mochidb_owner
--

ALTER TABLE ONLY role
    ADD CONSTRAINT role_pty_id_key UNIQUE (pty_id);


--
-- Name: role_type role_type_pkey; Type: CONSTRAINT; Schema: mochi; Owner: mochidb_owner
--

ALTER TABLE ONLY role_type
    ADD CONSTRAINT role_type_pkey PRIMARY KEY (rle_typ_id);


--
-- Name: role_type role_type_rle_typ_desc_key; Type: CONSTRAINT; Schema: mochi; Owner: mochidb_owner
--

ALTER TABLE ONLY role_type
    ADD CONSTRAINT role_type_rle_typ_desc_key UNIQUE (rle_typ_desc);


--
-- Name: tag_attr_lcl tag_attr_lcl_pkey; Type: CONSTRAINT; Schema: mochi; Owner: mochidb_owner
--

ALTER TABLE ONLY tag_attr_lcl
    ADD CONSTRAINT tag_attr_lcl_pkey PRIMARY KEY (tag_lcl_id);


--
-- Name: tag tag_pkey; Type: CONSTRAINT; Schema: mochi; Owner: mochidb_owner
--

ALTER TABLE ONLY tag
    ADD CONSTRAINT tag_pkey PRIMARY KEY (tag_id);


--
-- Name: brand_attr_lcl uc_bnd_desc_lcl_cd; Type: CONSTRAINT; Schema: mochi; Owner: mochidb_owner
--

ALTER TABLE ONLY brand_attr_lcl
    ADD CONSTRAINT uc_bnd_desc_lcl_cd UNIQUE (bnd_desc, lcl_cd);


--
-- Name: brand_attr_lcl uc_bnd_lcl; Type: CONSTRAINT; Schema: mochi; Owner: mochidb_owner
--

ALTER TABLE ONLY brand_attr_lcl
    ADD CONSTRAINT uc_bnd_lcl UNIQUE (bnd_id, lcl_cd);


--
-- Name: brand_category uc_brand_category; Type: CONSTRAINT; Schema: mochi; Owner: mochidb_owner
--

ALTER TABLE ONLY brand_category
    ADD CONSTRAINT uc_brand_category UNIQUE (bnd_id, cat_id);


--
-- Name: category uc_cat_cd; Type: CONSTRAINT; Schema: mochi; Owner: mochidb_owner
--

ALTER TABLE ONLY category
    ADD CONSTRAINT uc_cat_cd UNIQUE (cat_cd);


--
-- Name: category_attr_lcl uc_cat_desc; Type: CONSTRAINT; Schema: mochi; Owner: mochidb_owner
--

ALTER TABLE ONLY category_attr_lcl
    ADD CONSTRAINT uc_cat_desc UNIQUE (cat_desc, lcl_cd);


--
-- Name: category_attr_lcl uc_cat_lcl; Type: CONSTRAINT; Schema: mochi; Owner: mochidb_owner
--

ALTER TABLE ONLY category_attr_lcl
    ADD CONSTRAINT uc_cat_lcl UNIQUE (cat_id, lcl_cd);


--
-- Name: category_type uc_cat_typ_cd; Type: CONSTRAINT; Schema: mochi; Owner: mochidb_owner
--

ALTER TABLE ONLY category_type
    ADD CONSTRAINT uc_cat_typ_cd UNIQUE (cat_typ_cd);


--
-- Name: product_attr_lcl uc_prd_lcl_1; Type: CONSTRAINT; Schema: mochi; Owner: mochidb_owner
--

ALTER TABLE ONLY product_attr_lcl
    ADD CONSTRAINT uc_prd_lcl_1 UNIQUE (prd_id, lcl_cd);


--
-- Name: product_rating uc_prd_rat; Type: CONSTRAINT; Schema: mochi; Owner: mochidb_owner
--

ALTER TABLE ONLY product_rating
    ADD CONSTRAINT uc_prd_rat UNIQUE (prd_id, rat_id, pty_id);


--
-- Name: product_status uc_prd_sts_cd; Type: CONSTRAINT; Schema: mochi; Owner: mochidb_owner
--

ALTER TABLE ONLY product_status
    ADD CONSTRAINT uc_prd_sts_cd UNIQUE (prd_sts_cd);


--
-- Name: department uc_prd_typ_cd; Type: CONSTRAINT; Schema: mochi; Owner: mochidb_owner
--

ALTER TABLE ONLY department
    ADD CONSTRAINT uc_prd_typ_cd UNIQUE (dept_cd);


--
-- Name: promotion uc_prm_cd; Type: CONSTRAINT; Schema: mochi; Owner: mochidb_owner
--

ALTER TABLE ONLY promotion
    ADD CONSTRAINT uc_prm_cd UNIQUE (prm_cd);


--
-- Name: product_category uc_product_category; Type: CONSTRAINT; Schema: mochi; Owner: mochidb_owner
--

ALTER TABLE ONLY product_category
    ADD CONSTRAINT uc_product_category UNIQUE (prd_id, cat_id);


--
-- Name: product_tag uc_product_tag; Type: CONSTRAINT; Schema: mochi; Owner: mochidb_owner
--

ALTER TABLE ONLY product_tag
    ADD CONSTRAINT uc_product_tag UNIQUE (prd_id, tag_id);


--
-- Name: tag_attr_lcl uc_tag_desc; Type: CONSTRAINT; Schema: mochi; Owner: mochidb_owner
--

ALTER TABLE ONLY tag_attr_lcl
    ADD CONSTRAINT uc_tag_desc UNIQUE (tag_desc, lcl_cd);


--
-- Name: tag_attr_lcl uc_tag_lcl; Type: CONSTRAINT; Schema: mochi; Owner: mochidb_owner
--

ALTER TABLE ONLY tag_attr_lcl
    ADD CONSTRAINT uc_tag_lcl UNIQUE (tag_id, lcl_cd);


SET search_path = security, pg_catalog;

--
-- Name: permission authority_name; Type: CONSTRAINT; Schema: security; Owner: security_owner
--

ALTER TABLE ONLY permission
    ADD CONSTRAINT authority_name UNIQUE (name);


--
-- Name: permission authority_pkey; Type: CONSTRAINT; Schema: security; Owner: security_owner
--

ALTER TABLE ONLY permission
    ADD CONSTRAINT authority_pkey PRIMARY KEY (id);


--
-- Name: clientdetails clientdetails_pkey; Type: CONSTRAINT; Schema: security; Owner: security_owner
--

ALTER TABLE ONLY clientdetails
    ADD CONSTRAINT clientdetails_pkey PRIMARY KEY (appid);


--
-- Name: oauth_access_token oauth_access_token_pkey; Type: CONSTRAINT; Schema: security; Owner: security_owner
--

ALTER TABLE ONLY oauth_access_token
    ADD CONSTRAINT oauth_access_token_pkey PRIMARY KEY (authentication_id);


--
-- Name: oauth_client_details oauth_client_details_pkey; Type: CONSTRAINT; Schema: security; Owner: security_owner
--

ALTER TABLE ONLY oauth_client_details
    ADD CONSTRAINT oauth_client_details_pkey PRIMARY KEY (client_id);


--
-- Name: oauth_client_token oauth_client_token_pkey; Type: CONSTRAINT; Schema: security; Owner: security_owner
--

ALTER TABLE ONLY oauth_client_token
    ADD CONSTRAINT oauth_client_token_pkey PRIMARY KEY (authentication_id);


--
-- Name: role_permission role_permission_pkey; Type: CONSTRAINT; Schema: security; Owner: security_owner
--

ALTER TABLE ONLY role_permission
    ADD CONSTRAINT role_permission_pkey PRIMARY KEY (id);


--
-- Name: role role_pkey; Type: CONSTRAINT; Schema: security; Owner: security_owner
--

ALTER TABLE ONLY role
    ADD CONSTRAINT role_pkey PRIMARY KEY (id);


--
-- Name: user_ user___pkey; Type: CONSTRAINT; Schema: security; Owner: security_owner
--

ALTER TABLE ONLY user_
    ADD CONSTRAINT user___pkey PRIMARY KEY (pty_id);


--
-- Name: user_role user_role_pkey; Type: CONSTRAINT; Schema: security; Owner: security_owner
--

ALTER TABLE ONLY user_role
    ADD CONSTRAINT user_role_pkey PRIMARY KEY (id);


--
-- Name: user_ user_user_name; Type: CONSTRAINT; Schema: security; Owner: security_owner
--

ALTER TABLE ONLY user_
    ADD CONSTRAINT user_user_name UNIQUE (user_name);


SET search_path = mochi, pg_catalog;

--
-- Name: fki_category_cat_id_product_prm_cat_id; Type: INDEX; Schema: mochi; Owner: mochidb_owner
--

CREATE INDEX fki_category_cat_id_product_prm_cat_id ON product USING btree (prm_cat_id);


--
-- Name: fki_product_attr_lcl_prd_id_fkey; Type: INDEX; Schema: mochi; Owner: mochidb_owner
--

CREATE INDEX fki_product_attr_lcl_prd_id_fkey ON product_attr_lcl USING btree (prd_id);


--
-- Name: role_role_typ_id_role_start_dttm_party_id_key; Type: INDEX; Schema: mochi; Owner: mochidb_owner
--

CREATE UNIQUE INDEX role_role_typ_id_role_start_dttm_party_id_key ON role USING btree (rle_typ_id, rle_start_dttm, pty_id);


--
-- Name: brand_attr_lcl brand_attr_lcl_bnd_id_fkey; Type: FK CONSTRAINT; Schema: mochi; Owner: mochidb_owner
--

ALTER TABLE ONLY brand_attr_lcl
    ADD CONSTRAINT brand_attr_lcl_bnd_id_fkey FOREIGN KEY (bnd_id) REFERENCES brand(bnd_id) ON UPDATE RESTRICT ON DELETE RESTRICT;


--
-- Name: brand_attr_lcl brand_attr_lcl_lcl_cd_fkey; Type: FK CONSTRAINT; Schema: mochi; Owner: mochidb_owner
--

ALTER TABLE ONLY brand_attr_lcl
    ADD CONSTRAINT brand_attr_lcl_lcl_cd_fkey FOREIGN KEY (lcl_cd) REFERENCES locale(lcl_cd);


--
-- Name: brand_category brand_category_bnd_id_brand_bnd_id_fkey; Type: FK CONSTRAINT; Schema: mochi; Owner: mochidb_owner
--

ALTER TABLE ONLY brand_category
    ADD CONSTRAINT brand_category_bnd_id_brand_bnd_id_fkey FOREIGN KEY (bnd_id) REFERENCES brand(bnd_id) ON UPDATE RESTRICT ON DELETE RESTRICT;


--
-- Name: brand_category brand_category_cat_id_category_cat_id_fkey; Type: FK CONSTRAINT; Schema: mochi; Owner: mochidb_owner
--

ALTER TABLE ONLY brand_category
    ADD CONSTRAINT brand_category_cat_id_category_cat_id_fkey FOREIGN KEY (cat_id) REFERENCES category(cat_id) ON UPDATE RESTRICT ON DELETE RESTRICT;


--
-- Name: category_attr_lcl category_attr_lcl_cat_id_fkey; Type: FK CONSTRAINT; Schema: mochi; Owner: mochidb_owner
--

ALTER TABLE ONLY category_attr_lcl
    ADD CONSTRAINT category_attr_lcl_cat_id_fkey FOREIGN KEY (cat_id) REFERENCES category(cat_id) ON UPDATE RESTRICT ON DELETE RESTRICT;


--
-- Name: category_attr_lcl category_attr_lcl_lcl_cd_fkey; Type: FK CONSTRAINT; Schema: mochi; Owner: mochidb_owner
--

ALTER TABLE ONLY category_attr_lcl
    ADD CONSTRAINT category_attr_lcl_lcl_cd_fkey FOREIGN KEY (lcl_cd) REFERENCES locale(lcl_cd);


--
-- Name: category_brand category_brand_cat_id_category_cat_id_fkey; Type: FK CONSTRAINT; Schema: mochi; Owner: mochidb_owner
--

ALTER TABLE ONLY category_brand
    ADD CONSTRAINT category_brand_cat_id_category_cat_id_fkey FOREIGN KEY (cat_id) REFERENCES category(cat_id) ON UPDATE RESTRICT ON DELETE RESTRICT;


--
-- Name: category category_cat_typ_id_category_type_cat_typ_id; Type: FK CONSTRAINT; Schema: mochi; Owner: mochidb_owner
--

ALTER TABLE ONLY category
    ADD CONSTRAINT category_cat_typ_id_category_type_cat_typ_id FOREIGN KEY (cat_typ_id) REFERENCES category_type(cat_typ_id);


--
-- Name: category_product category_product_cat_id_category_cat_id_fkey; Type: FK CONSTRAINT; Schema: mochi; Owner: mochidb_owner
--

ALTER TABLE ONLY category_product
    ADD CONSTRAINT category_product_cat_id_category_cat_id_fkey FOREIGN KEY (cat_id) REFERENCES category(cat_id) ON UPDATE RESTRICT ON DELETE RESTRICT;


--
-- Name: customer customer_role_id_fkey; Type: FK CONSTRAINT; Schema: mochi; Owner: mochidb_owner
--

ALTER TABLE ONLY customer
    ADD CONSTRAINT customer_role_id_fkey FOREIGN KEY (rle_id) REFERENCES role(rle_id) ON UPDATE RESTRICT ON DELETE RESTRICT;


--
-- Name: department_attr_lcl department_attr_lcl_dept_id_fkey; Type: FK CONSTRAINT; Schema: mochi; Owner: mochidb_owner
--

ALTER TABLE ONLY department_attr_lcl
    ADD CONSTRAINT department_attr_lcl_dept_id_fkey FOREIGN KEY (dept_id) REFERENCES department(dept_id);


--
-- Name: department_attr_lcl department_attr_lcl_lcl_cd_fkey; Type: FK CONSTRAINT; Schema: mochi; Owner: mochidb_owner
--

ALTER TABLE ONLY department_attr_lcl
    ADD CONSTRAINT department_attr_lcl_lcl_cd_fkey FOREIGN KEY (lcl_cd) REFERENCES locale(lcl_cd);


--
-- Name: food_attr_lcl food_attr_lcl_lcl_cd_fkey; Type: FK CONSTRAINT; Schema: mochi; Owner: mochidb_owner
--

ALTER TABLE ONLY food_attr_lcl
    ADD CONSTRAINT food_attr_lcl_lcl_cd_fkey FOREIGN KEY (lcl_cd) REFERENCES locale(lcl_cd);


--
-- Name: food_attr_lcl food_attr_lcl_prd_id_fkey; Type: FK CONSTRAINT; Schema: mochi; Owner: mochidb_owner
--

ALTER TABLE ONLY food_attr_lcl
    ADD CONSTRAINT food_attr_lcl_prd_id_fkey FOREIGN KEY (prd_id) REFERENCES product_food(prd_id);


--
-- Name: jewellery_attr_lcl jewellery_attr_lcl_lcl_cd_fkey; Type: FK CONSTRAINT; Schema: mochi; Owner: mochidb_owner
--

ALTER TABLE ONLY jewellery_attr_lcl
    ADD CONSTRAINT jewellery_attr_lcl_lcl_cd_fkey FOREIGN KEY (lcl_cd) REFERENCES locale(lcl_cd);


--
-- Name: jewellery_attr_lcl jewellery_attr_lcl_prd_id_fkey; Type: FK CONSTRAINT; Schema: mochi; Owner: mochidb_owner
--

ALTER TABLE ONLY jewellery_attr_lcl
    ADD CONSTRAINT jewellery_attr_lcl_prd_id_fkey FOREIGN KEY (prd_id) REFERENCES product_jewellery(prd_id);


--
-- Name: order_line order_line_order_id_fkey; Type: FK CONSTRAINT; Schema: mochi; Owner: mochidb_owner
--

ALTER TABLE ONLY order_line
    ADD CONSTRAINT order_line_order_id_fkey FOREIGN KEY (ord_id) REFERENCES "order"(ord_id) ON UPDATE RESTRICT ON DELETE RESTRICT;


--
-- Name: order_line order_line_product_id_fkey; Type: FK CONSTRAINT; Schema: mochi; Owner: mochidb_owner
--

ALTER TABLE ONLY order_line
    ADD CONSTRAINT order_line_product_id_fkey FOREIGN KEY (prd_id) REFERENCES product(prd_id) ON UPDATE RESTRICT ON DELETE RESTRICT;


--
-- Name: order orders_party_id_fkey; Type: FK CONSTRAINT; Schema: mochi; Owner: mochidb_owner
--

ALTER TABLE ONLY "order"
    ADD CONSTRAINT orders_party_id_fkey FOREIGN KEY (pty_id) REFERENCES party(pty_id) ON UPDATE RESTRICT ON DELETE RESTRICT;


--
-- Name: organisation organisation_org_id_fkey; Type: FK CONSTRAINT; Schema: mochi; Owner: mochidb_owner
--

ALTER TABLE ONLY organisation
    ADD CONSTRAINT organisation_org_id_fkey FOREIGN KEY (org_id) REFERENCES party(pty_id) ON UPDATE RESTRICT ON DELETE RESTRICT;


--
-- Name: party party_pty_typ_id_fkey; Type: FK CONSTRAINT; Schema: mochi; Owner: mochidb_owner
--

ALTER TABLE ONLY party
    ADD CONSTRAINT party_pty_typ_id_fkey FOREIGN KEY (pty_typ_id) REFERENCES party_type(pty_typ_id) ON UPDATE RESTRICT ON DELETE RESTRICT;


--
-- Name: person person_person_id_fkey; Type: FK CONSTRAINT; Schema: mochi; Owner: mochidb_owner
--

ALTER TABLE ONLY person
    ADD CONSTRAINT person_person_id_fkey FOREIGN KEY (psn_id) REFERENCES party(pty_id) ON UPDATE RESTRICT ON DELETE RESTRICT;


--
-- Name: product_attr_lcl product_attr_lcl_lcl_cd_fkey; Type: FK CONSTRAINT; Schema: mochi; Owner: mochidb_owner
--

ALTER TABLE ONLY product_attr_lcl
    ADD CONSTRAINT product_attr_lcl_lcl_cd_fkey FOREIGN KEY (lcl_cd) REFERENCES locale(lcl_cd);


--
-- Name: product_attr_lcl product_attr_lcl_prd_id_fkey; Type: FK CONSTRAINT; Schema: mochi; Owner: mochidb_owner
--

ALTER TABLE ONLY product_attr_lcl
    ADD CONSTRAINT product_attr_lcl_prd_id_fkey FOREIGN KEY (prd_id) REFERENCES product(prd_id);


--
-- Name: product_category product_category_cat_id_category_cat_id_fkey; Type: FK CONSTRAINT; Schema: mochi; Owner: mochidb_owner
--

ALTER TABLE ONLY product_category
    ADD CONSTRAINT product_category_cat_id_category_cat_id_fkey FOREIGN KEY (cat_id) REFERENCES category(cat_id) ON UPDATE RESTRICT ON DELETE RESTRICT;


--
-- Name: product_category product_category_prd_id_product_prd_id_fkey; Type: FK CONSTRAINT; Schema: mochi; Owner: mochidb_owner
--

ALTER TABLE ONLY product_category
    ADD CONSTRAINT product_category_prd_id_product_prd_id_fkey FOREIGN KEY (prd_id) REFERENCES product(prd_id) ON UPDATE RESTRICT ON DELETE RESTRICT;


--
-- Name: product_food product_food_prd_id_fkey; Type: FK CONSTRAINT; Schema: mochi; Owner: mochidb_owner
--

ALTER TABLE ONLY product_food
    ADD CONSTRAINT product_food_prd_id_fkey FOREIGN KEY (prd_id) REFERENCES product(prd_id);


--
-- Name: product_jewellery product_jewellery_prd_id_fkey; Type: FK CONSTRAINT; Schema: mochi; Owner: mochidb_owner
--

ALTER TABLE ONLY product_jewellery
    ADD CONSTRAINT product_jewellery_prd_id_fkey FOREIGN KEY (prd_id) REFERENCES product(prd_id);


--
-- Name: product product_prm_cat_id_category_cat_id; Type: FK CONSTRAINT; Schema: mochi; Owner: mochidb_owner
--

ALTER TABLE ONLY product
    ADD CONSTRAINT product_prm_cat_id_category_cat_id FOREIGN KEY (prm_cat_id) REFERENCES category(cat_id);


--
-- Name: product_shipping product_shipping_prd_id_fkey; Type: FK CONSTRAINT; Schema: mochi; Owner: mochidb_owner
--

ALTER TABLE ONLY product_shipping
    ADD CONSTRAINT product_shipping_prd_id_fkey FOREIGN KEY (prd_id) REFERENCES product(prd_id);


--
-- Name: product product_sts_id_product_status_sts_id_fkey; Type: FK CONSTRAINT; Schema: mochi; Owner: mochidb_owner
--

ALTER TABLE ONLY product
    ADD CONSTRAINT product_sts_id_product_status_sts_id_fkey FOREIGN KEY (prd_sts_id) REFERENCES product_status(prd_sts_id) ON UPDATE RESTRICT ON DELETE RESTRICT;


--
-- Name: product_tag product_tag_prd_id_product_prd_id_fkey; Type: FK CONSTRAINT; Schema: mochi; Owner: mochidb_owner
--

ALTER TABLE ONLY product_tag
    ADD CONSTRAINT product_tag_prd_id_product_prd_id_fkey FOREIGN KEY (prd_id) REFERENCES product(prd_id) ON UPDATE RESTRICT ON DELETE RESTRICT;


--
-- Name: product_tag product_tag_tag_id_tag_tag_id_fkey; Type: FK CONSTRAINT; Schema: mochi; Owner: mochidb_owner
--

ALTER TABLE ONLY product_tag
    ADD CONSTRAINT product_tag_tag_id_tag_tag_id_fkey FOREIGN KEY (tag_id) REFERENCES tag(tag_id) ON UPDATE RESTRICT ON DELETE RESTRICT;


--
-- Name: product product_typ_id_product_type_typ_id_fkey; Type: FK CONSTRAINT; Schema: mochi; Owner: mochidb_owner
--

ALTER TABLE ONLY product
    ADD CONSTRAINT product_typ_id_product_type_typ_id_fkey FOREIGN KEY (dept_id) REFERENCES department(dept_id) ON UPDATE RESTRICT ON DELETE RESTRICT;


--
-- Name: promotion_brand promotion_brand_prm_id_fkey; Type: FK CONSTRAINT; Schema: mochi; Owner: mochidb_owner
--

ALTER TABLE ONLY promotion_brand
    ADD CONSTRAINT promotion_brand_prm_id_fkey FOREIGN KEY (prm_id) REFERENCES promotion(prm_id);


--
-- Name: promotion_category promotion_category_prm_id_promotion_prm_id_fkey; Type: FK CONSTRAINT; Schema: mochi; Owner: mochidb_owner
--

ALTER TABLE ONLY promotion_category
    ADD CONSTRAINT promotion_category_prm_id_promotion_prm_id_fkey FOREIGN KEY (prm_id) REFERENCES promotion(prm_id) ON UPDATE RESTRICT ON DELETE RESTRICT;


--
-- Name: promotion_order promotion_order_prm_id_fkey; Type: FK CONSTRAINT; Schema: mochi; Owner: mochidb_owner
--

ALTER TABLE ONLY promotion_order
    ADD CONSTRAINT promotion_order_prm_id_fkey FOREIGN KEY (prm_id) REFERENCES promotion(prm_id);


--
-- Name: promotion_product promotion_product_prm_id_fkey; Type: FK CONSTRAINT; Schema: mochi; Owner: mochidb_owner
--

ALTER TABLE ONLY promotion_product
    ADD CONSTRAINT promotion_product_prm_id_fkey FOREIGN KEY (prm_id) REFERENCES promotion(prm_id);


--
-- Name: role role_party_id_fkey; Type: FK CONSTRAINT; Schema: mochi; Owner: mochidb_owner
--

ALTER TABLE ONLY role
    ADD CONSTRAINT role_party_id_fkey FOREIGN KEY (pty_id) REFERENCES party(pty_id) ON UPDATE RESTRICT ON DELETE RESTRICT;


--
-- Name: role role_role_typ_id_fkey; Type: FK CONSTRAINT; Schema: mochi; Owner: mochidb_owner
--

ALTER TABLE ONLY role
    ADD CONSTRAINT role_role_typ_id_fkey FOREIGN KEY (rle_typ_id) REFERENCES role_type(rle_typ_id) ON UPDATE RESTRICT ON DELETE RESTRICT;


--
-- Name: tag_attr_lcl tag_attr_lcl_lcl_cd_fkey; Type: FK CONSTRAINT; Schema: mochi; Owner: mochidb_owner
--

ALTER TABLE ONLY tag_attr_lcl
    ADD CONSTRAINT tag_attr_lcl_lcl_cd_fkey FOREIGN KEY (lcl_cd) REFERENCES locale(lcl_cd);


--
-- Name: tag_attr_lcl tag_attr_lcl_tag_id_fkey; Type: FK CONSTRAINT; Schema: mochi; Owner: mochidb_owner
--

ALTER TABLE ONLY tag_attr_lcl
    ADD CONSTRAINT tag_attr_lcl_tag_id_fkey FOREIGN KEY (tag_id) REFERENCES tag(tag_id) ON UPDATE RESTRICT ON DELETE RESTRICT;


SET search_path = security, pg_catalog;

--
-- Name: role_permission role_permission_permission; Type: FK CONSTRAINT; Schema: security; Owner: security_owner
--

ALTER TABLE ONLY role_permission
    ADD CONSTRAINT role_permission_permission FOREIGN KEY (permission_id) REFERENCES permission(id);


--
-- Name: role_permission role_permission_role; Type: FK CONSTRAINT; Schema: security; Owner: security_owner
--

ALTER TABLE ONLY role_permission
    ADD CONSTRAINT role_permission_role FOREIGN KEY (role_id) REFERENCES role(id);


--
-- Name: user_role user_role_role; Type: FK CONSTRAINT; Schema: security; Owner: security_owner
--

ALTER TABLE ONLY user_role
    ADD CONSTRAINT user_role_role FOREIGN KEY (role_id) REFERENCES role(id);


--
-- Name: user_role user_role_user_; Type: FK CONSTRAINT; Schema: security; Owner: security_owner
--

ALTER TABLE ONLY user_role
    ADD CONSTRAINT user_role_user_ FOREIGN KEY (pty_id) REFERENCES user_(pty_id);


--
-- Name: mochi; Type: ACL; Schema: -; Owner: mochidb_owner
--

GRANT ALL ON SCHEMA mochi TO security_owner;
GRANT USAGE ON SCHEMA mochi TO mochi_app;
GRANT USAGE ON SCHEMA mochi TO security_app;


--
-- Name: public; Type: ACL; Schema: -; Owner: danielmackie
--

GRANT ALL ON SCHEMA public TO postgres;


--
-- Name: security; Type: ACL; Schema: -; Owner: security_owner
--

GRANT USAGE ON SCHEMA security TO mochi_app;
GRANT USAGE ON SCHEMA security TO security_app;


SET search_path = mochi, pg_catalog;

--
-- Name: address; Type: ACL; Schema: mochi; Owner: mochidb_owner
--

GRANT SELECT,INSERT,DELETE,UPDATE ON TABLE address TO mochi_app;


--
-- Name: address_type; Type: ACL; Schema: mochi; Owner: mochidb_owner
--

GRANT SELECT,INSERT,DELETE,UPDATE ON TABLE address_type TO mochi_app;


--
-- Name: brand_bnd_id_seq; Type: ACL; Schema: mochi; Owner: mochidb_owner
--

GRANT ALL ON SEQUENCE brand_bnd_id_seq TO mochi_app;


--
-- Name: brand; Type: ACL; Schema: mochi; Owner: mochidb_owner
--

GRANT SELECT,INSERT,DELETE,UPDATE ON TABLE brand TO mochi_app;


--
-- Name: brand_attr_lcl_bnd_id_seq; Type: ACL; Schema: mochi; Owner: mochidb_owner
--

GRANT ALL ON SEQUENCE brand_attr_lcl_bnd_id_seq TO mochi_app;


--
-- Name: brand_attr_lcl; Type: ACL; Schema: mochi; Owner: mochidb_owner
--

GRANT SELECT,INSERT,DELETE,UPDATE ON TABLE brand_attr_lcl TO mochi_app;


--
-- Name: brand_category_bnd_cat_id_seq; Type: ACL; Schema: mochi; Owner: mochidb_owner
--

GRANT ALL ON SEQUENCE brand_category_bnd_cat_id_seq TO mochi_app;


--
-- Name: brand_category; Type: ACL; Schema: mochi; Owner: mochidb_owner
--

GRANT SELECT,INSERT,DELETE,UPDATE ON TABLE brand_category TO mochi_app;


--
-- Name: category_cat_id_seq; Type: ACL; Schema: mochi; Owner: mochidb_owner
--

GRANT ALL ON SEQUENCE category_cat_id_seq TO mochi_app;


--
-- Name: category; Type: ACL; Schema: mochi; Owner: mochidb_owner
--

GRANT SELECT,INSERT,DELETE,UPDATE ON TABLE category TO mochi_app;


--
-- Name: category_attr_lcl_cat_id_seq; Type: ACL; Schema: mochi; Owner: mochidb_owner
--

GRANT ALL ON SEQUENCE category_attr_lcl_cat_id_seq TO mochi_app;


--
-- Name: category_attr_lcl; Type: ACL; Schema: mochi; Owner: mochidb_owner
--

GRANT SELECT,INSERT,DELETE,UPDATE ON TABLE category_attr_lcl TO mochi_app;


--
-- Name: category_brand; Type: ACL; Schema: mochi; Owner: mochidb_owner
--

GRANT SELECT,INSERT,DELETE,UPDATE ON TABLE category_brand TO mochi_app;


--
-- Name: category_product; Type: ACL; Schema: mochi; Owner: mochidb_owner
--

GRANT SELECT,INSERT,DELETE,UPDATE ON TABLE category_product TO mochi_app;


--
-- Name: category_type_cat_typ_id_seq; Type: ACL; Schema: mochi; Owner: mochidb_owner
--

GRANT ALL ON SEQUENCE category_type_cat_typ_id_seq TO mochi_app;


--
-- Name: category_type; Type: ACL; Schema: mochi; Owner: mochidb_owner
--

GRANT SELECT,INSERT,DELETE,UPDATE ON TABLE category_type TO mochi_app;


--
-- Name: currency; Type: ACL; Schema: mochi; Owner: mochidb_owner
--

GRANT SELECT,INSERT,DELETE,UPDATE ON TABLE currency TO mochi_app;


--
-- Name: customer_cst_id_seq; Type: ACL; Schema: mochi; Owner: mochidb_owner
--

GRANT ALL ON SEQUENCE customer_cst_id_seq TO mochi_app;


--
-- Name: customer; Type: ACL; Schema: mochi; Owner: mochidb_owner
--

GRANT SELECT ON TABLE customer TO security_app;
GRANT SELECT,INSERT,DELETE,UPDATE ON TABLE customer TO mochi_app;


--
-- Name: product_type_prd_typ_id_seq; Type: ACL; Schema: mochi; Owner: mochidb_owner
--

GRANT ALL ON SEQUENCE product_type_prd_typ_id_seq TO mochi_app;


--
-- Name: department; Type: ACL; Schema: mochi; Owner: mochidb_owner
--

GRANT SELECT,INSERT,DELETE,UPDATE ON TABLE department TO mochi_app;


--
-- Name: department_attr_lcl; Type: ACL; Schema: mochi; Owner: mochidb_owner
--

GRANT SELECT,INSERT,DELETE,UPDATE ON TABLE department_attr_lcl TO mochi_app;


--
-- Name: discount; Type: ACL; Schema: mochi; Owner: mochidb_owner
--

GRANT SELECT,INSERT,DELETE,UPDATE ON TABLE discount TO mochi_app;


--
-- Name: discount_type; Type: ACL; Schema: mochi; Owner: mochidb_owner
--

GRANT SELECT,INSERT,DELETE,UPDATE ON TABLE discount_type TO mochi_app;


--
-- Name: food_attr_lcl; Type: ACL; Schema: mochi; Owner: mochidb_owner
--

GRANT SELECT,INSERT,DELETE,UPDATE ON TABLE food_attr_lcl TO mochi_app;


--
-- Name: hibernate_sequence; Type: ACL; Schema: mochi; Owner: mochidb_owner
--

GRANT ALL ON SEQUENCE hibernate_sequence TO mochi_app;


--
-- Name: hierarchy_hir_id_seq; Type: ACL; Schema: mochi; Owner: mochidb_owner
--

GRANT ALL ON SEQUENCE hierarchy_hir_id_seq TO mochi_app;


--
-- Name: inventory_on_hand; Type: ACL; Schema: mochi; Owner: mochidb_owner
--

GRANT SELECT,INSERT,DELETE,UPDATE ON TABLE inventory_on_hand TO mochi_app;


--
-- Name: inventory_transaction; Type: ACL; Schema: mochi; Owner: mochidb_owner
--

GRANT SELECT,INSERT,DELETE,UPDATE ON TABLE inventory_transaction TO mochi_app;


--
-- Name: jewellery_attr_lcl; Type: ACL; Schema: mochi; Owner: mochidb_owner
--

GRANT SELECT,INSERT,DELETE,UPDATE ON TABLE jewellery_attr_lcl TO mochi_app;


--
-- Name: layout_category_lay_cat_id_seq; Type: ACL; Schema: mochi; Owner: mochidb_owner
--

GRANT ALL ON SEQUENCE layout_category_lay_cat_id_seq TO mochi_app;


--
-- Name: layout_lay_id_seq; Type: ACL; Schema: mochi; Owner: mochidb_owner
--

GRANT ALL ON SEQUENCE layout_lay_id_seq TO mochi_app;


--
-- Name: locale; Type: ACL; Schema: mochi; Owner: mochidb_owner
--

GRANT SELECT,INSERT,DELETE,UPDATE ON TABLE locale TO mochi_app;


--
-- Name: location; Type: ACL; Schema: mochi; Owner: mochidb_owner
--

GRANT SELECT,INSERT,DELETE,UPDATE ON TABLE location TO mochi_app;


--
-- Name: order; Type: ACL; Schema: mochi; Owner: mochidb_owner
--

GRANT SELECT,INSERT,DELETE,UPDATE ON TABLE "order" TO mochi_app;


--
-- Name: order_line; Type: ACL; Schema: mochi; Owner: mochidb_owner
--

GRANT SELECT,INSERT,DELETE,UPDATE ON TABLE order_line TO mochi_app;


--
-- Name: organisation; Type: ACL; Schema: mochi; Owner: mochidb_owner
--

GRANT SELECT ON TABLE organisation TO security_app;
GRANT SELECT,INSERT,DELETE,UPDATE ON TABLE organisation TO mochi_app;


--
-- Name: party; Type: ACL; Schema: mochi; Owner: mochidb_owner
--

GRANT SELECT ON TABLE party TO security_app;
GRANT SELECT,INSERT,DELETE,UPDATE ON TABLE party TO mochi_app;


--
-- Name: party_party_id_seq; Type: ACL; Schema: mochi; Owner: mochidb_owner
--

GRANT ALL ON SEQUENCE party_party_id_seq TO mochi_app;


--
-- Name: party_pty_id_seq; Type: ACL; Schema: mochi; Owner: mochidb_owner
--

GRANT ALL ON SEQUENCE party_pty_id_seq TO mochi_app;


--
-- Name: party_type; Type: ACL; Schema: mochi; Owner: mochidb_owner
--

GRANT SELECT ON TABLE party_type TO security_app;
GRANT SELECT,INSERT,DELETE,UPDATE ON TABLE party_type TO mochi_app;


--
-- Name: party_type_pty_typ_id_seq; Type: ACL; Schema: mochi; Owner: mochidb_owner
--

GRANT ALL ON SEQUENCE party_type_pty_typ_id_seq TO mochi_app;


--
-- Name: person; Type: ACL; Schema: mochi; Owner: mochidb_owner
--

GRANT SELECT ON TABLE person TO security_app;
GRANT SELECT,INSERT,DELETE,UPDATE ON TABLE person TO mochi_app;


--
-- Name: person_id_seq; Type: ACL; Schema: mochi; Owner: mochidb_owner
--

GRANT ALL ON SEQUENCE person_id_seq TO mochi_app;


--
-- Name: price_prc_id_seq; Type: ACL; Schema: mochi; Owner: mochidb_owner
--

GRANT ALL ON SEQUENCE price_prc_id_seq TO mochi_app;


--
-- Name: price; Type: ACL; Schema: mochi; Owner: mochidb_owner
--

GRANT SELECT,INSERT,DELETE,UPDATE ON TABLE price TO mochi_app;


--
-- Name: price_type; Type: ACL; Schema: mochi; Owner: mochidb_owner
--

GRANT SELECT,INSERT,DELETE,UPDATE ON TABLE price_type TO mochi_app;


--
-- Name: product; Type: ACL; Schema: mochi; Owner: mochidb_owner
--

GRANT SELECT,INSERT,DELETE,UPDATE ON TABLE product TO mochi_app;


--
-- Name: product_attr_lcl; Type: ACL; Schema: mochi; Owner: mochidb_owner
--

GRANT SELECT,INSERT,DELETE,UPDATE ON TABLE product_attr_lcl TO mochi_app;


--
-- Name: product_category_prd_cat_id_seq; Type: ACL; Schema: mochi; Owner: mochidb_owner
--

GRANT ALL ON SEQUENCE product_category_prd_cat_id_seq TO mochi_app;


--
-- Name: product_category; Type: ACL; Schema: mochi; Owner: mochidb_owner
--

GRANT SELECT,INSERT,DELETE,UPDATE ON TABLE product_category TO mochi_app;


--
-- Name: product_food; Type: ACL; Schema: mochi; Owner: mochidb_owner
--

GRANT SELECT,INSERT,DELETE,UPDATE ON TABLE product_food TO mochi_app;


--
-- Name: product_jewellery; Type: ACL; Schema: mochi; Owner: mochidb_owner
--

GRANT SELECT,INSERT,DELETE,UPDATE ON TABLE product_jewellery TO mochi_app;


--
-- Name: product_rating_prd_rat_id_seq; Type: ACL; Schema: mochi; Owner: mochidb_owner
--

GRANT ALL ON SEQUENCE product_rating_prd_rat_id_seq TO mochi_app;


--
-- Name: product_rating; Type: ACL; Schema: mochi; Owner: mochidb_owner
--

GRANT SELECT,INSERT,DELETE,UPDATE ON TABLE product_rating TO mochi_app;


--
-- Name: product_shipping; Type: ACL; Schema: mochi; Owner: mochidb_owner
--

GRANT SELECT,INSERT,DELETE,UPDATE ON TABLE product_shipping TO mochi_app;


--
-- Name: product_status_prd_sts_id_seq; Type: ACL; Schema: mochi; Owner: mochidb_owner
--

GRANT ALL ON SEQUENCE product_status_prd_sts_id_seq TO mochi_app;


--
-- Name: product_status; Type: ACL; Schema: mochi; Owner: mochidb_owner
--

GRANT SELECT,INSERT,DELETE,UPDATE ON TABLE product_status TO mochi_app;


--
-- Name: product_supplier; Type: ACL; Schema: mochi; Owner: mochidb_owner
--

GRANT SELECT,INSERT,DELETE,UPDATE ON TABLE product_supplier TO mochi_app;


--
-- Name: product_tag_prd_tag_id_seq; Type: ACL; Schema: mochi; Owner: mochidb_owner
--

GRANT ALL ON SEQUENCE product_tag_prd_tag_id_seq TO mochi_app;


--
-- Name: product_tag; Type: ACL; Schema: mochi; Owner: mochidb_owner
--

GRANT SELECT,INSERT,DELETE,UPDATE ON TABLE product_tag TO mochi_app;


--
-- Name: product_tag_attr_lcl_tag_id_seq; Type: ACL; Schema: mochi; Owner: mochidb_owner
--

GRANT ALL ON SEQUENCE product_tag_attr_lcl_tag_id_seq TO mochi_app;


--
-- Name: promotion; Type: ACL; Schema: mochi; Owner: mochidb_owner
--

GRANT SELECT,INSERT,DELETE,UPDATE ON TABLE promotion TO mochi_app;


--
-- Name: promotion_brand; Type: ACL; Schema: mochi; Owner: mochidb_owner
--

GRANT SELECT,INSERT,DELETE,UPDATE ON TABLE promotion_brand TO mochi_app;


--
-- Name: promotion_category; Type: ACL; Schema: mochi; Owner: mochidb_owner
--

GRANT SELECT,INSERT,DELETE,UPDATE ON TABLE promotion_category TO mochi_app;


--
-- Name: promotion_category_prm_cat_id_seq; Type: ACL; Schema: mochi; Owner: mochidb_owner
--

GRANT ALL ON SEQUENCE promotion_category_prm_cat_id_seq TO mochi_app;


--
-- Name: promotion_order; Type: ACL; Schema: mochi; Owner: mochidb_owner
--

GRANT SELECT,INSERT,DELETE,UPDATE ON TABLE promotion_order TO mochi_app;


--
-- Name: promotion_product; Type: ACL; Schema: mochi; Owner: mochidb_owner
--

GRANT SELECT,INSERT,DELETE,UPDATE ON TABLE promotion_product TO mochi_app;


--
-- Name: promotion_type; Type: ACL; Schema: mochi; Owner: mochidb_owner
--

GRANT SELECT,INSERT,DELETE,UPDATE ON TABLE promotion_type TO mochi_app;


--
-- Name: rating; Type: ACL; Schema: mochi; Owner: mochidb_owner
--

GRANT SELECT,INSERT,DELETE,UPDATE ON TABLE rating TO mochi_app;


--
-- Name: role_rle_id_seq; Type: ACL; Schema: mochi; Owner: mochidb_owner
--

GRANT ALL ON SEQUENCE role_rle_id_seq TO mochi_app;


--
-- Name: role; Type: ACL; Schema: mochi; Owner: mochidb_owner
--

GRANT SELECT ON TABLE role TO security_app;
GRANT SELECT,INSERT,DELETE,UPDATE ON TABLE role TO mochi_app;


--
-- Name: role_type; Type: ACL; Schema: mochi; Owner: mochidb_owner
--

GRANT SELECT ON TABLE role_type TO security_app;
GRANT SELECT,INSERT,DELETE,UPDATE ON TABLE role_type TO mochi_app;


--
-- Name: role_type_rle_typ_id_seq; Type: ACL; Schema: mochi; Owner: mochidb_owner
--

GRANT ALL ON SEQUENCE role_type_rle_typ_id_seq TO mochi_app;


--
-- Name: role_type_role_typ_id_seq; Type: ACL; Schema: mochi; Owner: mochidb_owner
--

GRANT ALL ON SEQUENCE role_type_role_typ_id_seq TO mochi_app;


--
-- Name: supplier; Type: ACL; Schema: mochi; Owner: mochidb_owner
--

GRANT SELECT,INSERT,DELETE,UPDATE ON TABLE supplier TO mochi_app;


--
-- Name: tag_tag_id_seq; Type: ACL; Schema: mochi; Owner: mochidb_owner
--

GRANT ALL ON SEQUENCE tag_tag_id_seq TO mochi_app;


--
-- Name: tag; Type: ACL; Schema: mochi; Owner: mochidb_owner
--

GRANT SELECT,INSERT,DELETE,UPDATE ON TABLE tag TO mochi_app;


--
-- Name: tag_attr_lcl_tag_id_seq; Type: ACL; Schema: mochi; Owner: mochidb_owner
--

GRANT ALL ON SEQUENCE tag_attr_lcl_tag_id_seq TO mochi_app;


--
-- Name: tag_attr_lcl; Type: ACL; Schema: mochi; Owner: mochidb_owner
--

GRANT SELECT,INSERT,DELETE,UPDATE ON TABLE tag_attr_lcl TO mochi_app;


SET search_path = security, pg_catalog;

--
-- Name: permission; Type: ACL; Schema: security; Owner: security_owner
--

GRANT SELECT,INSERT,DELETE,UPDATE ON TABLE permission TO mochi_app;
GRANT SELECT,INSERT,DELETE,UPDATE ON TABLE permission TO security_app;


--
-- Name: authority_id_seq; Type: ACL; Schema: security; Owner: security_owner
--

GRANT ALL ON SEQUENCE authority_id_seq TO security_app;
GRANT ALL ON SEQUENCE authority_id_seq TO mochi_app;


--
-- Name: clientdetails; Type: ACL; Schema: security; Owner: security_owner
--

GRANT SELECT,INSERT,DELETE,UPDATE ON TABLE clientdetails TO security_app;


--
-- Name: hibernate_sequence; Type: ACL; Schema: security; Owner: security_owner
--

GRANT ALL ON SEQUENCE hibernate_sequence TO security_app;
GRANT ALL ON SEQUENCE hibernate_sequence TO mochi_app;


--
-- Name: oauth_access_token; Type: ACL; Schema: security; Owner: security_owner
--

GRANT SELECT,INSERT,DELETE,UPDATE ON TABLE oauth_access_token TO mochi_app;
GRANT SELECT,INSERT,DELETE,UPDATE ON TABLE oauth_access_token TO security_app;


--
-- Name: oauth_approvals; Type: ACL; Schema: security; Owner: security_owner
--

GRANT SELECT,INSERT,DELETE,UPDATE ON TABLE oauth_approvals TO mochi_app;
GRANT SELECT,INSERT,DELETE,UPDATE ON TABLE oauth_approvals TO security_app;


--
-- Name: oauth_client_details; Type: ACL; Schema: security; Owner: security_owner
--

GRANT SELECT,INSERT,DELETE,UPDATE ON TABLE oauth_client_details TO mochi_app;
GRANT SELECT,INSERT,DELETE,UPDATE ON TABLE oauth_client_details TO security_app;


--
-- Name: oauth_client_token; Type: ACL; Schema: security; Owner: security_owner
--

GRANT SELECT,INSERT,DELETE,UPDATE ON TABLE oauth_client_token TO mochi_app;
GRANT SELECT,INSERT,DELETE,UPDATE ON TABLE oauth_client_token TO security_app;


--
-- Name: oauth_code; Type: ACL; Schema: security; Owner: security_owner
--

GRANT SELECT,INSERT,DELETE,UPDATE ON TABLE oauth_code TO mochi_app;
GRANT SELECT,INSERT,DELETE,UPDATE ON TABLE oauth_code TO security_app;


--
-- Name: oauth_refresh_token; Type: ACL; Schema: security; Owner: security_owner
--

GRANT SELECT,INSERT,DELETE,UPDATE ON TABLE oauth_refresh_token TO mochi_app;
GRANT SELECT,INSERT,DELETE,UPDATE ON TABLE oauth_refresh_token TO security_app;


--
-- Name: role_id_seq; Type: ACL; Schema: security; Owner: security_owner
--

GRANT ALL ON SEQUENCE role_id_seq TO security_app;
GRANT ALL ON SEQUENCE role_id_seq TO mochi_app;


--
-- Name: role; Type: ACL; Schema: security; Owner: security_owner
--

GRANT SELECT,INSERT,DELETE,UPDATE ON TABLE role TO mochi_app;
GRANT SELECT,INSERT,DELETE,UPDATE ON TABLE role TO security_app;


--
-- Name: role_permission_id_seq; Type: ACL; Schema: security; Owner: security_owner
--

GRANT ALL ON SEQUENCE role_permission_id_seq TO security_app;
GRANT ALL ON SEQUENCE role_permission_id_seq TO mochi_app;


--
-- Name: role_permission; Type: ACL; Schema: security; Owner: security_owner
--

GRANT SELECT,INSERT,DELETE,UPDATE ON TABLE role_permission TO mochi_app;
GRANT SELECT,INSERT,DELETE,UPDATE ON TABLE role_permission TO security_app;


--
-- Name: user_; Type: ACL; Schema: security; Owner: security_owner
--

GRANT SELECT,INSERT,DELETE,UPDATE ON TABLE user_ TO mochi_app;
GRANT SELECT,INSERT,DELETE,UPDATE ON TABLE user_ TO security_app;


--
-- Name: user_role_id_seq; Type: ACL; Schema: security; Owner: security_owner
--

GRANT ALL ON SEQUENCE user_role_id_seq TO security_app;
GRANT ALL ON SEQUENCE user_role_id_seq TO mochi_app;


--
-- Name: user_role; Type: ACL; Schema: security; Owner: security_owner
--

GRANT SELECT,INSERT,DELETE,UPDATE ON TABLE user_role TO mochi_app;
GRANT SELECT,INSERT,DELETE,UPDATE ON TABLE user_role TO security_app;


--
-- PostgreSQL database dump complete
--

\connect postgres

SET default_transaction_read_only = off;

--
-- PostgreSQL database dump
--

-- Dumped from database version 9.6.5
-- Dumped by pg_dump version 9.6.5

SET statement_timeout = 0;
SET lock_timeout = 0;
SET idle_in_transaction_session_timeout = 0;
SET client_encoding = 'UTF8';
SET standard_conforming_strings = on;
SET check_function_bodies = false;
SET client_min_messages = warning;
SET row_security = off;

--
-- Name: postgres; Type: COMMENT; Schema: -; Owner: danielmackie
--

COMMENT ON DATABASE postgres IS 'default administrative connection database';


--
-- Name: plpgsql; Type: EXTENSION; Schema: -; Owner: 
--

CREATE EXTENSION IF NOT EXISTS plpgsql WITH SCHEMA pg_catalog;


--
-- Name: EXTENSION plpgsql; Type: COMMENT; Schema: -; Owner: 
--

COMMENT ON EXTENSION plpgsql IS 'PL/pgSQL procedural language';


--
-- Name: adminpack; Type: EXTENSION; Schema: -; Owner: 
--

CREATE EXTENSION IF NOT EXISTS adminpack WITH SCHEMA pg_catalog;


--
-- Name: EXTENSION adminpack; Type: COMMENT; Schema: -; Owner: 
--

COMMENT ON EXTENSION adminpack IS 'administrative functions for PostgreSQL';


--
-- Name: public; Type: ACL; Schema: -; Owner: danielmackie
--

GRANT ALL ON SCHEMA public TO postgres;


--
-- PostgreSQL database dump complete
--

\connect template1

SET default_transaction_read_only = off;

--
-- PostgreSQL database dump
--

-- Dumped from database version 9.6.5
-- Dumped by pg_dump version 9.6.5

SET statement_timeout = 0;
SET lock_timeout = 0;
SET idle_in_transaction_session_timeout = 0;
SET client_encoding = 'UTF8';
SET standard_conforming_strings = on;
SET check_function_bodies = false;
SET client_min_messages = warning;
SET row_security = off;

--
-- Name: template1; Type: COMMENT; Schema: -; Owner: danielmackie
--

COMMENT ON DATABASE template1 IS 'default template for new databases';


--
-- Name: plpgsql; Type: EXTENSION; Schema: -; Owner: 
--

CREATE EXTENSION IF NOT EXISTS plpgsql WITH SCHEMA pg_catalog;


--
-- Name: EXTENSION plpgsql; Type: COMMENT; Schema: -; Owner: 
--

COMMENT ON EXTENSION plpgsql IS 'PL/pgSQL procedural language';


--
-- Name: public; Type: ACL; Schema: -; Owner: danielmackie
--

GRANT ALL ON SCHEMA public TO postgres;


--
-- PostgreSQL database dump complete
--

--
-- PostgreSQL database cluster dump complete
--

