--
-- PostgreSQL database dump
--

-- Dumped from database version 9.5.14
-- Dumped by pg_dump version 9.5.14

SET statement_timeout = 0;
SET lock_timeout = 0;
SET client_encoding = 'UTF8';
SET standard_conforming_strings = on;
SELECT pg_catalog.set_config('search_path', '', false);
SET check_function_bodies = false;
SET client_min_messages = warning;
SET row_security = off;

--
-- Name: mochi; Type: SCHEMA; Schema: -; Owner: mochidb_owner
--

CREATE SCHEMA mochi;


ALTER SCHEMA mochi OWNER TO mochidb_owner;

--
-- Name: security; Type: SCHEMA; Schema: -; Owner: security_owner
--

CREATE SCHEMA security;


ALTER SCHEMA security OWNER TO security_owner;

--
-- Name: plpgsql; Type: EXTENSION; Schema: -; Owner: 
--

CREATE EXTENSION IF NOT EXISTS plpgsql WITH SCHEMA pg_catalog;


--
-- Name: EXTENSION plpgsql; Type: COMMENT; Schema: -; Owner: 
--

COMMENT ON EXTENSION plpgsql IS 'PL/pgSQL procedural language';


SET default_tablespace = '';

SET default_with_oids = false;

--
-- Name: customer; Type: TABLE; Schema: mochi; Owner: mochidb_owner
--

CREATE TABLE mochi.customer (
    rle_id bigint NOT NULL,
    cst_id character(10)
);


ALTER TABLE mochi.customer OWNER TO mochidb_owner;

--
-- Name: hibernate_sequence; Type: SEQUENCE; Schema: mochi; Owner: mochidb_owner
--

CREATE SEQUENCE mochi.hibernate_sequence
    START WITH 232
    INCREMENT BY 1
    NO MINVALUE
    NO MAXVALUE
    CACHE 1;


ALTER TABLE mochi.hibernate_sequence OWNER TO mochidb_owner;

--
-- Name: obj; Type: TABLE; Schema: mochi; Owner: mochidb_owner
--

CREATE TABLE mochi.obj (
    object_id bigint NOT NULL,
    object_type_id bigint NOT NULL
);


ALTER TABLE mochi.obj OWNER TO mochidb_owner;

--
-- Name: object_type; Type: TABLE; Schema: mochi; Owner: mochidb_owner
--

CREATE TABLE mochi.object_type (
    object_type_id bigint NOT NULL,
    object_type_desc character varying(100) NOT NULL
);


ALTER TABLE mochi.object_type OWNER TO mochidb_owner;

--
-- Name: order_line; Type: TABLE; Schema: mochi; Owner: mochidb_owner
--

CREATE TABLE mochi.order_line (
    ord_id bigint NOT NULL,
    prd_id bigint NOT NULL,
    ord_lne_no bigint NOT NULL
);


ALTER TABLE mochi.order_line OWNER TO mochidb_owner;

--
-- Name: orders; Type: TABLE; Schema: mochi; Owner: mochidb_owner
--

CREATE TABLE mochi.orders (
    ord_id bigint NOT NULL,
    pty_id bigint NOT NULL
);


ALTER TABLE mochi.orders OWNER TO mochidb_owner;

--
-- Name: organisation; Type: TABLE; Schema: mochi; Owner: mochidb_owner
--

CREATE TABLE mochi.organisation (
    org_id bigint NOT NULL,
    org_nme character varying(100) NOT NULL,
    org_reg_no character varying(50) NOT NULL
);


ALTER TABLE mochi.organisation OWNER TO mochidb_owner;

--
-- Name: party; Type: TABLE; Schema: mochi; Owner: mochidb_owner
--

CREATE TABLE mochi.party (
    pty_id bigint NOT NULL,
    pty_typ_id bigint NOT NULL,
    pty_usr_nm text NOT NULL,
    pty_pwd text NOT NULL
);


ALTER TABLE mochi.party OWNER TO mochidb_owner;

--
-- Name: party_party_id_seq; Type: SEQUENCE; Schema: mochi; Owner: mochidb_owner
--

CREATE SEQUENCE mochi.party_party_id_seq
    START WITH 1
    INCREMENT BY 1
    NO MINVALUE
    NO MAXVALUE
    CACHE 1;


ALTER TABLE mochi.party_party_id_seq OWNER TO mochidb_owner;

--
-- Name: party_pty_id_seq; Type: SEQUENCE; Schema: mochi; Owner: mochidb_owner
--

CREATE SEQUENCE mochi.party_pty_id_seq
    START WITH 1
    INCREMENT BY 1
    NO MINVALUE
    NO MAXVALUE
    CACHE 1;


ALTER TABLE mochi.party_pty_id_seq OWNER TO mochidb_owner;

--
-- Name: party_pty_id_seq; Type: SEQUENCE OWNED BY; Schema: mochi; Owner: mochidb_owner
--

ALTER SEQUENCE mochi.party_pty_id_seq OWNED BY mochi.party.pty_id;


--
-- Name: party_type; Type: TABLE; Schema: mochi; Owner: mochidb_owner
--

CREATE TABLE mochi.party_type (
    pty_typ_id bigint NOT NULL,
    pty_typ_desc character varying NOT NULL
);


ALTER TABLE mochi.party_type OWNER TO mochidb_owner;

--
-- Name: party_type_pty_typ_id_seq; Type: SEQUENCE; Schema: mochi; Owner: mochidb_owner
--

CREATE SEQUENCE mochi.party_type_pty_typ_id_seq
    START WITH 1
    INCREMENT BY 1
    NO MINVALUE
    NO MAXVALUE
    CACHE 1;


ALTER TABLE mochi.party_type_pty_typ_id_seq OWNER TO mochidb_owner;

--
-- Name: party_type_pty_typ_id_seq; Type: SEQUENCE OWNED BY; Schema: mochi; Owner: mochidb_owner
--

ALTER SEQUENCE mochi.party_type_pty_typ_id_seq OWNED BY mochi.party_type.pty_typ_id;


--
-- Name: person; Type: TABLE; Schema: mochi; Owner: mochidb_owner
--

CREATE TABLE mochi.person (
    psn_id bigint NOT NULL,
    psn_gvn_nm_en character varying,
    psn_fml_nm_en character varying,
    psn_nm_cn character varying,
    enb boolean
);


ALTER TABLE mochi.person OWNER TO mochidb_owner;

--
-- Name: person_id_seq; Type: SEQUENCE; Schema: mochi; Owner: mochidb_owner
--

CREATE SEQUENCE mochi.person_id_seq
    START WITH 6
    INCREMENT BY 1
    NO MINVALUE
    NO MAXVALUE
    CACHE 1;


ALTER TABLE mochi.person_id_seq OWNER TO mochidb_owner;

--
-- Name: person_role; Type: TABLE; Schema: mochi; Owner: mochidb_owner
--

CREATE TABLE mochi.person_role (
    person_role_id bigint NOT NULL,
    person_role_desc character varying(100) NOT NULL
);


ALTER TABLE mochi.person_role OWNER TO mochidb_owner;

--
-- Name: point_of_interest; Type: TABLE; Schema: mochi; Owner: mochidb_owner
--

CREATE TABLE mochi.point_of_interest (
    point_of_interest_id bigint NOT NULL,
    lat double precision,
    lng double precision,
    name character varying(255),
    type character varying(255)
);


ALTER TABLE mochi.point_of_interest OWNER TO mochidb_owner;

--
-- Name: product; Type: TABLE; Schema: mochi; Owner: mochidb_owner
--

CREATE TABLE mochi.product (
    prd_id bigint NOT NULL,
    upc_cd character(12),
    prd_crtd_dt date
);


ALTER TABLE mochi.product OWNER TO mochidb_owner;

--
-- Name: product_attr_lcl; Type: TABLE; Schema: mochi; Owner: mochidb_owner
--

CREATE TABLE mochi.product_attr_lcl (
    prd_lcl_id bigint NOT NULL,
    prd_id bigint NOT NULL,
    prd_desc character varying(100),
    prd_img_pth character varying(100),
    prd_rrp numeric,
    prd_cat_desc character varying(100),
    lcl_cd character(3) NOT NULL
);


ALTER TABLE mochi.product_attr_lcl OWNER TO mochidb_owner;

--
-- Name: role; Type: TABLE; Schema: mochi; Owner: mochidb_owner
--

CREATE TABLE mochi.role (
    rle_id bigint NOT NULL,
    rle_typ_id bigint NOT NULL,
    rle_start_dttm date NOT NULL,
    pty_id bigint NOT NULL
);


ALTER TABLE mochi.role OWNER TO mochidb_owner;

--
-- Name: role_type; Type: TABLE; Schema: mochi; Owner: mochidb_owner
--

CREATE TABLE mochi.role_type (
    rle_typ_id bigint NOT NULL,
    rle_typ_desc character varying NOT NULL
);


ALTER TABLE mochi.role_type OWNER TO mochidb_owner;

--
-- Name: role_type_rle_typ_id_seq; Type: SEQUENCE; Schema: mochi; Owner: mochidb_owner
--

CREATE SEQUENCE mochi.role_type_rle_typ_id_seq
    START WITH 1
    INCREMENT BY 1
    NO MINVALUE
    NO MAXVALUE
    CACHE 1;


ALTER TABLE mochi.role_type_rle_typ_id_seq OWNER TO mochidb_owner;

--
-- Name: role_type_rle_typ_id_seq; Type: SEQUENCE OWNED BY; Schema: mochi; Owner: mochidb_owner
--

ALTER SEQUENCE mochi.role_type_rle_typ_id_seq OWNED BY mochi.role_type.rle_typ_id;


--
-- Name: role_type_role_typ_id_seq; Type: SEQUENCE; Schema: mochi; Owner: mochidb_owner
--

CREATE SEQUENCE mochi.role_type_role_typ_id_seq
    START WITH 1
    INCREMENT BY 1
    NO MINVALUE
    NO MAXVALUE
    CACHE 1;


ALTER TABLE mochi.role_type_role_typ_id_seq OWNER TO mochidb_owner;

--
-- Name: spring_session; Type: TABLE; Schema: mochi; Owner: mochidb_owner
--

CREATE TABLE mochi.spring_session (
    session_id character(36) NOT NULL,
    creation_time bigint NOT NULL,
    last_access_time bigint NOT NULL,
    max_inactive_interval integer NOT NULL,
    principal_name character varying(100)
);


ALTER TABLE mochi.spring_session OWNER TO mochidb_owner;

--
-- Name: spring_session_attributes; Type: TABLE; Schema: mochi; Owner: mochidb_owner
--

CREATE TABLE mochi.spring_session_attributes (
    session_id character(36) NOT NULL,
    attribute_name character varying(200) NOT NULL,
    attribute_bytes bytea
);


ALTER TABLE mochi.spring_session_attributes OWNER TO mochidb_owner;

--
-- Name: thing_id_seq; Type: SEQUENCE; Schema: mochi; Owner: mochidb_owner
--

CREATE SEQUENCE mochi.thing_id_seq
    START WITH 9
    INCREMENT BY 1
    NO MINVALUE
    NO MAXVALUE
    CACHE 1;


ALTER TABLE mochi.thing_id_seq OWNER TO mochidb_owner;

--
-- Name: authority; Type: TABLE; Schema: security; Owner: security_owner
--

CREATE TABLE security.authority (
    id bigint NOT NULL,
    name character varying(255)
);


ALTER TABLE security.authority OWNER TO security_owner;

--
-- Name: authority_id_seq; Type: SEQUENCE; Schema: security; Owner: security_owner
--

CREATE SEQUENCE security.authority_id_seq
    START WITH 1
    INCREMENT BY 1
    NO MINVALUE
    NO MAXVALUE
    CACHE 1;


ALTER TABLE security.authority_id_seq OWNER TO security_owner;

--
-- Name: authority_id_seq; Type: SEQUENCE OWNED BY; Schema: security; Owner: security_owner
--

ALTER SEQUENCE security.authority_id_seq OWNED BY security.authority.id;


--
-- Name: clientdetails; Type: TABLE; Schema: security; Owner: security_owner
--

CREATE TABLE security.clientdetails (
    appid character varying(256) NOT NULL,
    resourceids character varying(256),
    appsecret character varying(256),
    scope character varying(256),
    granttypes character varying(256),
    redirecturl character varying(256),
    authorities character varying(256),
    access_token_validity integer,
    refresh_token_validity integer,
    additionalinformation character varying(4096),
    autoapprovescopes character varying(256)
);


ALTER TABLE security.clientdetails OWNER TO security_owner;

--
-- Name: oauth_access_token; Type: TABLE; Schema: security; Owner: security_owner
--

CREATE TABLE security.oauth_access_token (
    token_id character varying(256),
    token bytea,
    authentication_id character varying(256) NOT NULL,
    user_name character varying(256),
    client_id character varying(256),
    authentication bytea,
    refresh_token character varying(256)
);


ALTER TABLE security.oauth_access_token OWNER TO security_owner;

--
-- Name: oauth_approvals; Type: TABLE; Schema: security; Owner: security_owner
--

CREATE TABLE security.oauth_approvals (
    userid character varying(256),
    clientid character varying(256),
    scope character varying(256),
    status character varying(10),
    expiresat timestamp without time zone,
    lastmodifiedat timestamp without time zone
);


ALTER TABLE security.oauth_approvals OWNER TO security_owner;

--
-- Name: oauth_client_details; Type: TABLE; Schema: security; Owner: security_owner
--

CREATE TABLE security.oauth_client_details (
    client_id character varying(256) NOT NULL,
    resource_ids character varying(256),
    client_secret character varying(256),
    scope character varying(256),
    authorized_grant_types character varying(256),
    web_server_redirect_uri character varying(256),
    authorities character varying(256),
    access_token_validity integer,
    refresh_token_validity integer,
    additional_information character varying(4096),
    autoapprove character varying(256)
);


ALTER TABLE security.oauth_client_details OWNER TO security_owner;

--
-- Name: oauth_client_token; Type: TABLE; Schema: security; Owner: security_owner
--

CREATE TABLE security.oauth_client_token (
    token_id character varying(256),
    token bytea,
    authentication_id character varying(256) NOT NULL,
    user_name character varying(256),
    client_id character varying(256)
);


ALTER TABLE security.oauth_client_token OWNER TO security_owner;

--
-- Name: oauth_code; Type: TABLE; Schema: security; Owner: security_owner
--

CREATE TABLE security.oauth_code (
    code character varying(256),
    authentication bytea
);


ALTER TABLE security.oauth_code OWNER TO security_owner;

--
-- Name: oauth_refresh_token; Type: TABLE; Schema: security; Owner: security_owner
--

CREATE TABLE security.oauth_refresh_token (
    token_id character varying(256),
    token bytea,
    authentication bytea
);


ALTER TABLE security.oauth_refresh_token OWNER TO security_owner;

--
-- Name: user_; Type: TABLE; Schema: security; Owner: security_owner
--

CREATE TABLE security.user_ (
    id bigint NOT NULL,
    account_expired boolean,
    account_locked boolean,
    credentials_expired boolean,
    enabled boolean,
    password character varying(255),
    user_name character varying(255)
);


ALTER TABLE security.user_ OWNER TO security_owner;

--
-- Name: user__id_seq; Type: SEQUENCE; Schema: security; Owner: security_owner
--

CREATE SEQUENCE security.user__id_seq
    START WITH 1
    INCREMENT BY 1
    NO MINVALUE
    NO MAXVALUE
    CACHE 1;


ALTER TABLE security.user__id_seq OWNER TO security_owner;

--
-- Name: user__id_seq; Type: SEQUENCE OWNED BY; Schema: security; Owner: security_owner
--

ALTER SEQUENCE security.user__id_seq OWNED BY security.user_.id;


--
-- Name: users_authorities; Type: TABLE; Schema: security; Owner: security_owner
--

CREATE TABLE security.users_authorities (
    user_id bigint NOT NULL,
    authority_id bigint NOT NULL
);


ALTER TABLE security.users_authorities OWNER TO security_owner;

--
-- Name: pty_id; Type: DEFAULT; Schema: mochi; Owner: mochidb_owner
--

ALTER TABLE ONLY mochi.party ALTER COLUMN pty_id SET DEFAULT nextval('mochi.party_pty_id_seq'::regclass);


--
-- Name: pty_typ_id; Type: DEFAULT; Schema: mochi; Owner: mochidb_owner
--

ALTER TABLE ONLY mochi.party_type ALTER COLUMN pty_typ_id SET DEFAULT nextval('mochi.party_type_pty_typ_id_seq'::regclass);


--
-- Name: rle_typ_id; Type: DEFAULT; Schema: mochi; Owner: mochidb_owner
--

ALTER TABLE ONLY mochi.role_type ALTER COLUMN rle_typ_id SET DEFAULT nextval('mochi.role_type_rle_typ_id_seq'::regclass);


--
-- Name: id; Type: DEFAULT; Schema: security; Owner: security_owner
--

ALTER TABLE ONLY security.authority ALTER COLUMN id SET DEFAULT nextval('security.authority_id_seq'::regclass);


--
-- Name: id; Type: DEFAULT; Schema: security; Owner: security_owner
--

ALTER TABLE ONLY security.user_ ALTER COLUMN id SET DEFAULT nextval('security.user__id_seq'::regclass);


--
-- Data for Name: customer; Type: TABLE DATA; Schema: mochi; Owner: mochidb_owner
--

COPY mochi.customer (rle_id, cst_id) FROM stdin;
1	0123456789
2	9876543210
\.


--
-- Name: hibernate_sequence; Type: SEQUENCE SET; Schema: mochi; Owner: mochidb_owner
--

SELECT pg_catalog.setval('mochi.hibernate_sequence', 520, true);


--
-- Data for Name: obj; Type: TABLE DATA; Schema: mochi; Owner: mochidb_owner
--

COPY mochi.obj (object_id, object_type_id) FROM stdin;
\.


--
-- Data for Name: object_type; Type: TABLE DATA; Schema: mochi; Owner: mochidb_owner
--

COPY mochi.object_type (object_type_id, object_type_desc) FROM stdin;
\.


--
-- Data for Name: order_line; Type: TABLE DATA; Schema: mochi; Owner: mochidb_owner
--

COPY mochi.order_line (ord_id, prd_id, ord_lne_no) FROM stdin;
\.


--
-- Data for Name: orders; Type: TABLE DATA; Schema: mochi; Owner: mochidb_owner
--

COPY mochi.orders (ord_id, pty_id) FROM stdin;
\.


--
-- Data for Name: organisation; Type: TABLE DATA; Schema: mochi; Owner: mochidb_owner
--

COPY mochi.organisation (org_id, org_nme, org_reg_no) FROM stdin;
2	Big Balloons LTD	1234567
\.


--
-- Data for Name: party; Type: TABLE DATA; Schema: mochi; Owner: mochidb_owner
--

COPY mochi.party (pty_id, pty_typ_id, pty_usr_nm, pty_pwd) FROM stdin;
1	1	dmac088	password
2	2	bigball	password
\.


--
-- Name: party_party_id_seq; Type: SEQUENCE SET; Schema: mochi; Owner: mochidb_owner
--

SELECT pg_catalog.setval('mochi.party_party_id_seq', 1, false);


--
-- Name: party_pty_id_seq; Type: SEQUENCE SET; Schema: mochi; Owner: mochidb_owner
--

SELECT pg_catalog.setval('mochi.party_pty_id_seq', 1, false);


--
-- Data for Name: party_type; Type: TABLE DATA; Schema: mochi; Owner: mochidb_owner
--

COPY mochi.party_type (pty_typ_id, pty_typ_desc) FROM stdin;
1	Person
2	Organisation
\.


--
-- Name: party_type_pty_typ_id_seq; Type: SEQUENCE SET; Schema: mochi; Owner: mochidb_owner
--

SELECT pg_catalog.setval('mochi.party_type_pty_typ_id_seq', 1, false);


--
-- Data for Name: person; Type: TABLE DATA; Schema: mochi; Owner: mochidb_owner
--

COPY mochi.person (psn_id, psn_gvn_nm_en, psn_fml_nm_en, psn_nm_cn, enb) FROM stdin;
1	Daniel	Mackie	丹尼爾麥基	t
\.


--
-- Name: person_id_seq; Type: SEQUENCE SET; Schema: mochi; Owner: mochidb_owner
--

SELECT pg_catalog.setval('mochi.person_id_seq', 6, false);


--
-- Data for Name: person_role; Type: TABLE DATA; Schema: mochi; Owner: mochidb_owner
--

COPY mochi.person_role (person_role_id, person_role_desc) FROM stdin;
\.


--
-- Data for Name: point_of_interest; Type: TABLE DATA; Schema: mochi; Owner: mochidb_owner
--

COPY mochi.point_of_interest (point_of_interest_id, lat, lng, name, type) FROM stdin;
\.


--
-- Data for Name: product; Type: TABLE DATA; Schema: mochi; Owner: mochidb_owner
--

COPY mochi.product (prd_id, upc_cd, prd_crtd_dt) FROM stdin;
1	12345678    	2018-10-13
2	23456789    	2018-10-13
\.


--
-- Data for Name: product_attr_lcl; Type: TABLE DATA; Schema: mochi; Owner: mochidb_owner
--

COPY mochi.product_attr_lcl (prd_lcl_id, prd_id, prd_desc, prd_img_pth, prd_rrp, prd_cat_desc, lcl_cd) FROM stdin;
1	1	mango	images/mango.jpg	5.99	fruit	ENG
2	1	芒果	images/mango.jpg	5.99	水果	HKG
3	2	orange	images/orange.jpg	8.99	fruit	ENG
4	2	橙子	images/orange.jpg	8.99	水果	HKG
\.


--
-- Data for Name: role; Type: TABLE DATA; Schema: mochi; Owner: mochidb_owner
--

COPY mochi.role (rle_id, rle_typ_id, rle_start_dttm, pty_id) FROM stdin;
1	1	2018-10-13	1
2	1	2018-10-13	2
\.


--
-- Data for Name: role_type; Type: TABLE DATA; Schema: mochi; Owner: mochidb_owner
--

COPY mochi.role_type (rle_typ_id, rle_typ_desc) FROM stdin;
1	Customer
2	Supplier
\.


--
-- Name: role_type_rle_typ_id_seq; Type: SEQUENCE SET; Schema: mochi; Owner: mochidb_owner
--

SELECT pg_catalog.setval('mochi.role_type_rle_typ_id_seq', 1, false);


--
-- Name: role_type_role_typ_id_seq; Type: SEQUENCE SET; Schema: mochi; Owner: mochidb_owner
--

SELECT pg_catalog.setval('mochi.role_type_role_typ_id_seq', 1, false);


--
-- Data for Name: spring_session; Type: TABLE DATA; Schema: mochi; Owner: mochidb_owner
--

COPY mochi.spring_session (session_id, creation_time, last_access_time, max_inactive_interval, principal_name) FROM stdin;
\.


--
-- Data for Name: spring_session_attributes; Type: TABLE DATA; Schema: mochi; Owner: mochidb_owner
--

COPY mochi.spring_session_attributes (session_id, attribute_name, attribute_bytes) FROM stdin;
\.


--
-- Name: thing_id_seq; Type: SEQUENCE SET; Schema: mochi; Owner: mochidb_owner
--

SELECT pg_catalog.setval('mochi.thing_id_seq', 9, false);


--
-- Data for Name: authority; Type: TABLE DATA; Schema: security; Owner: security_owner
--

COPY security.authority (id, name) FROM stdin;
1	CUSTOMER_CREATE
2	CUSTOMER_READ
3	CUSTOMER_UPDATE
4	CUSTOMER_DELETE
5	PRODUCT_CREATE
6	PRODUCT_READ
7	PRODUCT_UPDATE
8	PRODUCT_DELETE
9	ROLE_PRODUCT_READER
\.


--
-- Name: authority_id_seq; Type: SEQUENCE SET; Schema: security; Owner: security_owner
--

SELECT pg_catalog.setval('security.authority_id_seq', 1, false);


--
-- Data for Name: clientdetails; Type: TABLE DATA; Schema: security; Owner: security_owner
--

COPY security.clientdetails (appid, resourceids, appsecret, scope, granttypes, redirecturl, authorities, access_token_validity, refresh_token_validity, additionalinformation, autoapprovescopes) FROM stdin;
\.


--
-- Data for Name: oauth_access_token; Type: TABLE DATA; Schema: security; Owner: security_owner
--

COPY security.oauth_access_token (token_id, token, authentication_id, user_name, client_id, authentication, refresh_token) FROM stdin;
2407fe66d6ba081dd9741d260190f7f3	\\xaced0005737200436f72672e737072696e676672616d65776f726b2e73656375726974792e6f61757468322e636f6d6d6f6e2e44656661756c744f4175746832416363657373546f6b656e0cb29e361b24face0200064c00156164646974696f6e616c496e666f726d6174696f6e74000f4c6a6176612f7574696c2f4d61703b4c000a65787069726174696f6e7400104c6a6176612f7574696c2f446174653b4c000c72656672657368546f6b656e74003f4c6f72672f737072696e676672616d65776f726b2f73656375726974792f6f61757468322f636f6d6d6f6e2f4f417574683252656672657368546f6b656e3b4c000573636f706574000f4c6a6176612f7574696c2f5365743b4c0009746f6b656e547970657400124c6a6176612f6c616e672f537472696e673b4c000576616c756571007e000578707372001e6a6176612e7574696c2e436f6c6c656374696f6e7324456d7074794d6170593614855adce7d002000078707372000e6a6176612e7574696c2e44617465686a81014b59741903000078707708000001668757b4fa787372004c6f72672e737072696e676672616d65776f726b2e73656375726974792e6f61757468322e636f6d6d6f6e2e44656661756c744578706972696e674f417574683252656672657368546f6b656e2fdf47639dd0c9b70200014c000a65787069726174696f6e71007e0002787200446f72672e737072696e676672616d65776f726b2e73656375726974792e6f61757468322e636f6d6d6f6e2e44656661756c744f417574683252656672657368546f6b656e73e10e0a6354d45e0200014c000576616c756571007e0005787074002462323739653635392d343763652d346538302d393433662d6336373965303638666265387371007e00097708000001671f8ddb1c78737200256a6176612e7574696c2e436f6c6c656374696f6e7324556e6d6f6469666961626c65536574801d92d18f9b80550200007872002c6a6176612e7574696c2e436f6c6c656374696f6e7324556e6d6f6469666961626c65436f6c6c656374696f6e19420080cb5ef71e0200014c0001637400164c6a6176612f7574696c2f436f6c6c656374696f6e3b7870737200176a6176612e7574696c2e4c696e6b656448617368536574d86cd75a95dd2a1e020000787200116a6176612e7574696c2e48617368536574ba44859596b8b7340300007870770c000000103f400000000000027400047265616474000577726974657874000662656172657274002463353662663434652d633437612d343166342d386265382d376134633637383933313930	d557e74143287f87984f133c7409755d	admin	spring-security-oauth2-read-write-client	\\xaced0005737200416f72672e737072696e676672616d65776f726b2e73656375726974792e6f61757468322e70726f76696465722e4f417574683241757468656e7469636174696f6ebd400b02166252130200024c000d73746f7265645265717565737474003c4c6f72672f737072696e676672616d65776f726b2f73656375726974792f6f61757468322f70726f76696465722f4f4175746832526571756573743b4c00127573657241757468656e7469636174696f6e7400324c6f72672f737072696e676672616d65776f726b2f73656375726974792f636f72652f41757468656e7469636174696f6e3b787200476f72672e737072696e676672616d65776f726b2e73656375726974792e61757468656e7469636174696f6e2e416273747261637441757468656e7469636174696f6e546f6b656ed3aa287e6e47640e0200035a000d61757468656e746963617465644c000b617574686f7269746965737400164c6a6176612f7574696c2f436f6c6c656374696f6e3b4c000764657461696c737400124c6a6176612f6c616e672f4f626a6563743b787000737200266a6176612e7574696c2e436f6c6c656374696f6e7324556e6d6f6469666961626c654c697374fc0f2531b5ec8e100200014c00046c6973747400104c6a6176612f7574696c2f4c6973743b7872002c6a6176612e7574696c2e436f6c6c656374696f6e7324556e6d6f6469666961626c65436f6c6c656374696f6e19420080cb5ef71e0200014c00016371007e00047870737200136a6176612e7574696c2e41727261794c6973747881d21d99c7619d03000149000473697a6578700000000977040000000973720032696f2e6a617661627261696e732e737072696e67626f6f74737461727465722e73656375726974792e417574686f726974794952ec0f5e493da00200024c000269647400104c6a6176612f6c616e672f4c6f6e673b4c00046e616d657400124c6a6176612f6c616e672f537472696e673b78707372000e6a6176612e6c616e672e4c6f6e673b8be490cc8f23df0200014a000576616c7565787200106a6176612e6c616e672e4e756d62657286ac951d0b94e08b0200007870000000000000000174000f435553544f4d45525f4352454154457371007e000d7371007e0011000000000000000274000d435553544f4d45525f524541447371007e000d7371007e0011000000000000000374000f435553544f4d45525f5550444154457371007e000d7371007e0011000000000000000474000f435553544f4d45525f44454c4554457371007e000d7371007e0011000000000000000574000e50524f445543545f4352454154457371007e000d7371007e0011000000000000000674000c50524f445543545f524541447371007e000d7371007e0011000000000000000774000e50524f445543545f5550444154457371007e000d7371007e0011000000000000000874000e50524f445543545f44454c4554457371007e000d7371007e00110000000000000009740013524f4c455f50524f445543545f5245414445527871007e000c707372003a6f72672e737072696e676672616d65776f726b2e73656375726974792e6f61757468322e70726f76696465722e4f41757468325265717565737400000000000000010200075a0008617070726f7665644c000b617574686f72697469657371007e00044c000a657874656e73696f6e7374000f4c6a6176612f7574696c2f4d61703b4c000b726564697265637455726971007e000f4c00077265667265736874003b4c6f72672f737072696e676672616d65776f726b2f73656375726974792f6f61757468322f70726f76696465722f546f6b656e526571756573743b4c000b7265736f7572636549647374000f4c6a6176612f7574696c2f5365743b4c000d726573706f6e7365547970657371007e0030787200386f72672e737072696e676672616d65776f726b2e73656375726974792e6f61757468322e70726f76696465722e426173655265717565737436287a3ea37169bd0200034c0008636c69656e74496471007e000f4c001172657175657374506172616d657465727371007e002e4c000573636f706571007e00307870740028737072696e672d73656375726974792d6f61757468322d726561642d77726974652d636c69656e74737200256a6176612e7574696c2e436f6c6c656374696f6e7324556e6d6f6469666961626c654d6170f1a5a8fe74f507420200014c00016d71007e002e7870737200116a6176612e7574696c2e486173684d61700507dac1c31660d103000246000a6c6f6164466163746f724900097468726573686f6c6478703f400000000000067708000000080000000374000a6772616e745f7479706574000870617373776f7264740009636c69656e745f6964740028737072696e672d73656375726974792d6f61757468322d726561642d77726974652d636c69656e74740008757365726e616d6574000561646d696e78737200256a6176612e7574696c2e436f6c6c656374696f6e7324556e6d6f6469666961626c65536574801d92d18f9b80550200007871007e0009737200176a6176612e7574696c2e4c696e6b656448617368536574d86cd75a95dd2a1e020000787200116a6176612e7574696c2e48617368536574ba44859596b8b7340300007870770c000000103f4000000000000274000472656164740005777269746578017371007e0041770c000000103f40000000000001737200426f72672e737072696e676672616d65776f726b2e73656375726974792e636f72652e617574686f726974792e53696d706c654772616e746564417574686f72697479000000000000019a0200014c0004726f6c6571007e000f787074000455534552787371007e00363f40000000000000770800000010000000007870707371007e0041770c000000103f400000000000017400187265736f757263652d7365727665722d726573742d617069787371007e0041770c000000103f40000000000000787372004f6f72672e737072696e676672616d65776f726b2e73656375726974792e61757468656e7469636174696f6e2e557365726e616d6550617373776f726441757468656e7469636174696f6e546f6b656e000000000000019a0200024c000b63726564656e7469616c7371007e00054c00097072696e636970616c71007e00057871007e0003017371007e00077371007e000b0000000977040000000971007e001071007e001571007e001871007e001b71007e001e71007e002171007e002471007e002771007e002a7871007e0050737200176a6176612e7574696c2e4c696e6b6564486173684d617034c04e5c106cc0fb0200015a000b6163636573734f726465727871007e00363f400000000000067708000000080000000371007e003871007e003971007e003a71007e003b71007e003c71007e003d7800707372002d696f2e6a617661627261696e732e737072696e67626f6f74737461727465722e73656375726974792e55736572a579540c8b8e43430200085a000e6163636f756e74457870697265645a000d6163636f756e744c6f636b65645a001263726564656e7469616c73457870697265645a0007656e61626c65644c000b617574686f72697469657371007e00044c0002696471007e000e4c000870617373776f726471007e000f4c0008757365726e616d6571007e000f7870000000017372002f6f72672e68696265726e6174652e636f6c6c656374696f6e2e696e7465726e616c2e50657273697374656e74426167464a645c192e1ec40200014c000362616771007e00087872003e6f72672e68696265726e6174652e636f6c6c656374696f6e2e696e7465726e616c2e416273747261637450657273697374656e74436f6c6c656374696f6e627400d05f55733c02000a5a001b616c6c6f774c6f61644f7574736964655472616e73616374696f6e49000a63616368656453697a655a000564697274795a000b696e697469616c697a65645a000d697354656d7053657373696f6e4c00036b65797400164c6a6176612f696f2f53657269616c697a61626c653b4c00056f776e657271007e00054c0004726f6c6571007e000f4c001273657373696f6e466163746f72795575696471007e000f4c000e73746f726564536e617073686f7471007e0057787000ffffffff00010071007e001371007e0054740039696f2e6a617661627261696e732e737072696e67626f6f74737461727465722e73656375726974792e557365722e617574686f726974696573707371007e000b0000000977040000000971007e001071007e001571007e001871007e001b71007e001e71007e002171007e002471007e002771007e002a787371007e000b0000000977040000000971007e001071007e001571007e001871007e001b71007e001e71007e002171007e002471007e002771007e002a7871007e001374003c243261243038247176727a515a376a4a376f7932702f6d734c344d302e6c38334364306a4e735836414a55697462675258477a6765346a303335686174000561646d696e	ffef8e233d582247424b29ec0414df35
298e22080593665220b9606cb1d2b673	\\xaced0005737200436f72672e737072696e676672616d65776f726b2e73656375726974792e6f61757468322e636f6d6d6f6e2e44656661756c744f4175746832416363657373546f6b656e0cb29e361b24face0200064c00156164646974696f6e616c496e666f726d6174696f6e74000f4c6a6176612f7574696c2f4d61703b4c000a65787069726174696f6e7400104c6a6176612f7574696c2f446174653b4c000c72656672657368546f6b656e74003f4c6f72672f737072696e676672616d65776f726b2f73656375726974792f6f61757468322f636f6d6d6f6e2f4f417574683252656672657368546f6b656e3b4c000573636f706574000f4c6a6176612f7574696c2f5365743b4c0009746f6b656e547970657400124c6a6176612f6c616e672f537472696e673b4c000576616c756571007e000578707372001e6a6176612e7574696c2e436f6c6c656374696f6e7324456d7074794d6170593614855adce7d002000078707372000e6a6176612e7574696c2e44617465686a81014b5974190300007870770800000166875de40c787372004c6f72672e737072696e676672616d65776f726b2e73656375726974792e6f61757468322e636f6d6d6f6e2e44656661756c744578706972696e674f417574683252656672657368546f6b656e2fdf47639dd0c9b70200014c000a65787069726174696f6e71007e0002787200446f72672e737072696e676672616d65776f726b2e73656375726974792e6f61757468322e636f6d6d6f6e2e44656661756c744f417574683252656672657368546f6b656e73e10e0a6354d45e0200014c000576616c756571007e0005787074002432613033616535342d626161632d343330312d393430652d6630373463386633353961657371007e00097708000001672137e08b78737200256a6176612e7574696c2e436f6c6c656374696f6e7324556e6d6f6469666961626c65536574801d92d18f9b80550200007872002c6a6176612e7574696c2e436f6c6c656374696f6e7324556e6d6f6469666961626c65436f6c6c656374696f6e19420080cb5ef71e0200014c0001637400164c6a6176612f7574696c2f436f6c6c656374696f6e3b7870737200176a6176612e7574696c2e4c696e6b656448617368536574d86cd75a95dd2a1e020000787200116a6176612e7574696c2e48617368536574ba44859596b8b7340300007870770c000000103f40000000000001740004726561647874000662656172657274002463626339663564372d303061372d343930342d393063652d333361333266653233386366	04eb1c0fab5d2d4a5221032a9cbc3d08	admin	spring-security-oauth2-read-client	\\xaced0005737200416f72672e737072696e676672616d65776f726b2e73656375726974792e6f61757468322e70726f76696465722e4f417574683241757468656e7469636174696f6ebd400b02166252130200024c000d73746f7265645265717565737474003c4c6f72672f737072696e676672616d65776f726b2f73656375726974792f6f61757468322f70726f76696465722f4f4175746832526571756573743b4c00127573657241757468656e7469636174696f6e7400324c6f72672f737072696e676672616d65776f726b2f73656375726974792f636f72652f41757468656e7469636174696f6e3b787200476f72672e737072696e676672616d65776f726b2e73656375726974792e61757468656e7469636174696f6e2e416273747261637441757468656e7469636174696f6e546f6b656ed3aa287e6e47640e0200035a000d61757468656e746963617465644c000b617574686f7269746965737400164c6a6176612f7574696c2f436f6c6c656374696f6e3b4c000764657461696c737400124c6a6176612f6c616e672f4f626a6563743b787000737200266a6176612e7574696c2e436f6c6c656374696f6e7324556e6d6f6469666961626c654c697374fc0f2531b5ec8e100200014c00046c6973747400104c6a6176612f7574696c2f4c6973743b7872002c6a6176612e7574696c2e436f6c6c656374696f6e7324556e6d6f6469666961626c65436f6c6c656374696f6e19420080cb5ef71e0200014c00016371007e00047870737200136a6176612e7574696c2e41727261794c6973747881d21d99c7619d03000149000473697a6578700000000977040000000973720032696f2e6a617661627261696e732e737072696e67626f6f74737461727465722e73656375726974792e417574686f726974794952ec0f5e493da00200024c000269647400104c6a6176612f6c616e672f4c6f6e673b4c00046e616d657400124c6a6176612f6c616e672f537472696e673b78707372000e6a6176612e6c616e672e4c6f6e673b8be490cc8f23df0200014a000576616c7565787200106a6176612e6c616e672e4e756d62657286ac951d0b94e08b0200007870000000000000000174000f435553544f4d45525f4352454154457371007e000d7371007e0011000000000000000274000d435553544f4d45525f524541447371007e000d7371007e0011000000000000000374000f435553544f4d45525f5550444154457371007e000d7371007e0011000000000000000474000f435553544f4d45525f44454c4554457371007e000d7371007e0011000000000000000574000e50524f445543545f4352454154457371007e000d7371007e0011000000000000000674000c50524f445543545f524541447371007e000d7371007e0011000000000000000774000e50524f445543545f5550444154457371007e000d7371007e0011000000000000000874000e50524f445543545f44454c4554457371007e000d7371007e00110000000000000009740013524f4c455f50524f445543545f5245414445527871007e000c707372003a6f72672e737072696e676672616d65776f726b2e73656375726974792e6f61757468322e70726f76696465722e4f41757468325265717565737400000000000000010200075a0008617070726f7665644c000b617574686f72697469657371007e00044c000a657874656e73696f6e7374000f4c6a6176612f7574696c2f4d61703b4c000b726564697265637455726971007e000f4c00077265667265736874003b4c6f72672f737072696e676672616d65776f726b2f73656375726974792f6f61757468322f70726f76696465722f546f6b656e526571756573743b4c000b7265736f7572636549647374000f4c6a6176612f7574696c2f5365743b4c000d726573706f6e7365547970657371007e0030787200386f72672e737072696e676672616d65776f726b2e73656375726974792e6f61757468322e70726f76696465722e426173655265717565737436287a3ea37169bd0200034c0008636c69656e74496471007e000f4c001172657175657374506172616d657465727371007e002e4c000573636f706571007e00307870740022737072696e672d73656375726974792d6f61757468322d726561642d636c69656e74737200256a6176612e7574696c2e436f6c6c656374696f6e7324556e6d6f6469666961626c654d6170f1a5a8fe74f507420200014c00016d71007e002e7870737200116a6176612e7574696c2e486173684d61700507dac1c31660d103000246000a6c6f6164466163746f724900097468726573686f6c6478703f400000000000067708000000080000000374000a6772616e745f7479706574000870617373776f7264740009636c69656e745f6964740022737072696e672d73656375726974792d6f61757468322d726561642d636c69656e74740008757365726e616d6574000561646d696e78737200256a6176612e7574696c2e436f6c6c656374696f6e7324556e6d6f6469666961626c65536574801d92d18f9b80550200007871007e0009737200176a6176612e7574696c2e4c696e6b656448617368536574d86cd75a95dd2a1e020000787200116a6176612e7574696c2e48617368536574ba44859596b8b7340300007870770c000000103f400000000000017400047265616478017371007e0041770c000000103f40000000000001737200426f72672e737072696e676672616d65776f726b2e73656375726974792e636f72652e617574686f726974792e53696d706c654772616e746564417574686f72697479000000000000019a0200014c0004726f6c6571007e000f787074000455534552787371007e00363f40000000000000770800000010000000007870707371007e0041770c000000103f400000000000017400187265736f757263652d7365727665722d726573742d617069787371007e0041770c000000103f40000000000000787372004f6f72672e737072696e676672616d65776f726b2e73656375726974792e61757468656e7469636174696f6e2e557365726e616d6550617373776f726441757468656e7469636174696f6e546f6b656e000000000000019a0200024c000b63726564656e7469616c7371007e00054c00097072696e636970616c71007e00057871007e0003017371007e00077371007e000b0000000977040000000971007e001071007e001571007e001871007e001b71007e001e71007e002171007e002471007e002771007e002a7871007e004f737200176a6176612e7574696c2e4c696e6b6564486173684d617034c04e5c106cc0fb0200015a000b6163636573734f726465727871007e00363f400000000000067708000000080000000371007e003871007e003971007e003a71007e003b71007e003c71007e003d7800707372002d696f2e6a617661627261696e732e737072696e67626f6f74737461727465722e73656375726974792e55736572a579540c8b8e43430200085a000e6163636f756e74457870697265645a000d6163636f756e744c6f636b65645a001263726564656e7469616c73457870697265645a0007656e61626c65644c000b617574686f72697469657371007e00044c0002696471007e000e4c000870617373776f726471007e000f4c0008757365726e616d6571007e000f7870000000017372002f6f72672e68696265726e6174652e636f6c6c656374696f6e2e696e7465726e616c2e50657273697374656e74426167464a645c192e1ec40200014c000362616771007e00087872003e6f72672e68696265726e6174652e636f6c6c656374696f6e2e696e7465726e616c2e416273747261637450657273697374656e74436f6c6c656374696f6e627400d05f55733c02000a5a001b616c6c6f774c6f61644f7574736964655472616e73616374696f6e49000a63616368656453697a655a000564697274795a000b696e697469616c697a65645a000d697354656d7053657373696f6e4c00036b65797400164c6a6176612f696f2f53657269616c697a61626c653b4c00056f776e657271007e00054c0004726f6c6571007e000f4c001273657373696f6e466163746f72795575696471007e000f4c000e73746f726564536e617073686f7471007e0056787000ffffffff00010071007e001371007e0053740039696f2e6a617661627261696e732e737072696e67626f6f74737461727465722e73656375726974792e557365722e617574686f726974696573707371007e000b0000000977040000000971007e001071007e001571007e001871007e001b71007e001e71007e002171007e002471007e002771007e002a787371007e000b0000000977040000000971007e001071007e001571007e001871007e001b71007e001e71007e002171007e002471007e002771007e002a7871007e001374003c243261243038247176727a515a376a4a376f7932702f6d734c344d302e6c38334364306a4e735836414a55697462675258477a6765346a303335686174000561646d696e	6b1aa181f5d152c5b1944349309332e4
\.


--
-- Data for Name: oauth_approvals; Type: TABLE DATA; Schema: security; Owner: security_owner
--

COPY security.oauth_approvals (userid, clientid, scope, status, expiresat, lastmodifiedat) FROM stdin;
\.


--
-- Data for Name: oauth_client_details; Type: TABLE DATA; Schema: security; Owner: security_owner
--

COPY security.oauth_client_details (client_id, resource_ids, client_secret, scope, authorized_grant_types, web_server_redirect_uri, authorities, access_token_validity, refresh_token_validity, additional_information, autoapprove) FROM stdin;
spring-security-oauth2-read-client	resource-server-rest-api	$2a$04$WGq2P9egiOYoOFemBRfsiO9qTcyJtNRnPKNBl5tokP7IP.eZn93km	read	password,authorization_code,refresh_token,implicit	\N	USER	10800	2592000	\N	\N
spring-security-oauth2-read-write-client	resource-server-rest-api	$2a$04$soeOR.QFmClXeFIrhJVLWOQxfHjsJLSpWrU1iGxcMGdu.a5hvfY4W	read,write	password,authorization_code,refresh_token,implicit	\N	USER	10800	2592000	\N	\N
\.


--
-- Data for Name: oauth_client_token; Type: TABLE DATA; Schema: security; Owner: security_owner
--

COPY security.oauth_client_token (token_id, token, authentication_id, user_name, client_id) FROM stdin;
\.


--
-- Data for Name: oauth_code; Type: TABLE DATA; Schema: security; Owner: security_owner
--

COPY security.oauth_code (code, authentication) FROM stdin;
\.


--
-- Data for Name: oauth_refresh_token; Type: TABLE DATA; Schema: security; Owner: security_owner
--

COPY security.oauth_refresh_token (token_id, token, authentication) FROM stdin;
98b0c15e8eaa4d20197a7b20025ad7d3	\\xaced00057372004c6f72672e737072696e676672616d65776f726b2e73656375726974792e6f61757468322e636f6d6d6f6e2e44656661756c744578706972696e674f417574683252656672657368546f6b656e2fdf47639dd0c9b70200014c000a65787069726174696f6e7400104c6a6176612f7574696c2f446174653b787200446f72672e737072696e676672616d65776f726b2e73656375726974792e6f61757468322e636f6d6d6f6e2e44656661756c744f417574683252656672657368546f6b656e73e10e0a6354d45e0200014c000576616c75657400124c6a6176612f6c616e672f537472696e673b787074002465663739373032362d643531322d343231392d386632362d3030333939326430333064617372000e6a6176612e7574696c2e44617465686a81014b59741903000078707708000001671f8b6f5578	\\xaced0005737200416f72672e737072696e676672616d65776f726b2e73656375726974792e6f61757468322e70726f76696465722e4f417574683241757468656e7469636174696f6ebd400b02166252130200024c000d73746f7265645265717565737474003c4c6f72672f737072696e676672616d65776f726b2f73656375726974792f6f61757468322f70726f76696465722f4f4175746832526571756573743b4c00127573657241757468656e7469636174696f6e7400324c6f72672f737072696e676672616d65776f726b2f73656375726974792f636f72652f41757468656e7469636174696f6e3b787200476f72672e737072696e676672616d65776f726b2e73656375726974792e61757468656e7469636174696f6e2e416273747261637441757468656e7469636174696f6e546f6b656ed3aa287e6e47640e0200035a000d61757468656e746963617465644c000b617574686f7269746965737400164c6a6176612f7574696c2f436f6c6c656374696f6e3b4c000764657461696c737400124c6a6176612f6c616e672f4f626a6563743b787000737200266a6176612e7574696c2e436f6c6c656374696f6e7324556e6d6f6469666961626c654c697374fc0f2531b5ec8e100200014c00046c6973747400104c6a6176612f7574696c2f4c6973743b7872002c6a6176612e7574696c2e436f6c6c656374696f6e7324556e6d6f6469666961626c65436f6c6c656374696f6e19420080cb5ef71e0200014c00016371007e00047870737200136a6176612e7574696c2e41727261794c6973747881d21d99c7619d03000149000473697a657870000000097704000000097372002e696f2e6a617661627261696e732e737072696e67626f6f74737461727465722e757365722e417574686f726974799655eedc2f1cc8e70200024c000269647400104c6a6176612f6c616e672f4c6f6e673b4c00046e616d657400124c6a6176612f6c616e672f537472696e673b78707372000e6a6176612e6c616e672e4c6f6e673b8be490cc8f23df0200014a000576616c7565787200106a6176612e6c616e672e4e756d62657286ac951d0b94e08b0200007870000000000000000174000e434f4d50414e595f4352454154457371007e000d7371007e0011000000000000000274000c434f4d50414e595f524541447371007e000d7371007e0011000000000000000374000e434f4d50414e595f5550444154457371007e000d7371007e0011000000000000000474000e434f4d50414e595f44454c4554457371007e000d7371007e001100000000000000057400114445504152544d454e545f4352454154457371007e000d7371007e0011000000000000000674000f4445504152544d454e545f524541447371007e000d7371007e001100000000000000077400114445504152544d454e545f5550444154457371007e000d7371007e001100000000000000087400114445504152544d454e545f44454c4554457371007e000d7371007e00110000000000000009740013524f4c455f434f4d50414e595f5245414445527871007e000c707372003a6f72672e737072696e676672616d65776f726b2e73656375726974792e6f61757468322e70726f76696465722e4f41757468325265717565737400000000000000010200075a0008617070726f7665644c000b617574686f72697469657371007e00044c000a657874656e73696f6e7374000f4c6a6176612f7574696c2f4d61703b4c000b726564697265637455726971007e000f4c00077265667265736874003b4c6f72672f737072696e676672616d65776f726b2f73656375726974792f6f61757468322f70726f76696465722f546f6b656e526571756573743b4c000b7265736f7572636549647374000f4c6a6176612f7574696c2f5365743b4c000d726573706f6e7365547970657371007e0030787200386f72672e737072696e676672616d65776f726b2e73656375726974792e6f61757468322e70726f76696465722e426173655265717565737436287a3ea37169bd0200034c0008636c69656e74496471007e000f4c001172657175657374506172616d657465727371007e002e4c000573636f706571007e00307870740028737072696e672d73656375726974792d6f61757468322d726561642d77726974652d636c69656e74737200256a6176612e7574696c2e436f6c6c656374696f6e7324556e6d6f6469666961626c654d6170f1a5a8fe74f507420200014c00016d71007e002e7870737200116a6176612e7574696c2e486173684d61700507dac1c31660d103000246000a6c6f6164466163746f724900097468726573686f6c6478703f400000000000067708000000080000000374000a6772616e745f7479706574000870617373776f7264740009636c69656e745f6964740028737072696e672d73656375726974792d6f61757468322d726561642d77726974652d636c69656e74740008757365726e616d6574000561646d696e78737200256a6176612e7574696c2e436f6c6c656374696f6e7324556e6d6f6469666961626c65536574801d92d18f9b80550200007871007e0009737200176a6176612e7574696c2e4c696e6b656448617368536574d86cd75a95dd2a1e020000787200116a6176612e7574696c2e48617368536574ba44859596b8b7340300007870770c000000103f4000000000000274000472656164740005777269746578017371007e0041770c000000103f40000000000001737200426f72672e737072696e676672616d65776f726b2e73656375726974792e636f72652e617574686f726974792e53696d706c654772616e746564417574686f72697479000000000000019a0200014c0004726f6c6571007e000f787074000455534552787371007e00363f40000000000000770800000010000000007870707371007e0041770c000000103f400000000000017400187265736f757263652d7365727665722d726573742d617069787371007e0041770c000000103f40000000000000787372004f6f72672e737072696e676672616d65776f726b2e73656375726974792e61757468656e7469636174696f6e2e557365726e616d6550617373776f726441757468656e7469636174696f6e546f6b656e000000000000019a0200024c000b63726564656e7469616c7371007e00054c00097072696e636970616c71007e00057871007e0003017371007e00077371007e000b0000000977040000000971007e001071007e001571007e001871007e001b71007e001e71007e002171007e002471007e002771007e002a7871007e0050737200176a6176612e7574696c2e4c696e6b6564486173684d617034c04e5c106cc0fb0200015a000b6163636573734f726465727871007e00363f400000000000067708000000080000000371007e003871007e003971007e003a71007e003b71007e003c71007e003d78007073720029696f2e6a617661627261696e732e737072696e67626f6f74737461727465722e757365722e55736572b50960df68f89e140200085a000e6163636f756e74457870697265645a000d6163636f756e744c6f636b65645a001263726564656e7469616c73457870697265645a0007656e61626c65644c000b617574686f72697469657371007e00044c0002696471007e000e4c000870617373776f726471007e000f4c0008757365726e616d6571007e000f7870000000017372002f6f72672e68696265726e6174652e636f6c6c656374696f6e2e696e7465726e616c2e50657273697374656e74426167464a645c192e1ec40200014c000362616771007e00087872003e6f72672e68696265726e6174652e636f6c6c656374696f6e2e696e7465726e616c2e416273747261637450657273697374656e74436f6c6c656374696f6e627400d05f55733c02000a5a001b616c6c6f774c6f61644f7574736964655472616e73616374696f6e49000a63616368656453697a655a000564697274795a000b696e697469616c697a65645a000d697354656d7053657373696f6e4c00036b65797400164c6a6176612f696f2f53657269616c697a61626c653b4c00056f776e657271007e00054c0004726f6c6571007e000f4c001273657373696f6e466163746f72795575696471007e000f4c000e73746f726564536e617073686f7471007e0057787000ffffffff00010071007e001371007e0054740035696f2e6a617661627261696e732e737072696e67626f6f74737461727465722e757365722e557365722e617574686f726974696573707371007e000b0000000977040000000971007e001071007e001571007e001871007e001b71007e001e71007e002171007e002471007e002771007e002a787371007e000b0000000977040000000971007e001071007e001571007e001871007e001b71007e001e71007e002171007e002471007e002771007e002a7871007e001374003c243261243038247176727a515a376a4a376f7932702f6d734c344d302e6c38334364306a4e735836414a55697462675258477a6765346a303335686174000561646d696e
ffef8e233d582247424b29ec0414df35	\\xaced00057372004c6f72672e737072696e676672616d65776f726b2e73656375726974792e6f61757468322e636f6d6d6f6e2e44656661756c744578706972696e674f417574683252656672657368546f6b656e2fdf47639dd0c9b70200014c000a65787069726174696f6e7400104c6a6176612f7574696c2f446174653b787200446f72672e737072696e676672616d65776f726b2e73656375726974792e6f61757468322e636f6d6d6f6e2e44656661756c744f417574683252656672657368546f6b656e73e10e0a6354d45e0200014c000576616c75657400124c6a6176612f6c616e672f537472696e673b787074002462323739653635392d343763652d346538302d393433662d6336373965303638666265387372000e6a6176612e7574696c2e44617465686a81014b59741903000078707708000001671f8ddb1c78	\\xaced0005737200416f72672e737072696e676672616d65776f726b2e73656375726974792e6f61757468322e70726f76696465722e4f417574683241757468656e7469636174696f6ebd400b02166252130200024c000d73746f7265645265717565737474003c4c6f72672f737072696e676672616d65776f726b2f73656375726974792f6f61757468322f70726f76696465722f4f4175746832526571756573743b4c00127573657241757468656e7469636174696f6e7400324c6f72672f737072696e676672616d65776f726b2f73656375726974792f636f72652f41757468656e7469636174696f6e3b787200476f72672e737072696e676672616d65776f726b2e73656375726974792e61757468656e7469636174696f6e2e416273747261637441757468656e7469636174696f6e546f6b656ed3aa287e6e47640e0200035a000d61757468656e746963617465644c000b617574686f7269746965737400164c6a6176612f7574696c2f436f6c6c656374696f6e3b4c000764657461696c737400124c6a6176612f6c616e672f4f626a6563743b787000737200266a6176612e7574696c2e436f6c6c656374696f6e7324556e6d6f6469666961626c654c697374fc0f2531b5ec8e100200014c00046c6973747400104c6a6176612f7574696c2f4c6973743b7872002c6a6176612e7574696c2e436f6c6c656374696f6e7324556e6d6f6469666961626c65436f6c6c656374696f6e19420080cb5ef71e0200014c00016371007e00047870737200136a6176612e7574696c2e41727261794c6973747881d21d99c7619d03000149000473697a6578700000000977040000000973720032696f2e6a617661627261696e732e737072696e67626f6f74737461727465722e73656375726974792e417574686f726974794952ec0f5e493da00200024c000269647400104c6a6176612f6c616e672f4c6f6e673b4c00046e616d657400124c6a6176612f6c616e672f537472696e673b78707372000e6a6176612e6c616e672e4c6f6e673b8be490cc8f23df0200014a000576616c7565787200106a6176612e6c616e672e4e756d62657286ac951d0b94e08b0200007870000000000000000174000f435553544f4d45525f4352454154457371007e000d7371007e0011000000000000000274000d435553544f4d45525f524541447371007e000d7371007e0011000000000000000374000f435553544f4d45525f5550444154457371007e000d7371007e0011000000000000000474000f435553544f4d45525f44454c4554457371007e000d7371007e0011000000000000000574000e50524f445543545f4352454154457371007e000d7371007e0011000000000000000674000c50524f445543545f524541447371007e000d7371007e0011000000000000000774000e50524f445543545f5550444154457371007e000d7371007e0011000000000000000874000e50524f445543545f44454c4554457371007e000d7371007e00110000000000000009740013524f4c455f50524f445543545f5245414445527871007e000c707372003a6f72672e737072696e676672616d65776f726b2e73656375726974792e6f61757468322e70726f76696465722e4f41757468325265717565737400000000000000010200075a0008617070726f7665644c000b617574686f72697469657371007e00044c000a657874656e73696f6e7374000f4c6a6176612f7574696c2f4d61703b4c000b726564697265637455726971007e000f4c00077265667265736874003b4c6f72672f737072696e676672616d65776f726b2f73656375726974792f6f61757468322f70726f76696465722f546f6b656e526571756573743b4c000b7265736f7572636549647374000f4c6a6176612f7574696c2f5365743b4c000d726573706f6e7365547970657371007e0030787200386f72672e737072696e676672616d65776f726b2e73656375726974792e6f61757468322e70726f76696465722e426173655265717565737436287a3ea37169bd0200034c0008636c69656e74496471007e000f4c001172657175657374506172616d657465727371007e002e4c000573636f706571007e00307870740028737072696e672d73656375726974792d6f61757468322d726561642d77726974652d636c69656e74737200256a6176612e7574696c2e436f6c6c656374696f6e7324556e6d6f6469666961626c654d6170f1a5a8fe74f507420200014c00016d71007e002e7870737200116a6176612e7574696c2e486173684d61700507dac1c31660d103000246000a6c6f6164466163746f724900097468726573686f6c6478703f400000000000067708000000080000000374000a6772616e745f7479706574000870617373776f7264740009636c69656e745f6964740028737072696e672d73656375726974792d6f61757468322d726561642d77726974652d636c69656e74740008757365726e616d6574000561646d696e78737200256a6176612e7574696c2e436f6c6c656374696f6e7324556e6d6f6469666961626c65536574801d92d18f9b80550200007871007e0009737200176a6176612e7574696c2e4c696e6b656448617368536574d86cd75a95dd2a1e020000787200116a6176612e7574696c2e48617368536574ba44859596b8b7340300007870770c000000103f4000000000000274000472656164740005777269746578017371007e0041770c000000103f40000000000001737200426f72672e737072696e676672616d65776f726b2e73656375726974792e636f72652e617574686f726974792e53696d706c654772616e746564417574686f72697479000000000000019a0200014c0004726f6c6571007e000f787074000455534552787371007e00363f40000000000000770800000010000000007870707371007e0041770c000000103f400000000000017400187265736f757263652d7365727665722d726573742d617069787371007e0041770c000000103f40000000000000787372004f6f72672e737072696e676672616d65776f726b2e73656375726974792e61757468656e7469636174696f6e2e557365726e616d6550617373776f726441757468656e7469636174696f6e546f6b656e000000000000019a0200024c000b63726564656e7469616c7371007e00054c00097072696e636970616c71007e00057871007e0003017371007e00077371007e000b0000000977040000000971007e001071007e001571007e001871007e001b71007e001e71007e002171007e002471007e002771007e002a7871007e0050737200176a6176612e7574696c2e4c696e6b6564486173684d617034c04e5c106cc0fb0200015a000b6163636573734f726465727871007e00363f400000000000067708000000080000000371007e003871007e003971007e003a71007e003b71007e003c71007e003d7800707372002d696f2e6a617661627261696e732e737072696e67626f6f74737461727465722e73656375726974792e55736572a579540c8b8e43430200085a000e6163636f756e74457870697265645a000d6163636f756e744c6f636b65645a001263726564656e7469616c73457870697265645a0007656e61626c65644c000b617574686f72697469657371007e00044c0002696471007e000e4c000870617373776f726471007e000f4c0008757365726e616d6571007e000f7870000000017372002f6f72672e68696265726e6174652e636f6c6c656374696f6e2e696e7465726e616c2e50657273697374656e74426167464a645c192e1ec40200014c000362616771007e00087872003e6f72672e68696265726e6174652e636f6c6c656374696f6e2e696e7465726e616c2e416273747261637450657273697374656e74436f6c6c656374696f6e627400d05f55733c02000a5a001b616c6c6f774c6f61644f7574736964655472616e73616374696f6e49000a63616368656453697a655a000564697274795a000b696e697469616c697a65645a000d697354656d7053657373696f6e4c00036b65797400164c6a6176612f696f2f53657269616c697a61626c653b4c00056f776e657271007e00054c0004726f6c6571007e000f4c001273657373696f6e466163746f72795575696471007e000f4c000e73746f726564536e617073686f7471007e0057787000ffffffff00010071007e001371007e0054740039696f2e6a617661627261696e732e737072696e67626f6f74737461727465722e73656375726974792e557365722e617574686f726974696573707371007e000b0000000977040000000971007e001071007e001571007e001871007e001b71007e001e71007e002171007e002471007e002771007e002a787371007e000b0000000977040000000971007e001071007e001571007e001871007e001b71007e001e71007e002171007e002471007e002771007e002a7871007e001374003c243261243038247176727a515a376a4a376f7932702f6d734c344d302e6c38334364306a4e735836414a55697462675258477a6765346a303335686174000561646d696e
6b1aa181f5d152c5b1944349309332e4	\\xaced00057372004c6f72672e737072696e676672616d65776f726b2e73656375726974792e6f61757468322e636f6d6d6f6e2e44656661756c744578706972696e674f417574683252656672657368546f6b656e2fdf47639dd0c9b70200014c000a65787069726174696f6e7400104c6a6176612f7574696c2f446174653b787200446f72672e737072696e676672616d65776f726b2e73656375726974792e6f61757468322e636f6d6d6f6e2e44656661756c744f417574683252656672657368546f6b656e73e10e0a6354d45e0200014c000576616c75657400124c6a6176612f6c616e672f537472696e673b787074002432613033616535342d626161632d343330312d393430652d6630373463386633353961657372000e6a6176612e7574696c2e44617465686a81014b59741903000078707708000001672137e08b78	\\xaced0005737200416f72672e737072696e676672616d65776f726b2e73656375726974792e6f61757468322e70726f76696465722e4f417574683241757468656e7469636174696f6ebd400b02166252130200024c000d73746f7265645265717565737474003c4c6f72672f737072696e676672616d65776f726b2f73656375726974792f6f61757468322f70726f76696465722f4f4175746832526571756573743b4c00127573657241757468656e7469636174696f6e7400324c6f72672f737072696e676672616d65776f726b2f73656375726974792f636f72652f41757468656e7469636174696f6e3b787200476f72672e737072696e676672616d65776f726b2e73656375726974792e61757468656e7469636174696f6e2e416273747261637441757468656e7469636174696f6e546f6b656ed3aa287e6e47640e0200035a000d61757468656e746963617465644c000b617574686f7269746965737400164c6a6176612f7574696c2f436f6c6c656374696f6e3b4c000764657461696c737400124c6a6176612f6c616e672f4f626a6563743b787000737200266a6176612e7574696c2e436f6c6c656374696f6e7324556e6d6f6469666961626c654c697374fc0f2531b5ec8e100200014c00046c6973747400104c6a6176612f7574696c2f4c6973743b7872002c6a6176612e7574696c2e436f6c6c656374696f6e7324556e6d6f6469666961626c65436f6c6c656374696f6e19420080cb5ef71e0200014c00016371007e00047870737200136a6176612e7574696c2e41727261794c6973747881d21d99c7619d03000149000473697a6578700000000977040000000973720032696f2e6a617661627261696e732e737072696e67626f6f74737461727465722e73656375726974792e417574686f726974794952ec0f5e493da00200024c000269647400104c6a6176612f6c616e672f4c6f6e673b4c00046e616d657400124c6a6176612f6c616e672f537472696e673b78707372000e6a6176612e6c616e672e4c6f6e673b8be490cc8f23df0200014a000576616c7565787200106a6176612e6c616e672e4e756d62657286ac951d0b94e08b0200007870000000000000000174000f435553544f4d45525f4352454154457371007e000d7371007e0011000000000000000274000d435553544f4d45525f524541447371007e000d7371007e0011000000000000000374000f435553544f4d45525f5550444154457371007e000d7371007e0011000000000000000474000f435553544f4d45525f44454c4554457371007e000d7371007e0011000000000000000574000e50524f445543545f4352454154457371007e000d7371007e0011000000000000000674000c50524f445543545f524541447371007e000d7371007e0011000000000000000774000e50524f445543545f5550444154457371007e000d7371007e0011000000000000000874000e50524f445543545f44454c4554457371007e000d7371007e00110000000000000009740013524f4c455f50524f445543545f5245414445527871007e000c707372003a6f72672e737072696e676672616d65776f726b2e73656375726974792e6f61757468322e70726f76696465722e4f41757468325265717565737400000000000000010200075a0008617070726f7665644c000b617574686f72697469657371007e00044c000a657874656e73696f6e7374000f4c6a6176612f7574696c2f4d61703b4c000b726564697265637455726971007e000f4c00077265667265736874003b4c6f72672f737072696e676672616d65776f726b2f73656375726974792f6f61757468322f70726f76696465722f546f6b656e526571756573743b4c000b7265736f7572636549647374000f4c6a6176612f7574696c2f5365743b4c000d726573706f6e7365547970657371007e0030787200386f72672e737072696e676672616d65776f726b2e73656375726974792e6f61757468322e70726f76696465722e426173655265717565737436287a3ea37169bd0200034c0008636c69656e74496471007e000f4c001172657175657374506172616d657465727371007e002e4c000573636f706571007e00307870740022737072696e672d73656375726974792d6f61757468322d726561642d636c69656e74737200256a6176612e7574696c2e436f6c6c656374696f6e7324556e6d6f6469666961626c654d6170f1a5a8fe74f507420200014c00016d71007e002e7870737200116a6176612e7574696c2e486173684d61700507dac1c31660d103000246000a6c6f6164466163746f724900097468726573686f6c6478703f400000000000067708000000080000000374000a6772616e745f7479706574000870617373776f7264740009636c69656e745f6964740022737072696e672d73656375726974792d6f61757468322d726561642d636c69656e74740008757365726e616d6574000561646d696e78737200256a6176612e7574696c2e436f6c6c656374696f6e7324556e6d6f6469666961626c65536574801d92d18f9b80550200007871007e0009737200176a6176612e7574696c2e4c696e6b656448617368536574d86cd75a95dd2a1e020000787200116a6176612e7574696c2e48617368536574ba44859596b8b7340300007870770c000000103f400000000000017400047265616478017371007e0041770c000000103f40000000000001737200426f72672e737072696e676672616d65776f726b2e73656375726974792e636f72652e617574686f726974792e53696d706c654772616e746564417574686f72697479000000000000019a0200014c0004726f6c6571007e000f787074000455534552787371007e00363f40000000000000770800000010000000007870707371007e0041770c000000103f400000000000017400187265736f757263652d7365727665722d726573742d617069787371007e0041770c000000103f40000000000000787372004f6f72672e737072696e676672616d65776f726b2e73656375726974792e61757468656e7469636174696f6e2e557365726e616d6550617373776f726441757468656e7469636174696f6e546f6b656e000000000000019a0200024c000b63726564656e7469616c7371007e00054c00097072696e636970616c71007e00057871007e0003017371007e00077371007e000b0000000977040000000971007e001071007e001571007e001871007e001b71007e001e71007e002171007e002471007e002771007e002a7871007e004f737200176a6176612e7574696c2e4c696e6b6564486173684d617034c04e5c106cc0fb0200015a000b6163636573734f726465727871007e00363f400000000000067708000000080000000371007e003871007e003971007e003a71007e003b71007e003c71007e003d7800707372002d696f2e6a617661627261696e732e737072696e67626f6f74737461727465722e73656375726974792e55736572a579540c8b8e43430200085a000e6163636f756e74457870697265645a000d6163636f756e744c6f636b65645a001263726564656e7469616c73457870697265645a0007656e61626c65644c000b617574686f72697469657371007e00044c0002696471007e000e4c000870617373776f726471007e000f4c0008757365726e616d6571007e000f7870000000017372002f6f72672e68696265726e6174652e636f6c6c656374696f6e2e696e7465726e616c2e50657273697374656e74426167464a645c192e1ec40200014c000362616771007e00087872003e6f72672e68696265726e6174652e636f6c6c656374696f6e2e696e7465726e616c2e416273747261637450657273697374656e74436f6c6c656374696f6e627400d05f55733c02000a5a001b616c6c6f774c6f61644f7574736964655472616e73616374696f6e49000a63616368656453697a655a000564697274795a000b696e697469616c697a65645a000d697354656d7053657373696f6e4c00036b65797400164c6a6176612f696f2f53657269616c697a61626c653b4c00056f776e657271007e00054c0004726f6c6571007e000f4c001273657373696f6e466163746f72795575696471007e000f4c000e73746f726564536e617073686f7471007e0056787000ffffffff00010071007e001371007e0053740039696f2e6a617661627261696e732e737072696e67626f6f74737461727465722e73656375726974792e557365722e617574686f726974696573707371007e000b0000000977040000000971007e001071007e001571007e001871007e001b71007e001e71007e002171007e002471007e002771007e002a787371007e000b0000000977040000000971007e001071007e001571007e001871007e001b71007e001e71007e002171007e002471007e002771007e002a7871007e001374003c243261243038247176727a515a376a4a376f7932702f6d734c344d302e6c38334364306a4e735836414a55697462675258477a6765346a303335686174000561646d696e
\.


--
-- Data for Name: user_; Type: TABLE DATA; Schema: security; Owner: security_owner
--

COPY security.user_ (id, account_expired, account_locked, credentials_expired, enabled, password, user_name) FROM stdin;
1	f	f	f	t	$2a$08$qvrzQZ7jJ7oy2p/msL4M0.l83Cd0jNsX6AJUitbgRXGzge4j035ha	admin
2	f	f	f	t	$2a$08$dwYz8O.qtUXboGosJFsS4u19LHKW7aCQ0LXXuNlRfjjGKwj5NfKSe	reader
3	f	f	f	t	$2a$08$kPjzxewXRGNRiIuL4FtQH.mhMn7ZAFBYKB3ROz.J24IX8vDAcThsG	modifier
4	f	f	f	t	$2a$08$vVXqh6S8TqfHMs1SlNTu/.J25iUCrpGBpyGExA.9yI.IlDRadR6Ea	reader2
\.


--
-- Name: user__id_seq; Type: SEQUENCE SET; Schema: security; Owner: security_owner
--

SELECT pg_catalog.setval('security.user__id_seq', 1, false);


--
-- Data for Name: users_authorities; Type: TABLE DATA; Schema: security; Owner: security_owner
--

COPY security.users_authorities (user_id, authority_id) FROM stdin;
1	1
1	2
1	3
1	4
1	5
1	6
1	7
1	8
1	9
2	2
2	6
3	3
3	7
4	9
\.


--
-- Name: customer_cst_id_key; Type: CONSTRAINT; Schema: mochi; Owner: mochidb_owner
--

ALTER TABLE ONLY mochi.customer
    ADD CONSTRAINT customer_cst_id_key UNIQUE (cst_id);


--
-- Name: customer_pkey; Type: CONSTRAINT; Schema: mochi; Owner: mochidb_owner
--

ALTER TABLE ONLY mochi.customer
    ADD CONSTRAINT customer_pkey PRIMARY KEY (rle_id);


--
-- Name: obj_object_type_id_key; Type: CONSTRAINT; Schema: mochi; Owner: mochidb_owner
--

ALTER TABLE ONLY mochi.obj
    ADD CONSTRAINT obj_object_type_id_key UNIQUE (object_type_id);


--
-- Name: object_pkey; Type: CONSTRAINT; Schema: mochi; Owner: mochidb_owner
--

ALTER TABLE ONLY mochi.obj
    ADD CONSTRAINT object_pkey PRIMARY KEY (object_id);


--
-- Name: object_type_object_type_desc_key; Type: CONSTRAINT; Schema: mochi; Owner: mochidb_owner
--

ALTER TABLE ONLY mochi.object_type
    ADD CONSTRAINT object_type_object_type_desc_key UNIQUE (object_type_desc);


--
-- Name: object_type_pkey; Type: CONSTRAINT; Schema: mochi; Owner: mochidb_owner
--

ALTER TABLE ONLY mochi.object_type
    ADD CONSTRAINT object_type_pkey PRIMARY KEY (object_type_id);


--
-- Name: order_line_ord_id_key; Type: CONSTRAINT; Schema: mochi; Owner: mochidb_owner
--

ALTER TABLE ONLY mochi.order_line
    ADD CONSTRAINT order_line_ord_id_key UNIQUE (ord_id);


--
-- Name: order_line_pkey; Type: CONSTRAINT; Schema: mochi; Owner: mochidb_owner
--

ALTER TABLE ONLY mochi.order_line
    ADD CONSTRAINT order_line_pkey PRIMARY KEY (ord_id, prd_id, ord_lne_no);


--
-- Name: order_line_prd_id_key; Type: CONSTRAINT; Schema: mochi; Owner: mochidb_owner
--

ALTER TABLE ONLY mochi.order_line
    ADD CONSTRAINT order_line_prd_id_key UNIQUE (prd_id);


--
-- Name: orders_pkey; Type: CONSTRAINT; Schema: mochi; Owner: mochidb_owner
--

ALTER TABLE ONLY mochi.orders
    ADD CONSTRAINT orders_pkey PRIMARY KEY (ord_id);


--
-- Name: orders_pty_id_key; Type: CONSTRAINT; Schema: mochi; Owner: mochidb_owner
--

ALTER TABLE ONLY mochi.orders
    ADD CONSTRAINT orders_pty_id_key UNIQUE (pty_id);


--
-- Name: organisation_org_id_key; Type: CONSTRAINT; Schema: mochi; Owner: mochidb_owner
--

ALTER TABLE ONLY mochi.organisation
    ADD CONSTRAINT organisation_org_id_key UNIQUE (org_id);


--
-- Name: party_pkey; Type: CONSTRAINT; Schema: mochi; Owner: mochidb_owner
--

ALTER TABLE ONLY mochi.party
    ADD CONSTRAINT party_pkey PRIMARY KEY (pty_id);


--
-- Name: party_pty_usr_nm_key; Type: CONSTRAINT; Schema: mochi; Owner: mochidb_owner
--

ALTER TABLE ONLY mochi.party
    ADD CONSTRAINT party_pty_usr_nm_key UNIQUE (pty_usr_nm);


--
-- Name: party_type_pkey; Type: CONSTRAINT; Schema: mochi; Owner: mochidb_owner
--

ALTER TABLE ONLY mochi.party_type
    ADD CONSTRAINT party_type_pkey PRIMARY KEY (pty_typ_id);


--
-- Name: party_type_pty_typ_desc_key; Type: CONSTRAINT; Schema: mochi; Owner: mochidb_owner
--

ALTER TABLE ONLY mochi.party_type
    ADD CONSTRAINT party_type_pty_typ_desc_key UNIQUE (pty_typ_desc);


--
-- Name: person_psn_id_key; Type: CONSTRAINT; Schema: mochi; Owner: mochidb_owner
--

ALTER TABLE ONLY mochi.person
    ADD CONSTRAINT person_psn_id_key UNIQUE (psn_id);


--
-- Name: person_role_person_role_desc_key; Type: CONSTRAINT; Schema: mochi; Owner: mochidb_owner
--

ALTER TABLE ONLY mochi.person_role
    ADD CONSTRAINT person_role_person_role_desc_key UNIQUE (person_role_desc);


--
-- Name: person_role_pkey; Type: CONSTRAINT; Schema: mochi; Owner: mochidb_owner
--

ALTER TABLE ONLY mochi.person_role
    ADD CONSTRAINT person_role_pkey PRIMARY KEY (person_role_id);


--
-- Name: poi_pkey; Type: CONSTRAINT; Schema: mochi; Owner: mochidb_owner
--

ALTER TABLE ONLY mochi.point_of_interest
    ADD CONSTRAINT poi_pkey PRIMARY KEY (point_of_interest_id);


--
-- Name: product_attr_lcl_pkey; Type: CONSTRAINT; Schema: mochi; Owner: mochidb_owner
--

ALTER TABLE ONLY mochi.product_attr_lcl
    ADD CONSTRAINT product_attr_lcl_pkey PRIMARY KEY (prd_lcl_id);


--
-- Name: product_pkey; Type: CONSTRAINT; Schema: mochi; Owner: mochidb_owner
--

ALTER TABLE ONLY mochi.product
    ADD CONSTRAINT product_pkey PRIMARY KEY (prd_id);


--
-- Name: role_pkey; Type: CONSTRAINT; Schema: mochi; Owner: mochidb_owner
--

ALTER TABLE ONLY mochi.role
    ADD CONSTRAINT role_pkey PRIMARY KEY (rle_id);


--
-- Name: role_pty_id_key; Type: CONSTRAINT; Schema: mochi; Owner: mochidb_owner
--

ALTER TABLE ONLY mochi.role
    ADD CONSTRAINT role_pty_id_key UNIQUE (pty_id);


--
-- Name: role_type_pkey; Type: CONSTRAINT; Schema: mochi; Owner: mochidb_owner
--

ALTER TABLE ONLY mochi.role_type
    ADD CONSTRAINT role_type_pkey PRIMARY KEY (rle_typ_id);


--
-- Name: role_type_rle_typ_desc_key; Type: CONSTRAINT; Schema: mochi; Owner: mochidb_owner
--

ALTER TABLE ONLY mochi.role_type
    ADD CONSTRAINT role_type_rle_typ_desc_key UNIQUE (rle_typ_desc);


--
-- Name: spring_session_attributes_pk; Type: CONSTRAINT; Schema: mochi; Owner: mochidb_owner
--

ALTER TABLE ONLY mochi.spring_session_attributes
    ADD CONSTRAINT spring_session_attributes_pk PRIMARY KEY (session_id, attribute_name);


--
-- Name: spring_session_pk; Type: CONSTRAINT; Schema: mochi; Owner: mochidb_owner
--

ALTER TABLE ONLY mochi.spring_session
    ADD CONSTRAINT spring_session_pk PRIMARY KEY (session_id);


--
-- Name: uc_prd_lcl_1; Type: CONSTRAINT; Schema: mochi; Owner: mochidb_owner
--

ALTER TABLE ONLY mochi.product_attr_lcl
    ADD CONSTRAINT uc_prd_lcl_1 UNIQUE (prd_id, lcl_cd);


--
-- Name: authority_name; Type: CONSTRAINT; Schema: security; Owner: security_owner
--

ALTER TABLE ONLY security.authority
    ADD CONSTRAINT authority_name UNIQUE (name);


--
-- Name: authority_pkey; Type: CONSTRAINT; Schema: security; Owner: security_owner
--

ALTER TABLE ONLY security.authority
    ADD CONSTRAINT authority_pkey PRIMARY KEY (id);


--
-- Name: clientdetails_pkey; Type: CONSTRAINT; Schema: security; Owner: security_owner
--

ALTER TABLE ONLY security.clientdetails
    ADD CONSTRAINT clientdetails_pkey PRIMARY KEY (appid);


--
-- Name: oauth_access_token_pkey; Type: CONSTRAINT; Schema: security; Owner: security_owner
--

ALTER TABLE ONLY security.oauth_access_token
    ADD CONSTRAINT oauth_access_token_pkey PRIMARY KEY (authentication_id);


--
-- Name: oauth_client_details_pkey; Type: CONSTRAINT; Schema: security; Owner: security_owner
--

ALTER TABLE ONLY security.oauth_client_details
    ADD CONSTRAINT oauth_client_details_pkey PRIMARY KEY (client_id);


--
-- Name: oauth_client_token_pkey; Type: CONSTRAINT; Schema: security; Owner: security_owner
--

ALTER TABLE ONLY security.oauth_client_token
    ADD CONSTRAINT oauth_client_token_pkey PRIMARY KEY (authentication_id);


--
-- Name: ukana6i0racv9b9d5dx3mlwho9p; Type: CONSTRAINT; Schema: security; Owner: security_owner
--

ALTER TABLE ONLY security.authority
    ADD CONSTRAINT ukana6i0racv9b9d5dx3mlwho9p UNIQUE (name);


--
-- Name: ukcfu5mc57wynm82447fk7rs4dw; Type: CONSTRAINT; Schema: security; Owner: security_owner
--

ALTER TABLE ONLY security.user_
    ADD CONSTRAINT ukcfu5mc57wynm82447fk7rs4dw UNIQUE (user_name);


--
-- Name: user__pkey; Type: CONSTRAINT; Schema: security; Owner: security_owner
--

ALTER TABLE ONLY security.user_
    ADD CONSTRAINT user__pkey PRIMARY KEY (id);


--
-- Name: user_user_name; Type: CONSTRAINT; Schema: security; Owner: security_owner
--

ALTER TABLE ONLY security.user_
    ADD CONSTRAINT user_user_name UNIQUE (user_name);


--
-- Name: users_authorities_pkey; Type: CONSTRAINT; Schema: security; Owner: security_owner
--

ALTER TABLE ONLY security.users_authorities
    ADD CONSTRAINT users_authorities_pkey PRIMARY KEY (user_id, authority_id);


--
-- Name: role_role_typ_id_role_start_dttm_party_id_key; Type: INDEX; Schema: mochi; Owner: mochidb_owner
--

CREATE UNIQUE INDEX role_role_typ_id_role_start_dttm_party_id_key ON mochi.role USING btree (rle_typ_id, rle_start_dttm, pty_id);


--
-- Name: spring_session_ix1; Type: INDEX; Schema: mochi; Owner: mochidb_owner
--

CREATE INDEX spring_session_ix1 ON mochi.spring_session USING btree (last_access_time);


--
-- Name: customer_role_id_fkey; Type: FK CONSTRAINT; Schema: mochi; Owner: mochidb_owner
--

ALTER TABLE ONLY mochi.customer
    ADD CONSTRAINT customer_role_id_fkey FOREIGN KEY (rle_id) REFERENCES mochi.role(rle_id) ON UPDATE RESTRICT ON DELETE RESTRICT;


--
-- Name: fk16beha00cy8eptif4sbu2clqo; Type: FK CONSTRAINT; Schema: mochi; Owner: mochidb_owner
--

ALTER TABLE ONLY mochi.party
    ADD CONSTRAINT fk16beha00cy8eptif4sbu2clqo FOREIGN KEY (pty_typ_id) REFERENCES mochi.party_type(pty_typ_id);


--
-- Name: fk3nb2g56ldyj9w6yhjvvbg6jds; Type: FK CONSTRAINT; Schema: mochi; Owner: mochidb_owner
--

ALTER TABLE ONLY mochi.person
    ADD CONSTRAINT fk3nb2g56ldyj9w6yhjvvbg6jds FOREIGN KEY (psn_id) REFERENCES mochi.party(pty_id);


--
-- Name: fk41hhsex81t9v5r824kj6iswte; Type: FK CONSTRAINT; Schema: mochi; Owner: mochidb_owner
--

ALTER TABLE ONLY mochi.role
    ADD CONSTRAINT fk41hhsex81t9v5r824kj6iswte FOREIGN KEY (rle_typ_id) REFERENCES mochi.role_type(rle_typ_id);


--
-- Name: fk6san5a9inopp7pc11bg0bknfp; Type: FK CONSTRAINT; Schema: mochi; Owner: mochidb_owner
--

ALTER TABLE ONLY mochi.customer
    ADD CONSTRAINT fk6san5a9inopp7pc11bg0bknfp FOREIGN KEY (rle_id) REFERENCES mochi.role(rle_id);


--
-- Name: fk8faf5gx3756ce2glbocanqrn; Type: FK CONSTRAINT; Schema: mochi; Owner: mochidb_owner
--

ALTER TABLE ONLY mochi.role
    ADD CONSTRAINT fk8faf5gx3756ce2glbocanqrn FOREIGN KEY (pty_id) REFERENCES mochi.party(pty_id);


--
-- Name: fk8xaoek9akfog0i1bof7tp5foy; Type: FK CONSTRAINT; Schema: mochi; Owner: mochidb_owner
--

ALTER TABLE ONLY mochi.product_attr_lcl
    ADD CONSTRAINT fk8xaoek9akfog0i1bof7tp5foy FOREIGN KEY (prd_id) REFERENCES mochi.product(prd_id);


--
-- Name: fk_object_point_of_interest; Type: FK CONSTRAINT; Schema: mochi; Owner: mochidb_owner
--

ALTER TABLE ONLY mochi.point_of_interest
    ADD CONSTRAINT fk_object_point_of_interest FOREIGN KEY (point_of_interest_id) REFERENCES mochi.obj(object_id) ON UPDATE RESTRICT ON DELETE RESTRICT;


--
-- Name: fkkgqjo83pceeu7xt1g5l73p09u; Type: FK CONSTRAINT; Schema: mochi; Owner: mochidb_owner
--

ALTER TABLE ONLY mochi.organisation
    ADD CONSTRAINT fkkgqjo83pceeu7xt1g5l73p09u FOREIGN KEY (org_id) REFERENCES mochi.party(pty_id);


--
-- Name: obj_object_type_id_fkey; Type: FK CONSTRAINT; Schema: mochi; Owner: mochidb_owner
--

ALTER TABLE ONLY mochi.obj
    ADD CONSTRAINT obj_object_type_id_fkey FOREIGN KEY (object_type_id) REFERENCES mochi.object_type(object_type_id) ON UPDATE RESTRICT ON DELETE RESTRICT;


--
-- Name: order_line_order_id_fkey; Type: FK CONSTRAINT; Schema: mochi; Owner: mochidb_owner
--

ALTER TABLE ONLY mochi.order_line
    ADD CONSTRAINT order_line_order_id_fkey FOREIGN KEY (ord_id) REFERENCES mochi.orders(ord_id) ON UPDATE RESTRICT ON DELETE RESTRICT;


--
-- Name: order_line_product_id_fkey; Type: FK CONSTRAINT; Schema: mochi; Owner: mochidb_owner
--

ALTER TABLE ONLY mochi.order_line
    ADD CONSTRAINT order_line_product_id_fkey FOREIGN KEY (prd_id) REFERENCES mochi.product(prd_id) ON UPDATE RESTRICT ON DELETE RESTRICT;


--
-- Name: orders_party_id_fkey; Type: FK CONSTRAINT; Schema: mochi; Owner: mochidb_owner
--

ALTER TABLE ONLY mochi.orders
    ADD CONSTRAINT orders_party_id_fkey FOREIGN KEY (pty_id) REFERENCES mochi.party(pty_id) ON UPDATE RESTRICT ON DELETE RESTRICT;


--
-- Name: organisation_org_id_fkey; Type: FK CONSTRAINT; Schema: mochi; Owner: mochidb_owner
--

ALTER TABLE ONLY mochi.organisation
    ADD CONSTRAINT organisation_org_id_fkey FOREIGN KEY (org_id) REFERENCES mochi.party(pty_id) ON UPDATE RESTRICT ON DELETE RESTRICT;


--
-- Name: party_pty_typ_id_fkey; Type: FK CONSTRAINT; Schema: mochi; Owner: mochidb_owner
--

ALTER TABLE ONLY mochi.party
    ADD CONSTRAINT party_pty_typ_id_fkey FOREIGN KEY (pty_typ_id) REFERENCES mochi.party_type(pty_typ_id) ON UPDATE RESTRICT ON DELETE RESTRICT;


--
-- Name: person_person_id_fkey; Type: FK CONSTRAINT; Schema: mochi; Owner: mochidb_owner
--

ALTER TABLE ONLY mochi.person
    ADD CONSTRAINT person_person_id_fkey FOREIGN KEY (psn_id) REFERENCES mochi.party(pty_id) ON UPDATE RESTRICT ON DELETE RESTRICT;


--
-- Name: product_attr_lcl_prd_id_fkey; Type: FK CONSTRAINT; Schema: mochi; Owner: mochidb_owner
--

ALTER TABLE ONLY mochi.product_attr_lcl
    ADD CONSTRAINT product_attr_lcl_prd_id_fkey FOREIGN KEY (prd_id) REFERENCES mochi.product(prd_id) ON UPDATE RESTRICT ON DELETE RESTRICT;


--
-- Name: role_party_id_fkey; Type: FK CONSTRAINT; Schema: mochi; Owner: mochidb_owner
--

ALTER TABLE ONLY mochi.role
    ADD CONSTRAINT role_party_id_fkey FOREIGN KEY (pty_id) REFERENCES mochi.party(pty_id) ON UPDATE RESTRICT ON DELETE RESTRICT;


--
-- Name: role_role_typ_id_fkey; Type: FK CONSTRAINT; Schema: mochi; Owner: mochidb_owner
--

ALTER TABLE ONLY mochi.role
    ADD CONSTRAINT role_role_typ_id_fkey FOREIGN KEY (rle_typ_id) REFERENCES mochi.role_type(rle_typ_id) ON UPDATE RESTRICT ON DELETE RESTRICT;


--
-- Name: spring_session_attributes_fk; Type: FK CONSTRAINT; Schema: mochi; Owner: mochidb_owner
--

ALTER TABLE ONLY mochi.spring_session_attributes
    ADD CONSTRAINT spring_session_attributes_fk FOREIGN KEY (session_id) REFERENCES mochi.spring_session(session_id) ON DELETE CASCADE;


--
-- Name: fk5dnl183qsxsmiybiy9iwn7mxs; Type: FK CONSTRAINT; Schema: security; Owner: security_owner
--

ALTER TABLE ONLY security.users_authorities
    ADD CONSTRAINT fk5dnl183qsxsmiybiy9iwn7mxs FOREIGN KEY (user_id) REFERENCES security.user_(id);


--
-- Name: fkn5enf4m16krdrfo2lygs0et1h; Type: FK CONSTRAINT; Schema: security; Owner: security_owner
--

ALTER TABLE ONLY security.users_authorities
    ADD CONSTRAINT fkn5enf4m16krdrfo2lygs0et1h FOREIGN KEY (authority_id) REFERENCES security.authority(id);


--
-- Name: test_constraint; Type: FK CONSTRAINT; Schema: security; Owner: security_owner
--

ALTER TABLE ONLY security.users_authorities
    ADD CONSTRAINT test_constraint FOREIGN KEY (authority_id) REFERENCES security.authority(id);


--
-- Name: users_authorities_authority; Type: FK CONSTRAINT; Schema: security; Owner: security_owner
--

ALTER TABLE ONLY security.users_authorities
    ADD CONSTRAINT users_authorities_authority FOREIGN KEY (authority_id) REFERENCES security.authority(id);


--
-- Name: users_authorities_authority_1; Type: FK CONSTRAINT; Schema: security; Owner: security_owner
--

ALTER TABLE ONLY security.users_authorities
    ADD CONSTRAINT users_authorities_authority_1 FOREIGN KEY (authority_id) REFERENCES security.authority(id);


--
-- Name: users_authorities_user_; Type: FK CONSTRAINT; Schema: security; Owner: security_owner
--

ALTER TABLE ONLY security.users_authorities
    ADD CONSTRAINT users_authorities_user_ FOREIGN KEY (user_id) REFERENCES security.user_(id);


--
-- Name: users_authorities_user_1; Type: FK CONSTRAINT; Schema: security; Owner: security_owner
--

ALTER TABLE ONLY security.users_authorities
    ADD CONSTRAINT users_authorities_user_1 FOREIGN KEY (user_id) REFERENCES security.user_(id);


--
-- Name: SCHEMA mochi; Type: ACL; Schema: -; Owner: mochidb_owner
--

REVOKE ALL ON SCHEMA mochi FROM PUBLIC;
REVOKE ALL ON SCHEMA mochi FROM mochidb_owner;
GRANT ALL ON SCHEMA mochi TO mochidb_owner;
GRANT USAGE ON SCHEMA mochi TO mochi_app;


--
-- Name: SCHEMA public; Type: ACL; Schema: -; Owner: postgres
--

REVOKE ALL ON SCHEMA public FROM PUBLIC;
REVOKE ALL ON SCHEMA public FROM postgres;
GRANT ALL ON SCHEMA public TO postgres;
GRANT ALL ON SCHEMA public TO PUBLIC;


--
-- Name: SCHEMA security; Type: ACL; Schema: -; Owner: security_owner
--

REVOKE ALL ON SCHEMA security FROM PUBLIC;
REVOKE ALL ON SCHEMA security FROM security_owner;
GRANT ALL ON SCHEMA security TO security_owner;


--
-- Name: TABLE customer; Type: ACL; Schema: mochi; Owner: mochidb_owner
--

REVOKE ALL ON TABLE mochi.customer FROM PUBLIC;
REVOKE ALL ON TABLE mochi.customer FROM mochidb_owner;
GRANT ALL ON TABLE mochi.customer TO mochidb_owner;
GRANT SELECT,INSERT,DELETE,UPDATE ON TABLE mochi.customer TO mochi_app;


--
-- Name: TABLE obj; Type: ACL; Schema: mochi; Owner: mochidb_owner
--

REVOKE ALL ON TABLE mochi.obj FROM PUBLIC;
REVOKE ALL ON TABLE mochi.obj FROM mochidb_owner;
GRANT ALL ON TABLE mochi.obj TO mochidb_owner;
GRANT SELECT,INSERT,DELETE,UPDATE ON TABLE mochi.obj TO mochi_app;


--
-- Name: TABLE object_type; Type: ACL; Schema: mochi; Owner: mochidb_owner
--

REVOKE ALL ON TABLE mochi.object_type FROM PUBLIC;
REVOKE ALL ON TABLE mochi.object_type FROM mochidb_owner;
GRANT ALL ON TABLE mochi.object_type TO mochidb_owner;
GRANT SELECT,INSERT,DELETE,UPDATE ON TABLE mochi.object_type TO mochi_app;


--
-- Name: TABLE order_line; Type: ACL; Schema: mochi; Owner: mochidb_owner
--

REVOKE ALL ON TABLE mochi.order_line FROM PUBLIC;
REVOKE ALL ON TABLE mochi.order_line FROM mochidb_owner;
GRANT ALL ON TABLE mochi.order_line TO mochidb_owner;
GRANT SELECT,INSERT,DELETE,UPDATE ON TABLE mochi.order_line TO mochi_app;


--
-- Name: TABLE orders; Type: ACL; Schema: mochi; Owner: mochidb_owner
--

REVOKE ALL ON TABLE mochi.orders FROM PUBLIC;
REVOKE ALL ON TABLE mochi.orders FROM mochidb_owner;
GRANT ALL ON TABLE mochi.orders TO mochidb_owner;
GRANT SELECT,INSERT,DELETE,UPDATE ON TABLE mochi.orders TO mochi_app;


--
-- Name: TABLE organisation; Type: ACL; Schema: mochi; Owner: mochidb_owner
--

REVOKE ALL ON TABLE mochi.organisation FROM PUBLIC;
REVOKE ALL ON TABLE mochi.organisation FROM mochidb_owner;
GRANT ALL ON TABLE mochi.organisation TO mochidb_owner;
GRANT SELECT,INSERT,DELETE,UPDATE ON TABLE mochi.organisation TO mochi_app;


--
-- Name: TABLE party; Type: ACL; Schema: mochi; Owner: mochidb_owner
--

REVOKE ALL ON TABLE mochi.party FROM PUBLIC;
REVOKE ALL ON TABLE mochi.party FROM mochidb_owner;
GRANT ALL ON TABLE mochi.party TO mochidb_owner;
GRANT SELECT,INSERT,DELETE,UPDATE ON TABLE mochi.party TO mochi_app;


--
-- Name: TABLE party_type; Type: ACL; Schema: mochi; Owner: mochidb_owner
--

REVOKE ALL ON TABLE mochi.party_type FROM PUBLIC;
REVOKE ALL ON TABLE mochi.party_type FROM mochidb_owner;
GRANT ALL ON TABLE mochi.party_type TO mochidb_owner;
GRANT SELECT,INSERT,DELETE,UPDATE ON TABLE mochi.party_type TO mochi_app;


--
-- Name: TABLE person; Type: ACL; Schema: mochi; Owner: mochidb_owner
--

REVOKE ALL ON TABLE mochi.person FROM PUBLIC;
REVOKE ALL ON TABLE mochi.person FROM mochidb_owner;
GRANT ALL ON TABLE mochi.person TO mochidb_owner;
GRANT SELECT,INSERT,DELETE,UPDATE ON TABLE mochi.person TO mochi_app;


--
-- Name: TABLE person_role; Type: ACL; Schema: mochi; Owner: mochidb_owner
--

REVOKE ALL ON TABLE mochi.person_role FROM PUBLIC;
REVOKE ALL ON TABLE mochi.person_role FROM mochidb_owner;
GRANT ALL ON TABLE mochi.person_role TO mochidb_owner;
GRANT SELECT,INSERT,DELETE,UPDATE ON TABLE mochi.person_role TO mochi_app;


--
-- Name: TABLE point_of_interest; Type: ACL; Schema: mochi; Owner: mochidb_owner
--

REVOKE ALL ON TABLE mochi.point_of_interest FROM PUBLIC;
REVOKE ALL ON TABLE mochi.point_of_interest FROM mochidb_owner;
GRANT ALL ON TABLE mochi.point_of_interest TO mochidb_owner;
GRANT SELECT,INSERT,DELETE,UPDATE ON TABLE mochi.point_of_interest TO mochi_app;


--
-- Name: TABLE product; Type: ACL; Schema: mochi; Owner: mochidb_owner
--

REVOKE ALL ON TABLE mochi.product FROM PUBLIC;
REVOKE ALL ON TABLE mochi.product FROM mochidb_owner;
GRANT ALL ON TABLE mochi.product TO mochidb_owner;
GRANT SELECT,INSERT,DELETE,UPDATE ON TABLE mochi.product TO mochi_app;


--
-- Name: TABLE product_attr_lcl; Type: ACL; Schema: mochi; Owner: mochidb_owner
--

REVOKE ALL ON TABLE mochi.product_attr_lcl FROM PUBLIC;
REVOKE ALL ON TABLE mochi.product_attr_lcl FROM mochidb_owner;
GRANT ALL ON TABLE mochi.product_attr_lcl TO mochidb_owner;
GRANT SELECT,INSERT,DELETE,UPDATE ON TABLE mochi.product_attr_lcl TO mochi_app;


--
-- Name: TABLE role; Type: ACL; Schema: mochi; Owner: mochidb_owner
--

REVOKE ALL ON TABLE mochi.role FROM PUBLIC;
REVOKE ALL ON TABLE mochi.role FROM mochidb_owner;
GRANT ALL ON TABLE mochi.role TO mochidb_owner;
GRANT SELECT,INSERT,DELETE,UPDATE ON TABLE mochi.role TO mochi_app;


--
-- Name: TABLE role_type; Type: ACL; Schema: mochi; Owner: mochidb_owner
--

REVOKE ALL ON TABLE mochi.role_type FROM PUBLIC;
REVOKE ALL ON TABLE mochi.role_type FROM mochidb_owner;
GRANT ALL ON TABLE mochi.role_type TO mochidb_owner;
GRANT SELECT,INSERT,DELETE,UPDATE ON TABLE mochi.role_type TO mochi_app;


--
-- Name: TABLE spring_session; Type: ACL; Schema: mochi; Owner: mochidb_owner
--

REVOKE ALL ON TABLE mochi.spring_session FROM PUBLIC;
REVOKE ALL ON TABLE mochi.spring_session FROM mochidb_owner;
GRANT ALL ON TABLE mochi.spring_session TO mochidb_owner;
GRANT SELECT,INSERT,DELETE,UPDATE ON TABLE mochi.spring_session TO mochi_app;


--
-- Name: TABLE spring_session_attributes; Type: ACL; Schema: mochi; Owner: mochidb_owner
--

REVOKE ALL ON TABLE mochi.spring_session_attributes FROM PUBLIC;
REVOKE ALL ON TABLE mochi.spring_session_attributes FROM mochidb_owner;
GRANT ALL ON TABLE mochi.spring_session_attributes TO mochidb_owner;
GRANT SELECT,INSERT,DELETE,UPDATE ON TABLE mochi.spring_session_attributes TO mochi_app;


--
-- Name: TABLE clientdetails; Type: ACL; Schema: security; Owner: security_owner
--

REVOKE ALL ON TABLE security.clientdetails FROM PUBLIC;
REVOKE ALL ON TABLE security.clientdetails FROM security_owner;
GRANT ALL ON TABLE security.clientdetails TO security_owner;


--
-- Name: TABLE oauth_access_token; Type: ACL; Schema: security; Owner: security_owner
--

REVOKE ALL ON TABLE security.oauth_access_token FROM PUBLIC;
REVOKE ALL ON TABLE security.oauth_access_token FROM security_owner;
GRANT ALL ON TABLE security.oauth_access_token TO security_owner;


--
-- Name: TABLE oauth_approvals; Type: ACL; Schema: security; Owner: security_owner
--

REVOKE ALL ON TABLE security.oauth_approvals FROM PUBLIC;
REVOKE ALL ON TABLE security.oauth_approvals FROM security_owner;
GRANT ALL ON TABLE security.oauth_approvals TO security_owner;


--
-- Name: TABLE oauth_client_details; Type: ACL; Schema: security; Owner: security_owner
--

REVOKE ALL ON TABLE security.oauth_client_details FROM PUBLIC;
REVOKE ALL ON TABLE security.oauth_client_details FROM security_owner;
GRANT ALL ON TABLE security.oauth_client_details TO security_owner;


--
-- Name: TABLE oauth_client_token; Type: ACL; Schema: security; Owner: security_owner
--

REVOKE ALL ON TABLE security.oauth_client_token FROM PUBLIC;
REVOKE ALL ON TABLE security.oauth_client_token FROM security_owner;
GRANT ALL ON TABLE security.oauth_client_token TO security_owner;


--
-- Name: TABLE oauth_code; Type: ACL; Schema: security; Owner: security_owner
--

REVOKE ALL ON TABLE security.oauth_code FROM PUBLIC;
REVOKE ALL ON TABLE security.oauth_code FROM security_owner;
GRANT ALL ON TABLE security.oauth_code TO security_owner;


--
-- Name: TABLE oauth_refresh_token; Type: ACL; Schema: security; Owner: security_owner
--

REVOKE ALL ON TABLE security.oauth_refresh_token FROM PUBLIC;
REVOKE ALL ON TABLE security.oauth_refresh_token FROM security_owner;
GRANT ALL ON TABLE security.oauth_refresh_token TO security_owner;


--
-- PostgreSQL database dump complete
--

